OG	Pucciniomycotina_yeast	Taphrinomycotina_yeast	Ustilaginomycotina_yeast	Agaricomycotina_yeast	Saccharomycotina_yeast	Pezizomycotina_yeast
OG0000001	0	0	0	0	1	1
OG0000002	0	0	0	0	1	1
OG0000003	1	0	0	0	0	0
OG0000004	0	0	0	1	0	0
OG0000006	0	0	0	1	0	0
OG0000012	1	1	0	0	0	1
OG0000015	0	0	0	0	0	1
OG0000016	0	0	0	1	0	0
OG0000022	0	1	0	0	1	1
OG0000025	1	1	0	0	0	1
OG0000028	0	1	0	1	0	0
OG0000029	1	0	0	0	0	1
OG0000030	0	0	0	1	0	1
OG0000031	0	0	0	0	0	1
OG0000033	0	0	0	1	0	0
OG0000035	0	0	0	0	0	1
OG0000037	0	0	0	0	0	1
OG0000041	1	0	0	0	0	0
OG0000042	0	0	0	1	0	0
OG0000043	0	0	0	0	0	1
OG0000044	0	0	0	1	0	0
OG0000049	0	0	0	0	0	1
OG0000051	0	1	0	0	0	1
OG0000052	0	1	0	0	0	0
OG0000056	1	0	0	1	0	0
OG0000057	0	1	0	0	0	0
OG0000058	0	0	0	0	0	1
OG0000062	0	0	0	1	0	0
OG0000068	0	1	0	0	0	0
OG0000069	0	1	0	0	0	0
OG0000072	0	0	0	1	0	0
OG0000073	0	0	0	1	0	0
OG0000078	0	0	0	1	1	0
OG0000089	0	1	0	0	0	1
OG0000092	1	0	0	1	0	0
OG0000093	1	0	0	1	0	0
OG0000096	0	0	0	1	0	0
OG0000098	0	0	1	1	1	0
OG0000103	0	0	0	0	0	1
OG0000105	0	0	0	0	1	1
OG0000107	0	0	0	0	0	1
OG0000108	1	0	0	0	0	0
OG0000109	0	1	0	0	0	0
OG0000110	0	0	0	0	0	1
OG0000112	0	0	0	0	0	1
OG0000113	1	0	0	1	0	0
OG0000115	0	0	0	0	0	1
OG0000118	1	0	0	0	0	0
OG0000119	0	0	0	1	0	0
OG0000120	1	0	0	1	1	0
OG0000121	0	0	1	1	0	0
OG0000126	0	1	0	1	1	0
OG0000128	0	0	0	0	0	1
OG0000129	0	0	0	1	0	0
OG0000135	0	0	0	0	0	1
OG0000137	0	0	0	0	0	1
OG0000138	0	0	0	0	0	1
OG0000139	1	0	0	1	0	0
OG0000146	1	0	0	0	0	0
OG0000148	0	0	0	0	0	1
OG0000150	0	1	0	0	0	0
OG0000154	0	0	0	0	1	0
OG0000158	0	0	0	0	1	0
OG0000167	1	0	0	0	0	0
OG0000168	0	0	0	1	0	0
OG0000173	0	0	1	0	0	0
OG0000175	1	0	0	0	0	0
OG0000176	0	0	0	0	1	1
OG0000179	0	0	0	0	1	0
OG0000183	1	0	0	0	0	0
OG0000189	0	1	0	0	0	0
OG0000190	1	0	0	0	0	0
OG0000191	0	1	0	0	0	0
OG0000199	0	0	0	1	0	0
OG0000200	0	0	0	0	0	1
OG0000201	0	0	0	0	0	1
OG0000204	0	0	0	0	0	1
OG0000215	0	0	0	0	0	1
OG0000219	0	0	0	0	0	1
OG0000223	0	0	0	1	0	0
OG0000228	0	0	0	1	0	0
OG0000229	1	0	1	0	0	0
OG0000231	0	0	0	1	0	0
OG0000233	0	0	0	1	0	0
OG0000234	1	0	0	1	0	0
OG0000238	0	0	0	0	1	0
OG0000244	0	1	0	1	0	1
OG0000246	0	0	0	0	1	0
OG0000251	1	0	0	0	1	0
OG0000253	0	0	0	1	0	0
OG0000261	0	0	0	0	0	1
OG0000263	0	0	0	0	0	1
OG0000265	0	0	0	1	0	0
OG0000266	0	0	0	1	0	0
OG0000281	0	0	0	1	0	0
OG0000289	0	0	0	0	1	0
OG0000290	1	0	0	1	0	0
OG0000291	0	0	0	0	0	1
OG0000294	1	0	0	0	0	0
OG0000300	0	0	1	0	0	0
OG0000304	0	0	0	0	0	1
OG0000311	1	0	0	0	1	0
OG0000314	1	1	0	1	1	0
OG0000318	0	1	0	1	0	0
OG0000329	1	0	0	0	0	0
OG0000330	0	0	0	0	1	0
OG0000332	0	0	0	0	1	1
OG0000333	0	0	0	1	0	0
OG0000338	1	0	0	0	0	0
OG0000348	0	0	0	1	0	0
OG0000350	0	0	0	0	0	1
OG0000351	0	0	0	0	0	1
OG0000355	1	0	0	1	0	0
OG0000359	1	0	0	1	0	0
OG0000361	0	0	0	0	0	1
OG0000375	0	0	0	1	0	0
OG0000385	0	0	1	0	1	1
OG0000387	0	0	0	1	0	0
OG0000388	0	1	0	0	0	0
OG0000392	0	0	0	1	0	0
OG0000398	0	0	0	0	1	0
OG0000399	0	0	0	0	0	1
OG0000400	0	0	0	0	0	1
OG0000407	0	0	0	0	0	1
OG0000410	0	0	0	0	1	1
OG0000418	0	0	0	1	0	0
OG0000419	0	1	0	0	0	0
OG0000420	0	0	0	1	0	0
OG0000429	0	0	0	0	1	0
OG0000430	0	0	0	0	1	0
OG0000432	0	0	0	1	1	0
OG0000453	1	0	0	0	1	0
OG0000462	1	0	0	0	0	0
OG0000465	0	0	0	0	1	0
OG0000467	1	0	0	0	0	0
OG0000468	0	0	0	1	0	0
OG0000474	1	0	0	1	0	0
OG0000475	1	0	0	1	0	0
OG0000476	1	0	0	1	0	0
OG0000477	1	0	1	0	0	0
OG0000488	0	0	0	0	0	1
OG0000490	0	0	0	1	0	0
OG0000496	1	0	0	0	0	0
OG0000504	0	0	0	0	1	0
OG0000507	0	1	0	0	0	1
OG0000515	0	0	0	1	0	0
OG0000516	1	1	0	0	0	0
OG0000519	1	0	0	0	0	1
OG0000520	0	0	0	0	1	0
OG0000523	0	0	0	0	0	1
OG0000533	0	0	0	0	1	0
OG0000537	1	0	0	0	0	0
OG0000538	0	0	0	1	0	0
OG0000543	0	0	0	0	1	0
OG0000549	1	0	0	0	0	0
OG0000579	0	1	0	0	0	0
OG0000596	1	0	0	1	0	0
OG0000597	0	0	0	1	0	0
OG0000603	0	0	0	1	0	0
OG0000607	0	0	0	0	1	0
OG0000610	0	0	0	0	0	1
OG0000619	0	0	0	0	1	0
OG0000624	0	0	0	0	0	1
OG0000631	1	0	0	1	1	0
OG0000641	0	1	0	0	0	1
OG0000649	1	0	0	0	0	0
OG0000650	0	0	0	0	1	0
OG0000669	0	0	0	0	0	1
OG0000676	1	0	0	1	0	0
OG0000684	1	0	1	1	0	1
OG0000686	0	0	0	0	1	0
OG0000689	0	1	0	1	0	0
OG0000692	1	0	0	1	0	0
OG0000695	0	0	0	0	1	0
OG0000696	1	0	0	0	0	0
OG0000699	0	0	0	0	1	0
OG0000700	0	0	0	1	0	0
OG0000701	0	0	0	1	0	0
OG0000720	1	0	0	1	0	0
OG0000723	1	0	0	1	0	0
OG0000727	1	0	0	1	0	0
OG0000730	0	0	0	0	0	1
OG0000747	0	0	0	0	1	0
OG0000753	1	0	0	1	0	0
OG0000759	1	0	0	0	1	1
OG0000785	0	0	0	1	1	0
OG0000789	0	0	0	0	0	1
OG0000805	0	0	0	1	0	0
OG0000834	1	0	0	0	1	0
OG0000837	1	0	0	1	0	0
OG0000842	0	0	0	1	1	0
OG0000853	1	0	0	0	0	0
OG0000854	0	0	0	1	1	0
OG0000857	0	0	0	0	1	0
OG0000864	0	0	0	0	1	0
OG0000875	0	0	0	0	1	0
OG0000914	1	0	0	1	0	0
OG0000916	0	0	0	0	1	0
OG0000924	0	0	0	0	0	1
OG0000928	0	0	0	1	0	0
OG0000935	0	0	0	0	0	1
OG0000952	1	0	0	1	0	0
OG0000960	0	1	0	0	0	0
OG0000987	0	0	0	1	0	0
OG0000989	0	0	0	1	0	0
OG0000995	1	0	0	1	0	0
OG0000997	0	0	0	1	0	0
OG0001053	0	0	0	1	0	0
OG0001075	1	0	0	0	0	0
OG0001136	0	0	0	0	0	1
OG0001154	0	0	0	1	0	0
OG0001157	0	0	0	1	0	0
OG0001158	0	0	0	1	0	0
OG0001195	0	0	0	1	0	0
OG0001240	0	0	0	1	0	0
OG0001259	1	0	0	0	0	0
OG0001267	0	0	0	0	1	0
OG0001268	0	0	0	0	1	0
OG0001274	1	0	0	0	0	0
OG0001275	0	0	0	0	1	0
OG0001284	1	0	0	0	0	0
OG0001398	1	0	0	0	0	0
OG0001399	0	0	0	1	0	0
OG0001401	0	0	0	0	1	0
OG0001413	1	0	0	1	0	0
OG0001507	0	0	0	1	0	0
OG0001533	0	0	0	0	1	0
OG0001535	0	0	0	1	0	0
OG0001546	0	0	0	0	1	0
OG0001570	0	0	0	0	0	1
OG0001605	1	0	0	0	1	0
OG0001613	0	1	0	0	0	0
OG0001749	0	0	0	0	1	0
OG0001759	0	0	0	0	0	1
OG0001807	0	0	0	1	0	0
OG0002041	1	1	0	0	0	0
OG0002044	0	0	0	0	1	0
OG0002049	1	0	0	0	0	0
OG0002084	1	0	0	0	0	0
OG0002321	0	1	0	0	0	0
OG0002348	0	0	0	1	0	1
OG0002413	0	1	0	0	0	0
OG0002418	0	1	0	0	0	0
OG0002422	0	0	0	0	1	0
OG0002588	0	0	0	0	1	0
OG0002618	0	0	0	0	1	1
OG0002644	0	1	0	0	0	0
OG0002657	0	0	0	0	1	0
OG0002737	0	1	0	0	1	0
OG0002757	0	0	0	0	0	1
OG0002765	0	0	0	0	1	1
OG0002766	0	0	0	1	0	0
OG0002779	0	1	0	0	0	0
OG0002783	0	0	0	0	1	0
OG0002828	0	0	0	0	1	0
OG0002950	0	0	0	0	0	1
OG0002985	1	1	0	0	1	0
OG0002992	1	0	0	1	0	0
OG0003003	0	0	0	1	0	0
OG0003062	0	0	0	0	0	1
OG0003069	0	0	0	1	0	0
OG0003093	0	1	0	0	1	1
OG0003098	0	0	0	0	0	1
OG0003138	0	0	0	1	0	0
OG0003139	0	1	0	1	1	1
OG0003143	0	0	0	0	1	0
OG0003163	0	0	0	0	1	0
OG0003166	0	0	0	0	0	1
OG0003170	0	0	0	0	1	0
OG0003173	0	0	0	1	0	0
OG0003198	0	0	0	1	0	0
OG0003201	1	0	0	0	0	0
OG0003207	1	0	0	0	0	0
OG0003217	0	0	0	1	0	0
OG0003230	0	0	0	0	1	0
OG0003233	0	1	0	0	0	0
OG0003267	0	0	0	1	1	0
OG0003268	0	0	0	0	0	1
OG0003269	0	0	0	0	0	1
OG0003270	0	0	0	1	0	0
OG0003332	0	0	0	1	0	0
OG0003352	0	1	0	0	0	0
OG0003361	0	0	0	1	0	0
OG0003364	1	0	0	0	0	0
OG0003369	0	0	0	1	0	0
OG0003385	0	0	0	0	1	0
OG0003388	0	0	0	0	0	1
OG0003389	0	0	0	0	1	0
OG0003391	0	1	0	0	0	0
OG0003394	1	0	0	0	0	0
OG0003396	0	0	0	0	0	1
OG0003423	1	0	0	0	0	0
OG0003433	0	0	0	0	1	0
OG0003445	0	1	0	0	0	0
OG0003460	0	0	0	1	0	0
OG0003462	0	0	0	1	0	0
OG0003469	0	0	0	1	0	0
OG0003479	0	0	0	0	0	1
OG0003480	0	0	0	1	0	0
OG0003490	1	0	0	0	0	0
OG0003500	1	0	0	0	1	0
OG0003544	1	0	0	0	0	0
OG0003551	0	0	0	1	0	0
OG0003552	0	0	0	1	0	0
OG0003556	0	1	0	0	0	0
OG0003576	0	0	0	1	0	0
OG0003580	0	0	0	1	0	0
OG0003581	0	0	0	0	0	1
OG0003582	0	0	0	0	1	0
OG0003584	0	1	0	0	0	0
OG0003595	0	0	0	1	0	0
OG0003596	0	0	0	0	1	0
OG0003599	0	0	0	1	0	0
OG0003606	0	1	0	0	0	0
OG0003608	0	0	0	1	0	0
OG0003629	0	0	0	1	0	0
OG0003642	1	0	0	0	0	0
OG0003645	0	1	0	0	0	0
OG0003654	0	0	0	1	0	0
OG0003655	0	1	0	0	0	0
OG0003658	0	0	0	0	0	1
OG0003659	0	0	0	0	0	1
OG0003660	0	0	0	1	0	0
OG0003664	0	0	0	1	0	0
OG0003669	0	0	0	0	1	0
OG0003672	0	0	0	0	1	0
OG0003676	0	0	0	0	1	0
OG0003682	0	0	0	1	0	0
OG0003686	0	1	0	0	1	0
OG0003687	0	0	0	1	0	0
OG0003689	0	0	0	1	0	0
OG0003693	1	0	0	0	0	0
OG0003700	0	0	0	0	1	0
OG0003708	0	1	0	1	0	0
OG0003710	0	0	0	1	0	0
OG0003718	0	0	0	1	0	0
OG0003742	0	0	0	1	0	0
OG0003750	0	0	0	0	1	0
OG0003751	1	0	0	1	0	0
OG0003754	1	0	0	0	0	0
OG0003755	1	0	0	0	0	0
OG0003757	0	1	0	0	1	0
OG0003765	0	0	0	0	1	0
OG0003766	0	0	0	1	0	0
OG0003770	0	1	0	0	0	0
OG0003773	0	0	0	0	1	0
OG0003781	0	0	0	0	1	0
OG0003782	0	0	0	1	0	0
OG0003785	1	0	0	0	0	0
OG0003795	0	0	0	1	0	0
OG0003797	0	0	0	1	0	0
OG0003803	1	0	0	1	0	0
OG0003811	0	0	0	1	0	0
OG0003815	0	1	0	0	0	0
OG0003825	0	0	0	0	1	0
OG0003835	0	0	0	1	0	0
OG0003857	0	0	0	1	0	0
OG0003866	0	1	0	0	0	0
OG0003872	0	0	0	0	1	0
OG0003873	0	1	0	0	0	0
OG0003878	1	0	0	0	0	0
OG0003879	0	0	0	1	0	0
OG0003893	0	0	0	1	0	0
OG0003896	0	0	0	1	0	0
OG0003904	0	0	0	1	1	0
OG0003909	0	1	0	0	0	0
OG0003915	0	0	0	0	0	1
OG0003920	0	1	0	0	1	0
OG0003921	1	0	0	0	1	0
OG0003923	0	0	0	0	0	1
OG0003924	0	1	0	0	0	0
OG0003929	0	1	0	0	0	0
OG0003932	0	0	0	0	1	0
OG0003938	0	1	0	0	0	0
OG0003944	0	0	0	0	1	0
OG0003945	0	0	0	0	1	0
OG0003948	0	0	0	1	0	0
OG0003952	0	0	0	0	1	0
OG0003958	1	0	0	0	0	0
OG0003964	0	0	0	1	0	0
OG0003972	0	0	0	1	1	0
OG0003973	0	0	0	1	0	0
OG0003982	0	0	0	1	0	0
OG0003983	0	1	0	0	0	0
OG0003985	0	0	0	1	0	0
OG0003999	0	0	0	1	0	0
OG0004007	0	0	0	1	0	0
OG0004009	0	0	0	0	1	0
OG0004011	0	0	0	1	0	0
OG0004024	0	0	0	1	0	0
OG0004026	0	0	0	0	1	0
OG0004038	0	1	0	0	1	0
OG0004043	0	0	0	1	0	0
OG0004044	0	0	0	1	0	0
OG0004048	0	0	0	0	1	0
OG0004049	0	0	0	0	1	0
OG0004051	0	0	0	1	0	0
OG0004054	0	0	0	0	0	1
OG0004055	0	0	0	0	0	1
OG0004058	1	0	0	0	0	0
OG0004066	0	0	0	1	0	0
OG0004068	0	0	0	0	1	1
OG0004074	1	0	0	1	0	0
OG0004076	0	1	0	0	0	0
OG0004077	0	0	0	0	1	0
OG0004080	0	1	0	0	0	0
OG0004081	0	0	0	0	0	1
OG0004091	0	0	0	1	0	0
OG0004098	1	0	0	0	0	0
OG0004102	0	0	0	0	0	1
OG0004103	0	0	0	1	1	0
OG0004117	1	0	0	1	0	0
OG0004118	0	0	0	1	0	0
OG0004120	0	0	0	1	0	0
OG0004121	1	0	0	0	0	0
OG0004122	0	0	0	0	1	0
OG0004125	1	0	0	1	0	0
OG0004127	0	0	0	0	1	0
OG0004132	0	0	0	1	0	0
OG0004142	0	0	0	1	0	0
OG0004149	1	0	0	0	0	0
OG0004153	0	0	0	0	1	0
OG0004157	1	0	0	1	0	1
OG0004159	0	0	0	0	1	0
OG0004164	0	0	0	0	0	1
OG0004174	0	0	0	0	1	0
OG0004176	0	0	0	1	0	0
OG0004178	0	0	0	0	1	0
OG0004179	0	0	0	0	1	0
OG0004180	0	0	0	1	0	0
OG0004185	0	1	0	0	0	0
OG0004192	0	0	0	0	1	0
OG0004193	0	0	0	1	0	0
OG0004202	0	0	0	1	0	0
OG0004207	0	0	0	1	0	0
OG0004209	0	1	0	0	0	0
OG0004221	0	0	0	1	0	1
OG0004222	0	0	0	0	0	1
OG0004225	0	1	0	0	1	0
OG0004230	0	1	0	0	1	0
OG0004236	0	0	0	1	0	0
OG0004239	1	0	0	0	0	0
OG0004240	1	0	0	0	0	0
OG0004241	0	1	0	0	0	0
OG0004242	0	0	0	1	0	0
OG0004245	0	0	0	1	0	0
OG0004251	0	0	0	1	0	0
OG0004252	0	0	0	0	1	0
OG0004254	0	1	0	0	0	0
OG0004257	0	0	0	1	0	0
OG0004259	0	0	0	1	0	0
OG0004263	0	0	0	1	0	0
OG0004264	0	0	0	1	0	0
OG0004269	0	1	0	0	0	0
OG0004271	0	0	0	1	0	0
OG0004272	0	0	0	0	1	0
OG0004288	0	0	0	0	0	1
OG0004290	0	0	0	1	0	0
OG0004295	1	0	0	0	0	0
OG0004296	0	0	0	1	0	0
OG0004300	1	0	0	0	0	0
OG0004301	0	0	0	1	0	0
OG0004306	0	0	0	0	1	1
OG0004315	0	1	0	0	1	0
OG0004316	0	0	0	1	0	0
OG0004318	0	0	0	1	0	0
OG0004320	0	1	0	0	0	0
OG0004322	1	0	0	0	0	0
OG0004323	0	0	0	0	1	0
OG0004325	0	0	0	1	0	0
OG0004335	0	1	0	0	1	0
OG0004344	0	0	0	0	0	1
OG0004345	0	0	0	0	0	1
OG0004346	1	0	0	1	0	0
OG0004352	0	0	0	1	0	0
OG0004356	0	0	0	0	1	0
OG0004357	0	0	0	0	1	0
OG0004359	0	0	0	1	0	0
OG0004367	0	0	0	0	1	0
OG0004368	0	0	0	1	0	0
OG0004371	1	0	0	1	0	0
OG0004372	0	0	0	0	1	0
OG0004374	0	0	0	0	1	0
OG0004377	0	0	0	0	1	0
OG0004378	0	0	0	1	0	0
OG0004379	0	0	0	1	0	0
OG0004380	0	0	0	1	0	0
OG0004384	0	0	0	1	0	0
OG0004389	0	0	0	0	1	0
OG0004404	0	0	0	1	0	1
OG0004405	0	0	0	1	0	0
OG0004415	0	1	0	0	0	0
OG0004417	0	0	0	1	0	0
OG0004419	0	0	0	0	1	0
OG0004422	0	0	0	0	1	0
OG0004425	1	0	0	0	0	0
OG0004433	0	0	0	0	1	0
OG0004434	0	0	0	0	1	0
OG0004435	0	0	0	0	1	0
OG0004436	0	0	0	0	1	0
OG0004439	1	0	0	1	0	0
OG0004441	0	0	0	0	1	0
OG0004442	1	0	0	1	0	1
OG0004450	0	0	0	1	0	0
OG0004457	0	0	0	1	0	0
OG0004459	0	0	0	1	0	0
OG0004463	0	0	0	1	0	0
OG0004466	1	0	0	0	0	1
OG0004467	0	0	0	0	1	0
OG0004470	0	1	0	0	0	0
OG0004476	0	1	0	0	0	0
OG0004479	0	0	0	1	0	0
OG0004481	0	0	0	0	1	0
OG0004486	0	0	0	1	0	0
OG0004489	0	0	0	1	0	0
OG0004492	0	0	0	0	0	1
OG0004508	0	0	0	1	0	0
OG0004515	0	0	0	0	1	0
OG0004517	0	0	0	0	1	0
OG0004522	0	0	0	1	1	1
OG0004523	0	0	0	1	0	0
OG0004524	0	0	0	0	1	0
OG0004525	0	0	0	1	0	0
OG0004535	0	1	0	0	0	0
OG0004536	0	0	0	1	0	0
OG0004539	0	0	0	0	0	1
OG0004540	0	0	0	0	0	1
OG0004547	0	0	0	0	0	1
OG0004556	0	0	0	1	0	0
OG0004560	0	0	0	0	1	0
OG0004561	0	1	0	0	0	0
OG0004565	1	0	0	0	0	0
OG0004568	1	0	0	0	0	1
OG0004572	0	0	0	0	1	0
OG0004578	0	1	0	0	0	0
OG0004581	0	0	0	1	0	0
OG0004582	0	0	0	0	1	0
OG0004583	1	1	0	0	0	0
OG0004584	0	1	0	0	0	0
OG0004588	0	1	0	0	0	0
OG0004592	0	0	0	1	0	0
OG0004594	0	0	0	0	1	1
OG0004599	0	0	0	1	0	0
OG0004615	0	0	0	1	0	1
OG0004621	0	1	0	1	0	0
OG0004629	0	1	0	0	0	0
OG0004639	0	0	0	0	1	0
OG0004640	0	0	0	1	0	0
OG0004642	0	0	0	0	1	1
OG0004651	0	0	0	1	0	0
OG0004653	0	0	0	0	1	0
OG0004654	1	0	0	0	0	0
OG0004656	0	0	0	0	1	0
OG0004658	0	0	0	0	1	1
OG0004661	0	0	0	0	1	0
OG0004662	0	0	0	0	1	0
OG0004671	0	0	0	0	1	0
OG0004674	1	0	0	1	0	0
OG0004675	0	1	0	0	0	0
OG0004681	0	0	0	1	0	0
OG0004683	0	1	0	0	0	0
OG0004684	0	0	0	0	1	0
OG0004691	0	0	0	1	0	1
OG0004695	1	0	0	0	0	0
OG0004696	1	0	0	0	0	0
OG0004703	1	0	0	0	0	0
OG0004718	1	0	0	0	1	0
OG0004721	0	0	0	1	0	0
OG0004722	1	0	0	0	0	0
OG0004723	0	0	0	0	1	0
OG0004729	1	0	0	0	0	0
OG0004738	0	0	0	0	1	0
OG0004740	0	0	0	0	1	0
OG0004741	0	0	0	0	1	0
OG0004742	0	0	0	0	1	0
OG0004743	0	0	0	0	1	0
OG0004744	0	0	0	1	0	0
OG0004745	0	0	0	0	1	0
OG0004746	1	0	0	1	0	0
OG0004747	0	0	0	1	1	0
OG0004748	0	0	0	0	0	1
OG0004749	0	0	0	0	1	0
OG0004751	1	0	0	0	0	0
OG0004753	0	0	0	1	0	0
OG0004756	0	0	0	0	1	0
OG0004759	0	0	0	1	0	0
OG0004764	0	1	0	0	0	0
OG0004770	0	0	0	0	1	0
OG0004772	0	0	0	1	0	0
OG0004776	0	0	0	0	1	0
OG0004783	0	0	0	1	0	0
OG0004789	0	0	0	0	1	0
OG0004791	0	0	0	0	1	0
OG0004795	0	1	0	0	0	0
OG0004796	0	0	0	0	0	1
OG0004800	0	0	0	1	0	0
OG0004808	1	0	0	0	1	0
OG0004810	0	1	0	0	0	0
OG0004811	0	0	0	1	0	0
OG0004816	0	0	0	1	0	0
OG0004821	0	0	0	0	1	0
OG0004823	0	0	0	1	0	0
OG0004826	0	0	0	0	1	0
OG0004828	0	0	0	1	0	0
OG0004835	1	0	0	0	0	0
OG0004837	0	0	0	0	1	0
OG0004839	0	0	0	0	1	0
OG0004841	0	0	0	1	0	0
OG0004852	0	0	0	0	1	0
OG0004855	0	0	0	0	0	1
OG0004863	1	0	0	1	0	0
OG0004867	1	0	0	0	0	0
OG0004869	0	0	0	0	1	0
OG0004875	0	1	0	1	0	0
OG0004878	0	0	0	0	1	0
OG0004880	0	0	0	0	1	0
OG0004881	0	0	0	1	0	0
OG0004883	0	0	0	0	1	0
OG0004891	0	0	0	1	0	0
OG0004896	1	0	0	0	0	0
OG0004899	0	0	0	0	1	0
OG0004900	0	0	0	1	0	0
OG0004907	1	1	0	0	0	0
OG0004909	0	0	0	0	0	1
OG0004910	0	0	0	0	1	1
OG0004912	0	0	0	0	1	0
OG0004926	0	0	0	0	1	0
OG0004927	0	0	0	1	0	0
OG0004935	0	0	0	0	1	0
OG0004942	0	1	0	0	0	0
OG0004945	0	0	0	1	0	0
OG0004946	1	0	0	0	0	0
OG0004948	0	0	0	0	1	0
OG0004950	0	0	0	1	1	0
OG0004951	0	0	0	1	0	0
OG0004955	0	0	0	1	0	0
OG0004958	0	0	0	0	1	0
OG0004959	1	0	0	1	0	0
OG0004963	0	0	0	1	1	0
OG0004964	1	0	0	1	0	0
OG0004967	0	0	0	1	0	0
OG0004969	0	0	0	1	0	0
OG0004972	0	1	0	0	0	1
OG0004973	0	0	0	0	1	1
OG0004980	0	0	0	1	0	0
OG0004983	0	0	0	1	0	0
OG0004987	1	0	0	1	0	0
OG0004992	0	0	0	1	0	0
OG0004997	0	1	0	0	0	0
OG0004999	0	0	0	1	0	0
OG0005001	0	1	0	1	1	0
OG0005002	0	0	0	0	1	0
OG0005003	0	0	0	1	0	0
OG0005005	1	0	0	1	0	0
OG0005009	0	0	0	0	1	0
OG0005011	1	0	0	0	0	0
OG0005014	0	0	0	0	1	1
OG0005016	0	0	0	1	0	0
OG0005018	0	0	0	1	1	0
OG0005024	0	0	0	0	1	0
OG0005029	0	0	0	0	1	1
OG0005032	0	0	0	1	0	0
OG0005036	1	0	0	1	1	0
OG0005037	1	0	0	0	0	0
OG0005039	0	0	0	1	0	0
OG0005045	0	0	0	0	1	0
OG0005046	1	0	0	1	0	0
OG0005056	0	0	0	1	0	0
OG0005058	0	0	0	0	1	1
OG0005062	0	0	0	0	1	0
OG0005063	0	0	0	0	1	0
OG0005064	0	0	0	1	0	0
OG0005065	0	0	0	0	1	0
OG0005066	0	0	0	0	1	0
OG0005067	0	0	0	0	1	0
OG0005071	0	0	0	1	0	0
OG0005079	1	0	0	1	0	0
OG0005082	0	0	0	0	1	0
OG0005083	0	0	0	1	0	0
OG0005087	0	0	0	1	0	0
OG0005088	0	0	0	1	0	0
OG0005091	0	0	0	1	1	0
OG0005095	1	0	0	0	0	0
OG0005097	0	0	0	1	0	0
OG0005098	0	0	0	0	1	0
OG0005099	0	1	0	0	1	0
OG0005102	0	0	0	0	1	0
OG0005104	0	0	0	1	0	0
OG0005112	0	0	0	1	0	0
OG0005115	1	0	0	0	0	0
OG0005121	0	0	0	1	0	0
OG0005123	0	1	0	0	0	0
OG0005124	0	0	0	1	0	0
OG0005128	0	0	0	1	0	0
OG0005136	0	0	0	0	1	0
OG0005140	0	1	0	0	0	0
OG0005144	0	0	0	0	0	1
OG0005148	0	0	0	0	1	0
OG0005152	0	0	0	1	0	0
OG0005155	0	0	0	0	1	0
OG0005156	0	0	0	0	1	0
OG0005157	1	0	0	1	0	0
OG0005162	0	1	0	1	0	0
OG0005165	0	0	0	0	1	0
OG0005166	0	0	0	1	1	0
OG0005167	0	0	0	1	0	0
OG0005168	1	0	0	1	1	0
OG0005169	0	0	0	0	0	1
OG0005171	0	0	0	1	0	0
OG0005178	0	0	0	1	0	0
OG0005179	0	0	0	1	0	0
OG0005181	0	1	0	1	1	0
OG0005192	0	0	0	0	1	0
OG0005200	0	0	0	1	0	0
OG0005203	0	0	0	1	0	0
OG0005204	0	1	0	0	0	0
OG0005206	0	1	0	0	1	0
OG0005212	0	0	0	0	1	0
OG0005215	0	0	0	1	0	0
OG0005223	0	1	0	1	1	0
OG0005226	0	0	0	0	1	0
OG0005228	0	0	0	1	0	0
OG0005229	0	1	0	0	0	0
OG0005232	0	0	0	0	1	1
OG0005234	0	0	0	1	0	0
OG0005237	0	1	0	0	1	0
OG0005250	0	0	0	1	0	0
OG0005254	0	0	0	0	1	0
OG0005261	0	1	0	0	0	0
OG0005266	0	0	0	1	0	0
OG0005269	0	0	0	0	1	0
OG0005271	1	0	0	0	0	0
OG0005274	0	0	0	0	1	0
OG0005276	0	0	0	0	1	0
OG0005290	0	0	0	0	1	0
OG0005305	0	0	0	0	1	0
OG0005309	0	0	0	0	1	0
OG0005310	0	1	0	0	0	0
OG0005311	0	1	0	0	0	0
OG0005313	0	0	0	0	1	1
OG0005315	0	0	0	0	0	1
OG0005324	1	0	0	1	0	0
OG0005325	1	0	0	1	0	0
OG0005332	0	1	0	0	0	0
OG0005333	0	0	0	1	0	0
OG0005336	1	0	0	0	0	0
OG0005339	0	0	0	1	0	0
OG0005340	0	0	0	1	1	1
OG0005343	0	0	0	1	1	0
OG0005344	0	0	0	1	0	0
OG0005351	0	0	0	1	0	0
OG0005354	1	0	0	0	0	0
OG0005368	0	0	0	1	1	0
OG0005370	0	1	0	0	0	0
OG0005371	0	0	0	0	1	0
OG0005376	0	0	0	0	1	0
OG0005386	0	1	0	0	0	0
OG0005387	0	0	0	1	0	0
OG0005388	1	0	0	1	1	0
OG0005389	0	0	0	1	0	0
OG0005399	0	0	0	0	0	1
OG0005401	0	0	0	1	0	0
OG0005402	1	0	0	1	0	0
OG0005421	0	0	0	0	1	0
OG0005426	0	0	0	1	0	0
OG0005432	0	0	0	0	1	0
OG0005433	0	1	0	0	0	0
OG0005434	0	1	0	0	0	0
OG0005436	0	0	0	0	1	0
OG0005438	0	0	0	0	1	0
OG0005454	0	0	0	0	1	0
OG0005455	0	1	0	0	0	0
OG0005460	0	0	0	0	1	0
OG0005467	0	0	0	1	1	0
OG0005473	0	0	0	0	1	0
OG0005479	1	0	0	1	0	0
OG0005497	0	0	0	0	1	1
OG0005498	1	0	0	0	0	0
OG0005499	0	1	0	0	1	0
OG0005501	0	0	0	0	1	0
OG0005502	0	0	0	1	0	0
OG0005505	0	0	0	0	0	1
OG0005507	0	0	0	0	1	0
OG0005509	1	0	0	0	1	0
OG0005510	0	0	0	0	1	0
OG0005520	0	1	0	0	0	0
OG0005542	0	0	0	1	1	0
OG0005546	0	0	0	1	1	0
OG0005548	0	0	0	0	1	0
OG0005556	0	0	0	0	1	0
OG0005565	1	0	0	1	0	0
OG0005566	0	0	0	1	0	0
OG0005573	0	0	0	1	0	0
OG0005587	0	1	0	0	0	0
OG0005589	0	0	0	1	0	0
OG0005590	0	1	0	1	1	0
OG0005593	0	0	0	0	1	0
OG0005598	1	0	0	0	0	0
OG0005600	0	0	0	0	1	0
OG0005606	0	0	0	0	1	0
OG0005608	1	0	0	0	0	0
OG0005609	1	0	0	1	0	0
OG0005616	0	0	0	1	0	0
OG0005621	0	0	0	0	1	0
OG0005623	0	0	0	0	1	0
OG0005624	0	0	0	0	1	0
OG0005626	0	1	0	0	1	0
OG0005627	0	1	0	0	0	0
OG0005641	1	0	0	0	0	0
OG0005645	0	0	0	0	0	1
OG0005647	0	0	0	0	1	1
OG0005669	0	0	0	1	0	0
OG0005673	0	0	0	1	0	0
OG0005674	0	0	0	0	1	0
OG0005676	1	0	0	0	0	0
OG0005679	0	0	0	0	1	0
OG0005681	0	0	0	0	1	0
OG0005690	0	0	0	1	1	0
OG0005692	0	0	0	1	0	0
OG0005697	0	0	0	1	0	0
OG0005706	0	0	0	0	1	0
OG0005712	0	0	0	1	0	0
OG0005714	0	0	0	0	1	0
OG0005722	1	0	0	0	0	0
OG0005723	1	0	0	0	0	0
OG0005726	0	0	0	1	1	0
OG0005732	0	1	0	0	0	0
OG0005742	0	0	0	0	1	0
OG0005743	0	0	0	1	1	0
OG0005747	0	0	0	0	1	0
OG0005751	0	0	0	1	0	0
OG0005757	1	0	0	1	0	0
OG0005779	0	0	0	0	1	0
OG0005783	0	0	0	1	0	0
OG0005785	1	0	0	1	0	0
OG0005786	0	0	0	0	1	0
OG0005788	0	1	0	0	0	0
OG0005791	0	0	0	0	1	0
OG0005797	0	0	0	0	1	0
OG0005802	0	0	0	1	1	0
OG0005803	1	0	0	0	1	0
OG0005809	0	1	0	0	0	0
OG0005814	0	0	0	1	0	0
OG0005833	0	0	0	1	0	0
OG0005834	0	0	0	0	0	1
OG0005835	0	0	0	0	1	1
OG0005837	0	0	0	0	1	0
OG0005839	0	1	0	0	0	0
OG0005842	1	0	0	0	0	0
OG0005844	0	1	0	0	0	0
OG0005845	0	1	0	0	0	0
OG0005847	0	0	0	1	0	0
OG0005868	0	0	0	0	1	0
OG0005869	0	0	0	0	1	0
OG0005874	0	0	0	1	0	0
OG0005883	0	0	0	0	1	0
OG0005885	0	0	0	0	1	0
OG0005892	0	0	0	1	0	0
OG0005894	0	0	0	0	1	0
OG0005897	0	0	0	0	1	0
OG0005899	0	0	0	0	1	0
OG0005905	0	0	0	0	1	0
OG0005910	0	0	0	0	1	0
OG0005914	0	0	0	0	1	0
OG0005920	0	0	0	0	1	0
OG0005923	0	0	0	0	1	0
OG0005926	0	0	0	0	1	0
OG0005927	0	0	0	1	1	0
OG0005932	0	0	0	1	0	0
OG0005934	0	1	0	0	0	1
OG0005935	0	0	0	0	1	1
OG0005946	1	0	0	1	0	0
OG0005964	0	0	0	1	0	0
OG0005965	0	0	0	0	1	1
OG0005967	0	0	0	1	1	0
OG0005974	0	0	0	1	0	0
OG0005979	0	0	0	1	0	1
OG0005982	0	0	0	1	0	0
OG0005983	0	0	0	0	1	0
OG0005985	0	0	0	0	1	1
OG0005990	0	0	0	1	0	0
OG0005998	0	0	0	0	1	0
OG0006000	0	1	0	0	0	0
OG0006003	0	1	0	0	0	0
OG0006005	0	1	0	0	0	0
OG0006008	0	1	0	0	1	1
OG0006010	0	0	0	1	1	0
OG0006011	0	0	0	1	1	0
OG0006028	0	0	0	0	1	0
OG0006029	0	0	0	1	1	1
OG0006053	0	0	0	0	1	0
OG0006054	1	0	0	1	0	0
OG0006061	1	0	0	0	0	0
OG0006068	1	0	0	0	0	0
OG0006069	1	0	0	1	0	0
OG0006090	0	0	0	1	0	0
OG0006098	0	0	0	1	1	1
OG0006099	0	0	0	1	0	0
OG0006122	0	0	0	0	1	0
OG0006127	1	0	0	0	1	0
OG0006131	0	0	0	1	1	0
OG0006133	0	0	0	0	1	0
OG0006134	0	0	0	0	1	0
OG0006139	0	0	0	0	1	0
OG0006142	0	1	0	0	0	0
OG0006150	0	0	0	1	0	0
OG0006152	0	0	0	1	1	0
OG0006153	0	0	0	1	0	0
OG0006155	0	1	0	0	0	0
OG0006159	1	0	0	1	0	0
OG0006161	0	0	0	1	0	0
OG0006162	0	0	0	0	1	1
OG0006164	0	0	0	1	0	0
OG0006166	0	0	0	1	0	0
OG0006168	0	1	0	1	1	0
OG0006169	1	0	0	1	0	0
OG0006196	0	0	0	1	0	0
OG0006208	0	0	0	1	0	0
OG0006212	0	0	0	1	0	0
OG0006219	0	0	0	0	1	0
OG0006224	1	0	0	0	1	0
OG0006234	1	0	0	0	0	0
OG0006237	0	0	0	0	1	0
OG0006239	1	0	0	1	0	0
OG0006241	0	0	0	0	1	0
OG0006242	0	0	0	0	1	0
OG0006248	0	1	0	0	1	0
OG0006250	1	0	0	0	0	0
OG0006257	0	0	0	0	1	0
OG0006261	0	0	0	1	1	0
OG0006266	0	0	0	0	1	0
OG0006271	0	0	0	1	1	0
OG0006275	0	1	0	1	0	1
OG0006280	0	0	0	1	0	0
OG0006284	1	0	0	0	1	0
OG0006287	1	0	0	1	0	0
OG0006295	0	0	0	0	1	0
OG0006299	1	0	0	0	0	0
OG0006301	1	0	0	0	1	1
OG0006305	0	0	0	0	0	1
OG0006334	0	0	0	0	1	0
OG0006336	1	0	0	0	1	0
OG0006340	1	0	0	0	0	0
OG0006344	0	0	0	1	0	0
OG0006345	0	0	0	1	0	0
OG0006356	0	0	0	1	1	0
OG0006364	0	0	0	0	1	0
OG0006373	0	0	0	0	1	0
OG0006375	0	0	0	0	1	0
OG0006376	0	0	0	0	1	0
OG0006377	0	1	0	1	1	0
OG0006381	1	0	0	1	0	0
OG0006383	1	0	0	1	0	0
OG0006385	0	0	0	1	1	0
OG0006386	0	0	0	0	1	1
OG0006388	1	1	0	0	0	0
OG0006389	1	0	0	0	0	0
OG0006395	1	0	0	0	1	0
OG0006396	0	0	0	1	0	0
OG0006409	0	0	0	1	0	0
OG0006436	0	0	0	1	0	0
OG0006458	0	0	0	0	1	0
OG0006459	1	0	0	0	1	0
OG0006460	0	1	0	0	0	0
OG0006464	1	0	0	0	0	0
OG0006471	0	0	0	0	1	0
OG0006472	0	1	0	0	1	0
OG0006473	0	0	0	0	1	0
OG0006477	1	0	0	1	0	0
OG0006481	0	0	0	0	1	0
OG0006482	0	1	0	0	0	0
OG0006484	0	1	0	0	0	0
OG0006485	0	1	0	0	0	0
OG0006486	0	0	0	0	1	0
OG0006489	1	0	0	0	0	0
OG0006499	0	0	0	1	0	0
OG0006504	1	0	0	0	0	0
OG0006507	1	0	0	0	0	0
OG0006508	0	0	0	1	0	0
OG0006541	1	0	0	0	1	0
OG0006542	0	0	0	1	0	0
OG0006547	1	0	0	0	0	0
OG0006556	0	0	0	0	1	0
OG0006562	0	0	0	0	1	0
OG0006564	0	0	0	1	0	0
OG0006570	0	0	0	0	1	0
OG0006571	0	0	0	0	1	0
OG0006577	0	0	0	0	1	0
OG0006578	1	0	0	1	0	0
OG0006586	0	0	0	1	0	0
OG0006588	0	0	0	0	1	0
OG0006590	0	0	0	0	1	0
OG0006595	0	0	0	1	0	0
OG0006602	0	0	0	0	1	0
OG0006603	0	0	0	1	0	0
OG0006604	0	0	0	0	1	0
OG0006611	1	0	0	0	0	0
OG0006614	0	0	0	0	1	0
OG0006621	0	0	0	1	0	0
OG0006624	0	0	0	1	0	0
OG0006627	1	0	0	0	0	0
OG0006628	0	0	0	1	0	0
OG0006630	1	0	0	0	0	0
OG0006634	0	0	0	1	0	0
OG0006646	0	0	0	0	1	0
OG0006647	1	0	0	1	0	0
OG0006667	1	0	0	0	0	0
OG0006671	1	0	0	1	0	0
OG0006676	0	0	0	0	1	0
OG0006679	0	0	0	1	0	0
OG0006681	0	0	0	1	0	0
OG0006685	0	0	0	0	1	0
OG0006687	0	0	0	1	0	0
OG0006690	0	0	0	0	1	0
OG0006692	0	0	0	1	0	0
OG0006697	0	0	0	0	1	0
OG0006708	0	1	0	0	1	0
OG0006710	0	0	0	0	1	0
OG0006713	1	1	0	1	1	0
OG0006717	0	1	0	0	0	0
OG0006723	0	0	0	0	1	0
OG0006724	0	1	0	0	0	0
OG0006725	0	0	0	0	1	0
OG0006728	0	0	0	0	1	0
OG0006741	1	0	0	1	0	0
OG0006746	1	0	0	0	0	0
OG0006774	1	0	0	1	0	0
OG0006782	1	0	0	1	0	0
OG0006786	1	0	0	1	0	0
OG0006787	1	0	0	0	0	0
OG0006790	0	0	0	0	1	0
OG0006794	1	0	0	1	0	0
OG0006795	1	0	0	1	0	0
OG0006802	1	0	0	1	0	0
OG0006805	1	0	0	1	0	0
OG0006807	0	0	0	0	1	1
OG0006808	0	0	0	0	1	0
OG0006809	0	0	0	0	1	0
OG0006812	0	0	0	1	1	0
OG0006818	0	1	0	0	0	0
OG0006824	0	0	0	0	1	0
OG0006831	1	0	0	1	1	0
OG0006837	0	0	0	0	1	0
OG0006840	0	0	0	1	0	0
OG0006841	0	0	0	0	1	0
OG0006842	0	1	0	0	0	0
OG0006844	0	0	0	0	1	0
OG0006845	0	0	0	0	1	0
OG0006846	0	0	0	0	1	0
OG0006848	0	1	0	0	0	0
OG0006851	1	0	0	1	0	0
OG0006854	0	0	0	1	1	0
OG0006855	1	0	0	1	0	0
OG0006861	0	0	0	0	1	0
OG0006863	1	0	0	0	0	0
OG0006868	0	0	0	0	0	1
OG0006870	1	0	0	1	0	0
OG0006875	1	0	0	0	0	0
OG0006877	0	0	0	1	0	0
OG0006882	0	1	0	0	0	1
OG0006883	0	0	0	1	0	0
OG0006886	1	0	0	0	0	0
OG0006887	0	0	0	1	0	0
OG0006888	0	0	0	1	0	0
OG0006901	1	0	0	1	0	0
OG0006930	0	0	0	1	0	0
OG0006932	0	0	0	1	0	0
OG0006940	0	1	0	0	1	0
OG0006945	0	0	0	1	1	0
OG0006950	0	0	0	0	1	0
OG0006954	1	0	0	0	0	0
OG0006957	0	0	0	1	0	0
OG0006958	0	0	0	1	0	0
OG0006959	0	1	0	1	1	1
OG0006960	0	1	0	0	0	0
OG0006961	0	0	0	1	0	0
OG0006962	0	1	0	0	0	0
OG0006963	0	0	0	0	1	0
OG0006967	0	0	0	0	1	0
OG0006978	0	0	0	0	1	0
OG0006979	0	0	0	0	1	0
OG0006981	0	0	0	1	0	0
OG0006984	0	0	0	0	1	0
OG0006991	0	1	0	0	0	0
OG0006992	0	1	0	0	0	0
OG0006994	0	0	0	0	1	0
OG0007002	0	0	0	0	1	0
OG0007010	0	0	0	1	0	0
OG0007012	0	0	0	1	0	0
OG0007024	0	0	0	1	0	0
OG0007025	0	0	0	1	0	0
OG0007031	0	0	0	1	0	0
OG0007055	0	0	0	0	1	0
OG0007056	1	0	0	0	0	0
OG0007058	0	0	0	0	1	0
OG0007059	1	0	0	1	0	0
OG0007064	0	0	0	0	1	0
OG0007065	0	0	0	1	0	0
OG0007066	1	0	0	0	0	0
OG0007072	0	0	0	1	0	0
OG0007073	1	0	0	1	0	0
OG0007076	0	0	0	1	0	0
OG0007078	0	1	0	0	1	0
OG0007081	0	0	0	1	0	0
OG0007082	0	0	0	0	1	0
OG0007085	0	1	0	0	0	0
OG0007089	1	0	0	1	0	0
OG0007090	0	1	0	0	1	0
OG0007092	0	1	0	0	0	0
OG0007093	0	0	0	0	1	0
OG0007094	0	0	0	0	1	0
OG0007095	0	1	0	0	0	0
OG0007097	0	1	0	0	0	0
OG0007098	0	0	0	0	1	0
OG0007100	0	1	0	0	1	0
OG0007101	0	0	0	1	0	0
OG0007112	0	0	0	0	1	0
OG0007114	0	0	0	0	1	0
OG0007118	0	0	0	0	1	0
OG0007133	0	1	0	0	1	0
OG0007137	1	0	0	1	0	0
OG0007143	0	0	0	1	0	0
OG0007144	1	0	0	0	0	0
OG0007148	0	1	0	0	1	1
OG0007151	0	0	0	1	0	0
OG0007157	0	0	0	1	0	0
OG0007159	1	0	0	0	0	0
OG0007170	0	0	0	1	0	0
OG0007177	0	0	0	1	0	0
OG0007199	0	0	0	1	0	0
OG0007201	1	0	0	0	0	0
OG0007202	0	0	0	0	1	0
OG0007205	0	0	0	0	1	0
OG0007207	0	0	0	0	1	0
OG0007208	1	0	0	0	0	0
OG0007210	0	0	0	1	0	0
OG0007216	0	1	0	0	1	0
OG0007219	1	0	0	0	0	0
OG0007231	0	0	0	0	1	0
OG0007238	0	0	0	0	1	0
OG0007246	1	0	0	0	0	0
OG0007248	0	1	0	0	0	0
OG0007251	0	1	0	0	0	0
OG0007253	0	0	0	0	1	0
OG0007255	0	0	0	0	1	0
OG0007258	0	0	0	0	1	0
OG0007260	0	0	0	0	1	0
OG0007263	0	1	0	0	0	0
OG0007265	0	0	0	0	1	0
OG0007267	0	1	0	0	1	0
OG0007275	0	0	0	0	1	1
OG0007276	0	0	0	0	1	1
OG0007277	0	0	0	0	1	0
OG0007278	0	0	0	0	1	0
OG0007291	1	0	0	0	0	0
OG0007295	0	0	0	1	0	0
OG0007297	0	0	0	1	0	0
OG0007298	0	0	0	1	0	0
OG0007300	0	0	0	1	0	0
OG0007304	0	0	0	1	0	0
OG0007305	1	0	0	0	0	0
OG0007310	0	0	0	1	0	0
OG0007320	1	0	0	0	0	0
OG0007327	0	0	0	1	0	0
OG0007363	0	0	0	0	1	0
OG0007365	0	0	0	1	0	0
OG0007367	0	1	0	0	1	0
OG0007368	0	0	0	0	1	0
OG0007369	0	0	0	0	1	0
OG0007378	0	0	0	0	1	0
OG0007379	1	0	0	1	0	0
OG0007380	1	0	0	0	0	0
OG0007383	0	0	0	1	0	0
OG0007386	1	0	0	0	0	0
OG0007388	0	0	0	1	0	0
OG0007391	0	0	0	1	0	1
OG0007403	0	1	0	0	0	0
OG0007404	0	1	0	0	0	0
OG0007405	0	0	0	0	1	0
OG0007406	0	1	0	0	0	0
OG0007407	0	1	0	0	0	0
OG0007415	0	0	0	0	1	0
OG0007416	0	0	0	0	1	0
OG0007421	0	0	0	0	1	0
OG0007432	0	0	0	0	1	0
OG0007438	0	1	0	0	0	0
OG0007440	0	1	0	0	1	0
OG0007441	0	0	0	0	1	0
OG0007444	0	0	0	0	1	0
OG0007447	0	0	0	0	1	0
OG0007453	0	0	0	0	1	0
OG0007456	0	0	0	0	1	1
OG0007460	0	0	0	1	0	0
OG0007461	0	0	0	0	1	0
OG0007463	0	1	0	0	0	0
OG0007464	1	0	0	0	0	0
OG0007465	0	0	0	0	1	0
OG0007466	0	0	0	0	1	0
OG0007468	1	0	0	0	0	0
OG0007469	0	1	0	0	1	1
OG0007474	0	0	0	1	0	0
OG0007476	0	0	0	1	0	0
OG0007477	1	0	0	1	0	0
OG0007482	0	0	0	1	0	0
OG0007483	0	0	0	1	0	0
OG0007484	0	0	0	1	0	0
OG0007487	0	0	0	1	0	0
OG0007490	0	0	0	1	0	0
OG0007491	0	0	0	1	0	0
OG0007495	0	0	0	1	0	0
OG0007499	0	0	0	1	0	0
OG0007505	0	0	0	1	0	0
OG0007512	1	0	0	1	0	0
OG0007513	0	0	0	0	1	0
OG0007535	0	0	0	1	1	0
OG0007539	0	0	0	0	0	1
OG0007540	0	0	0	0	1	0
OG0007542	1	0	0	0	0	0
OG0007544	1	0	0	1	0	0
OG0007545	0	0	0	0	1	0
OG0007548	0	0	0	1	0	0
OG0007550	1	0	0	1	0	0
OG0007555	1	0	0	1	0	0
OG0007561	1	0	0	0	0	0
OG0007567	0	0	0	0	1	0
OG0007573	0	1	0	0	0	0
OG0007574	0	1	0	0	0	0
OG0007576	0	0	0	0	1	0
OG0007577	0	1	0	0	1	0
OG0007580	0	1	0	0	1	0
OG0007583	0	0	0	0	1	0
OG0007586	0	0	0	0	1	0
OG0007589	0	0	0	0	1	0
OG0007590	0	0	0	0	1	0
OG0007594	0	1	0	0	1	0
OG0007605	0	1	0	0	1	0
OG0007607	0	0	0	0	1	0
OG0007613	1	0	0	0	1	0
OG0007616	0	0	0	0	1	0
OG0007620	0	1	0	0	1	0
OG0007622	0	1	0	0	1	0
OG0007631	0	1	0	0	1	0
OG0007635	0	0	0	0	1	0
OG0007638	0	0	0	0	1	0
OG0007651	0	1	0	0	0	0
OG0007659	0	0	0	0	1	1
OG0007668	0	0	0	1	0	0
OG0007670	0	1	0	1	0	0
OG0007675	1	0	0	1	0	0
OG0007680	0	0	0	1	0	0
OG0007686	1	0	0	0	0	0
OG0007688	0	0	0	1	0	0
OG0007699	0	0	0	1	0	0
OG0007749	0	0	0	1	0	0
OG0007753	0	0	0	1	0	0
OG0007766	0	0	0	1	0	0
OG0007769	0	0	0	1	0	0
OG0007773	0	0	0	1	0	0
OG0007775	0	1	0	0	1	0
OG0007781	1	0	0	0	0	0
OG0007788	0	0	0	0	1	0
OG0007790	0	1	0	0	0	0
OG0007792	0	0	0	0	1	0
OG0007797	0	1	0	0	1	0
OG0007804	0	0	0	0	1	0
OG0007807	0	0	0	0	1	0
OG0007814	0	0	0	0	1	0
OG0007815	1	0	0	0	0	0
OG0007821	0	1	0	0	1	0
OG0007822	0	1	0	0	0	0
OG0007825	0	0	0	0	1	0
OG0007827	1	0	0	0	1	0
OG0007832	1	0	0	1	0	0
OG0007837	0	0	0	0	1	0
OG0007849	0	0	0	0	1	0
OG0007852	0	0	0	0	1	0
OG0007853	0	0	0	0	1	0
OG0007855	0	0	0	0	1	0
OG0007861	0	1	0	0	1	0
OG0007867	0	0	0	0	1	0
OG0007882	0	0	0	1	0	0
OG0007891	0	0	0	1	0	0
OG0007894	1	0	0	0	0	0
OG0007904	0	0	0	1	0	0
OG0007910	0	0	0	0	1	0
OG0007919	0	0	0	1	0	0
OG0007920	0	0	0	1	0	0
OG0007921	0	0	0	1	0	0
OG0007928	0	0	0	1	0	0
OG0007964	0	0	0	0	1	0
OG0007965	0	0	0	1	0	0
OG0007967	0	0	0	1	0	0
OG0007969	0	0	0	1	0	0
OG0007978	1	0	0	1	0	0
OG0007979	1	0	0	0	0	1
OG0007984	0	0	0	1	0	0
OG0007996	0	0	0	0	1	0
OG0008009	0	0	0	0	1	0
OG0008019	0	1	0	0	1	0
OG0008022	0	1	0	0	1	0
OG0008031	0	0	0	0	1	0
OG0008044	0	0	0	0	1	0
OG0008054	0	0	0	0	1	1
OG0008071	0	0	0	1	0	0
OG0008072	0	0	0	1	0	0
OG0008074	1	0	0	0	1	0
OG0008075	0	0	0	1	0	0
OG0008076	1	0	0	0	0	0
OG0008078	1	0	0	0	1	0
OG0008080	0	0	0	0	1	0
OG0008082	1	0	0	1	0	0
OG0008083	0	0	0	1	1	0
OG0008084	1	0	0	0	0	0
OG0008090	1	0	0	0	0	0
OG0008098	0	0	0	1	0	0
OG0008099	0	0	0	1	0	0
OG0008151	1	0	0	0	0	0
OG0008153	0	0	0	0	1	0
OG0008156	0	0	0	0	1	0
OG0008166	1	0	0	1	0	0
OG0008170	0	0	0	1	0	0
OG0008174	0	0	0	1	0	0
OG0008179	1	0	0	1	0	0
OG0008185	0	0	0	0	1	0
OG0008186	0	0	0	0	1	0
OG0008191	0	1	0	0	1	0
OG0008202	0	0	0	0	1	0
OG0008210	0	0	0	0	1	0
OG0008214	0	1	0	0	1	0
OG0008215	0	0	0	0	1	0
OG0008220	1	0	0	1	0	0
OG0008221	0	1	0	0	1	0
OG0008226	0	0	0	0	1	0
OG0008230	0	0	0	0	0	1
OG0008237	0	0	0	0	1	0
OG0008239	0	0	0	0	0	1
OG0008247	1	0	0	0	0	0
OG0008248	1	0	0	0	0	0
OG0008249	0	0	0	1	0	0
OG0008250	1	0	0	0	0	0
OG0008251	1	0	0	0	0	0
OG0008253	0	0	0	1	0	0
OG0008255	0	0	0	1	0	0
OG0008256	0	0	0	1	0	0
OG0008257	0	0	0	1	0	0
OG0008258	0	0	0	1	0	0
OG0008259	0	0	0	1	0	0
OG0008261	0	0	0	1	0	0
OG0008262	0	0	0	0	1	0
OG0008283	1	0	0	1	0	0
OG0008339	1	0	0	0	0	0
OG0008341	1	0	0	0	0	0
OG0008344	0	0	0	0	1	0
OG0008353	0	0	0	0	1	1
OG0008359	0	0	0	0	1	0
OG0008360	0	0	0	1	0	0
OG0008361	1	0	0	0	0	0
OG0008362	0	0	0	1	1	0
OG0008364	0	0	0	1	1	0
OG0008366	0	0	0	0	1	0
OG0008370	0	0	0	0	1	0
OG0008372	0	0	0	0	1	0
OG0008373	0	0	0	0	1	0
OG0008375	1	0	0	0	0	0
OG0008389	0	0	0	0	1	0
OG0008390	0	0	0	0	1	0
OG0008400	0	0	0	0	1	0
OG0008402	0	0	0	0	1	0
OG0008413	0	0	0	0	1	0
OG0008431	0	0	0	0	1	0
OG0008433	0	0	0	0	1	0
OG0008440	1	0	0	0	0	0
OG0008443	0	0	0	0	1	1
OG0008444	0	1	0	0	0	0
OG0008448	0	0	0	1	0	0
OG0008461	0	0	0	1	0	0
OG0008462	1	0	0	1	0	0
OG0008463	0	0	0	1	0	0
OG0008464	0	0	0	1	0	0
OG0008465	1	0	0	1	0	0
OG0008466	0	0	0	1	0	0
OG0008467	1	0	0	1	0	0
OG0008471	1	0	0	0	0	0
OG0008480	0	0	0	0	1	1
OG0008481	0	0	0	0	1	0
OG0008556	0	0	0	1	0	0
OG0008562	0	0	0	1	0	0
OG0008568	0	0	0	1	0	0
OG0008569	1	0	0	0	0	0
OG0008570	0	1	0	0	1	0
OG0008578	1	0	0	0	0	0
OG0008581	0	0	0	1	0	0
OG0008587	0	1	0	0	1	0
OG0008589	0	0	0	1	0	0
OG0008594	1	0	0	0	0	0
OG0008599	0	0	0	0	1	0
OG0008600	0	0	0	0	1	0
OG0008612	0	0	0	0	1	0
OG0008615	1	0	0	0	0	0
OG0008616	0	0	0	0	1	0
OG0008619	0	0	0	0	1	0
OG0008636	0	0	0	0	1	0
OG0008643	0	0	0	0	1	0
OG0008646	0	1	0	0	1	0
OG0008660	0	0	0	1	0	0
OG0008661	0	0	0	0	1	1
OG0008664	0	0	0	0	1	0
OG0008666	0	1	0	0	1	0
OG0008669	0	0	0	0	1	0
OG0008684	1	0	0	0	0	0
OG0008686	1	0	0	0	0	0
OG0008688	1	0	0	1	0	0
OG0008689	0	0	0	1	0	0
OG0008690	0	0	0	1	0	0
OG0008691	1	0	0	1	0	0
OG0008698	1	0	0	0	0	0
OG0008704	1	0	0	0	0	0
OG0008706	1	0	0	0	0	0
OG0008710	0	0	0	1	0	0
OG0008712	0	0	0	1	0	0
OG0008742	1	0	0	0	0	0
OG0008755	0	0	0	1	0	0
OG0008789	0	0	0	0	1	0
OG0008791	0	0	0	1	0	0
OG0008794	1	0	0	0	0	0
OG0008796	0	0	0	0	1	0
OG0008797	0	0	0	0	1	0
OG0008800	1	0	0	1	0	0
OG0008801	1	0	0	0	0	0
OG0008804	0	0	0	0	1	0
OG0008815	0	1	0	0	0	1
OG0008819	0	0	0	1	0	0
OG0008823	0	0	0	0	1	0
OG0008835	0	1	0	0	1	0
OG0008841	0	0	0	0	1	0
OG0008842	0	0	0	0	1	0
OG0008845	0	0	0	0	1	0
OG0008846	0	0	0	0	1	0
OG0008858	0	0	0	0	1	0
OG0008861	0	0	0	0	1	0
OG0008870	0	0	0	0	1	0
OG0008883	0	1	0	0	1	0
OG0008899	0	1	0	0	1	0
OG0008902	0	1	0	1	0	0
OG0008909	1	0	0	1	0	0
OG0008912	1	0	0	0	0	0
OG0008914	0	0	0	1	0	0
OG0008915	0	0	0	1	0	0
OG0008918	0	0	0	1	0	0
OG0008920	1	0	0	0	0	0
OG0008922	0	0	0	1	0	0
OG0008924	0	0	0	1	0	0
OG0008929	0	0	0	1	0	0
OG0008953	1	0	0	0	0	0
OG0008954	1	0	0	0	0	0
OG0008959	0	1	0	0	0	0
OG0008963	0	0	0	0	1	0
OG0008968	0	0	0	1	0	0
OG0008971	0	0	0	1	0	0
OG0008977	0	0	0	1	0	0
OG0009054	0	0	0	0	1	0
OG0009055	0	0	0	0	1	0
OG0009066	0	1	0	0	1	0
OG0009068	0	0	0	1	0	0
OG0009075	0	0	0	1	0	0
OG0009076	1	0	0	1	0	0
OG0009078	0	0	0	0	1	1
OG0009082	0	0	0	0	1	0
OG0009105	0	0	0	0	1	0
OG0009116	0	0	0	0	1	0
OG0009127	0	0	0	0	1	0
OG0009129	0	0	0	0	1	0
OG0009134	0	0	0	0	1	0
OG0009135	0	0	0	0	1	0
OG0009146	0	0	0	0	1	0
OG0009148	0	0	0	0	1	0
OG0009150	0	0	0	1	0	0
OG0009154	0	0	0	0	1	0
OG0009164	1	0	0	0	0	0
OG0009165	1	0	0	1	0	0
OG0009186	1	0	0	1	0	0
OG0009187	1	0	0	1	0	0
OG0009188	0	0	0	0	1	0
OG0009190	1	0	0	1	0	0
OG0009194	1	0	0	1	0	0
OG0009197	1	0	0	0	0	0
OG0009198	0	0	0	1	0	0
OG0009209	0	0	0	1	0	0
OG0009211	1	0	0	0	1	0
OG0009229	0	1	0	0	1	0
OG0009231	0	0	0	1	0	0
OG0009232	0	0	0	0	1	0
OG0009233	0	0	0	1	0	0
OG0009235	0	0	0	1	0	0
OG0009239	0	0	0	1	0	0
OG0009280	1	0	0	1	0	0
OG0009284	0	0	0	1	0	0
OG0009337	0	0	0	0	1	0
OG0009345	0	0	0	0	0	1
OG0009351	0	0	0	0	0	1
OG0009353	0	0	0	1	0	0
OG0009373	0	0	0	0	1	0
OG0009374	1	0	0	0	0	0
OG0009376	1	0	0	1	0	0
OG0009377	0	0	0	0	1	0
OG0009394	0	1	0	0	0	0
OG0009401	0	0	0	0	1	0
OG0009402	0	0	0	1	0	0
OG0009403	0	0	0	1	0	0
OG0009420	0	0	0	0	1	0
OG0009421	0	1	0	0	1	0
OG0009423	0	1	0	0	1	0
OG0009424	1	0	0	1	0	0
OG0009429	1	0	0	0	0	0
OG0009435	0	0	0	0	1	0
OG0009438	1	0	0	1	0	0
OG0009440	0	0	0	0	1	0
OG0009442	0	1	0	0	0	0
OG0009444	0	1	0	0	0	0
OG0009446	0	1	0	0	1	0
OG0009447	0	0	0	1	0	0
OG0009461	0	0	0	1	0	0
OG0009462	1	0	0	1	0	0
OG0009463	0	0	0	1	0	0
OG0009465	0	0	0	1	0	0
OG0009467	1	0	0	0	0	0
OG0009468	1	0	0	1	0	0
OG0009470	1	0	0	0	0	0
OG0009471	1	0	0	0	0	0
OG0009478	0	0	0	1	0	0
OG0009481	0	0	0	0	1	0
OG0009513	0	0	0	1	0	0
OG0009515	0	0	0	1	0	0
OG0009516	0	0	0	1	0	0
OG0009518	0	0	0	1	0	0
OG0009519	0	0	0	1	0	0
OG0009521	0	0	0	1	0	0
OG0009524	0	0	0	0	1	0
OG0009600	0	0	0	1	0	0
OG0009626	0	0	0	0	1	0
OG0009636	0	1	0	0	0	0
OG0009641	1	0	0	1	0	0
OG0009667	0	0	0	0	1	0
OG0009680	0	0	0	0	1	0
OG0009686	0	0	0	0	1	0
OG0009692	0	0	0	0	1	0
OG0009712	0	0	0	0	1	0
OG0009716	0	0	0	0	1	0
OG0009723	0	1	0	0	0	0
OG0009741	0	0	0	0	1	0
OG0009760	0	0	0	0	1	1
OG0009780	0	0	0	0	1	1
OG0009786	0	0	0	0	1	0
OG0009792	0	0	0	1	0	0
OG0009802	0	0	0	1	0	0
OG0009808	1	0	0	1	0	0
OG0009820	0	0	0	1	0	0
OG0009827	0	0	0	0	1	0
OG0009829	0	1	0	0	1	0
OG0009839	1	0	0	0	0	0
OG0009852	0	0	0	1	0	0
OG0009853	0	0	0	1	0	0
OG0009856	0	0	0	1	0	0
OG0009857	0	0	0	1	0	0
OG0009861	0	0	0	1	0	0
OG0009863	0	0	0	1	0	0
OG0009864	0	0	0	0	1	0
OG0009888	1	0	0	1	0	0
OG0009890	0	1	0	0	0	0
OG0009891	0	1	0	0	0	0
OG0009926	0	0	0	1	0	0
OG0009946	1	0	0	1	0	0
OG0009955	1	0	0	1	0	0
OG0010035	1	0	0	1	0	0
OG0010043	1	0	0	1	0	0
OG0010049	1	0	0	0	0	0
OG0010050	0	1	0	0	1	0
OG0010053	0	0	0	0	1	0
OG0010073	0	0	0	0	1	0
OG0010076	0	0	0	0	1	0
OG0010092	0	0	0	0	1	0
OG0010104	0	0	0	0	1	0
OG0010107	0	0	0	0	1	0
OG0010125	0	1	0	0	1	0
OG0010135	0	0	0	1	0	0
OG0010136	0	0	0	1	0	0
OG0010152	0	1	0	0	1	0
OG0010165	1	0	0	1	0	0
OG0010167	1	0	0	0	0	0
OG0010176	1	0	0	1	0	0
OG0010177	0	0	0	1	0	0
OG0010178	1	0	0	1	0	0
OG0010179	1	0	0	1	0	0
OG0010184	1	0	0	1	0	0
OG0010185	1	0	0	1	0	0
OG0010186	1	0	0	1	0	0
OG0010189	1	0	0	1	0	0
OG0010206	0	0	0	1	0	0
OG0010237	0	0	0	1	0	0
OG0010238	0	0	0	1	0	0
OG0010240	0	0	0	1	0	0
OG0010241	0	0	0	1	0	0
OG0010244	0	0	0	1	0	0
OG0010245	0	0	0	1	0	0
OG0010246	0	0	0	1	0	0
OG0010280	0	1	0	0	0	0
OG0010415	0	0	0	1	0	0
OG0010417	0	1	0	0	0	0
OG0010420	0	0	0	0	1	0
OG0010422	1	0	0	0	0	0
OG0010429	0	0	0	0	1	0
OG0010430	0	0	0	0	1	1
OG0010439	1	0	0	1	0	1
OG0010446	0	1	0	0	0	0
OG0010457	1	0	0	0	0	0
OG0010481	0	1	0	0	1	0
OG0010520	0	0	0	0	1	0
OG0010528	0	1	0	0	1	0
OG0010529	0	0	0	0	1	0
OG0010533	0	0	0	0	1	0
OG0010537	0	1	0	0	1	0
OG0010539	0	0	0	0	1	0
OG0010540	0	0	0	1	0	0
OG0010542	0	0	0	0	1	0
OG0010568	0	0	0	0	1	0
OG0010569	0	1	0	0	1	0
OG0010570	0	0	0	0	1	0
OG0010572	0	0	0	0	1	0
OG0010581	1	0	0	1	0	0
OG0010589	1	0	0	1	0	0
OG0010593	1	0	0	1	0	0
OG0010597	1	0	0	1	0	0
OG0010598	0	0	0	1	0	0
OG0010599	1	0	0	1	0	0
OG0010601	0	0	0	1	0	0
OG0010602	1	0	0	0	0	0
OG0010603	1	0	0	1	0	0
OG0010605	1	0	0	0	0	0
OG0010608	0	0	0	1	0	0
OG0010624	0	0	0	1	0	0
OG0010627	1	0	0	0	0	0
OG0010629	1	0	0	0	0	0
OG0010632	0	1	0	0	1	0
OG0010637	0	0	0	0	1	0
OG0010645	0	1	0	0	1	1
OG0010665	0	0	0	0	1	0
OG0010671	0	0	0	1	0	0
OG0010672	0	1	0	1	1	0
OG0010675	0	0	0	1	0	0
OG0010677	0	0	0	1	0	0
OG0010680	0	0	0	1	0	0
OG0010682	0	0	0	1	0	0
OG0010704	1	0	0	1	0	0
OG0010720	0	0	0	1	0	0
OG0010734	0	0	0	0	1	1
OG0010915	1	0	0	0	0	0
OG0010921	0	0	0	1	0	0
OG0010931	1	0	0	0	0	0
OG0010939	0	0	0	1	0	0
OG0010945	0	0	0	1	0	0
OG0010947	0	0	0	0	1	0
OG0010955	1	0	0	0	0	0
OG0010962	1	1	0	0	0	0
OG0010972	0	0	0	0	1	0
OG0010986	0	0	0	0	1	0
OG0011007	0	0	0	0	1	0
OG0011022	0	0	0	0	1	0
OG0011049	0	0	0	1	0	0
OG0011061	0	0	0	0	1	0
OG0011066	0	0	0	0	1	1
OG0011073	0	1	0	0	1	0
OG0011081	0	0	0	1	0	0
OG0011111	0	0	0	1	0	0
OG0011113	1	0	0	1	0	0
OG0011122	1	0	0	1	0	0
OG0011124	0	0	0	1	0	0
OG0011125	1	0	0	0	0	0
OG0011134	1	0	0	0	0	0
OG0011208	0	0	0	0	1	1
OG0011213	0	0	0	0	1	0
OG0011214	0	0	0	0	1	1
OG0011215	1	0	0	1	1	0
OG0011216	0	0	0	0	1	0
OG0011218	0	0	0	0	1	0
OG0011219	0	0	0	0	1	1
OG0011221	0	0	0	0	1	0
OG0011248	0	0	0	1	0	0
OG0011250	0	0	0	1	0	0
OG0011252	0	0	0	1	0	0
OG0011255	0	0	0	1	0	0
OG0011260	1	0	0	0	0	0
OG0011318	0	0	0	1	0	0
OG0011326	0	1	0	0	0	0
OG0011327	0	0	0	0	1	0
OG0011417	1	0	0	1	0	0
OG0011542	1	0	0	1	0	0
OG0011549	0	0	0	1	0	0
OG0011553	1	0	0	0	0	0
OG0011562	0	0	0	0	1	0
OG0011568	0	0	0	1	0	0
OG0011585	1	0	0	0	0	0
OG0011598	0	0	0	1	0	0
OG0011610	1	0	0	0	0	0
OG0011623	0	0	0	1	0	0
OG0011629	0	0	0	0	1	0
OG0011632	0	0	0	1	0	0
OG0011648	0	0	0	0	1	0
OG0011662	1	0	0	1	0	0
OG0011663	0	0	0	0	1	0
OG0011692	0	0	0	1	0	0
OG0011699	0	0	0	1	0	0
OG0011700	0	0	0	0	1	1
OG0011707	1	0	0	0	0	0
OG0011712	0	0	0	0	1	0
OG0011716	0	0	0	0	1	0
OG0011727	0	1	0	0	1	0
OG0011732	0	0	0	0	1	0
OG0011733	0	0	0	0	1	0
OG0011755	1	0	0	1	0	0
OG0011758	1	0	0	1	0	0
OG0011769	1	0	0	0	0	0
OG0011776	0	0	0	1	0	0
OG0011777	1	0	0	1	1	0
OG0011779	0	0	0	1	0	0
OG0011780	1	0	0	1	0	0
OG0011841	0	0	0	1	1	0
OG0011851	0	0	0	0	1	0
OG0011853	0	0	0	0	1	1
OG0011855	0	0	0	0	1	0
OG0011870	0	0	0	0	1	0
OG0011879	0	0	0	0	1	0
OG0011888	0	1	0	0	1	0
OG0011890	0	0	0	1	0	0
OG0011893	0	0	0	1	0	0
OG0011894	0	0	0	1	0	0
OG0011898	0	0	0	1	0	0
OG0011906	0	0	0	1	0	0
OG0011918	0	0	0	0	1	0
OG0011919	0	0	0	0	1	0
OG0011950	0	0	0	1	0	0
OG0011977	1	0	0	1	0	0
OG0011987	1	0	0	1	0	0
OG0011992	0	0	0	1	0	0
OG0012015	1	0	0	1	0	0
OG0012029	0	1	0	0	0	0
OG0012030	0	1	0	0	0	0
OG0012031	0	1	0	0	1	0
OG0012032	0	1	0	0	0	0
OG0012033	0	1	0	0	0	0
OG0012145	1	0	0	1	0	0
OG0012320	0	0	0	1	0	0
OG0012337	0	0	0	1	0	0
OG0012338	0	0	0	1	0	0
OG0012363	1	0	0	0	0	0
OG0012379	1	0	0	0	0	0
OG0012395	0	0	0	0	1	0
OG0012411	0	0	0	0	1	0
OG0012430	0	0	0	0	1	0
OG0012434	0	0	0	0	1	0
OG0012491	0	0	0	0	1	0
OG0012505	0	0	0	0	1	1
OG0012511	1	0	0	0	0	0
OG0012619	1	0	0	1	0	0
OG0012634	1	0	0	0	0	0
OG0012638	1	0	0	1	0	0
OG0012639	1	0	0	1	0	0
OG0012650	1	0	0	0	0	0
OG0012657	1	0	0	0	0	0
OG0012659	1	0	0	1	0	0
OG0012708	0	0	0	0	1	0
OG0012709	0	0	0	0	1	0
OG0012769	0	0	0	1	0	0
OG0012775	0	0	0	1	0	0
OG0012783	0	0	0	1	0	0
OG0012892	0	0	0	1	0	0
OG0012932	0	1	0	0	0	0
OG0013060	0	0	0	1	0	0
OG0013152	0	0	0	1	0	0
OG0013161	0	0	0	1	0	0
OG0013290	1	0	0	0	0	0
OG0013299	1	0	0	1	0	0
OG0013308	0	0	0	0	1	1
OG0013309	1	1	0	1	0	0
OG0013324	0	0	0	0	1	1
OG0013368	0	0	0	0	1	0
OG0013374	0	0	0	0	1	0
OG0013395	0	0	0	0	1	0
OG0013396	0	0	0	0	1	0
OG0013458	0	0	0	0	1	0
OG0013459	0	0	0	0	1	0
OG0013462	0	0	0	0	1	0
OG0013689	0	0	0	0	1	1
OG0013692	0	0	0	0	1	0
OG0013695	0	0	0	0	1	1
OG0013722	0	0	0	0	1	0
OG0013785	0	0	0	1	0	0
OG0013786	0	0	0	1	0	0
OG0013789	0	0	0	1	0	0
OG0013791	0	0	0	1	0	0
OG0013797	0	0	0	1	0	0
OG0013801	0	0	0	1	0	0
OG0013803	0	0	0	1	0	0
OG0013812	0	0	0	1	0	0
OG0013813	0	0	0	1	0	0
OG0013814	0	0	0	1	0	0
OG0013822	0	0	0	1	0	0
OG0013824	0	0	0	1	0	0
OG0013920	0	1	0	0	1	0
OG0014142	1	0	0	1	0	0
OG0014336	1	0	0	1	0	0
OG0014464	0	0	0	1	0	0
OG0014479	1	0	0	1	0	0
OG0014490	0	0	0	0	0	1
OG0014491	0	0	0	0	1	1
OG0014507	1	0	0	1	0	0
OG0014510	0	0	0	1	0	0
OG0014532	0	0	0	1	0	0
OG0014544	0	0	0	1	0	0
OG0014551	1	0	0	0	0	0
OG0014586	0	0	0	0	1	0
OG0014589	1	0	0	0	0	0
OG0014684	0	0	0	0	1	0
OG0014699	0	0	0	0	1	0
OG0014736	0	1	0	0	1	0
OG0014773	1	0	0	1	0	0
OG0014802	1	0	0	0	0	0
OG0014808	1	0	0	1	0	0
OG0014826	1	0	0	0	0	0
OG0014914	0	0	0	0	1	1
OG0015301	0	0	0	1	0	0
OG0015333	0	0	0	1	0	0
OG0015432	0	0	0	1	0	0
OG0015647	0	1	0	0	1	1
OG0015648	0	1	0	0	1	0
OG0016047	1	0	0	0	0	0
OG0016290	1	0	0	1	0	0
OG0016311	0	0	0	1	0	0
OG0016313	0	0	0	0	1	0
OG0016324	1	0	0	1	0	0
OG0016325	1	0	0	1	0	0
OG0016330	0	0	0	0	1	0
OG0016363	0	0	0	1	0	0
OG0016376	1	0	0	0	0	0
OG0016379	0	0	0	0	1	0
OG0016548	1	0	0	0	0	0
OG0016584	0	0	0	1	0	0
OG0016592	0	0	0	0	1	0
OG0016601	0	0	0	0	1	0
OG0016605	0	0	0	0	1	0
OG0016632	0	0	0	0	1	0
OG0016641	0	0	0	0	1	0
OG0016691	1	0	0	1	0	0
OG0016718	1	0	0	1	0	0
OG0016719	0	0	0	1	0	0
OG0016761	1	0	0	0	0	0
OG0016785	1	0	0	1	0	0
OG0016907	0	0	0	0	1	0
OG0016908	0	0	0	0	1	1
OG0017240	0	0	0	1	0	0
OG0017283	0	0	0	1	0	0
OG0017314	0	0	0	1	0	0
OG0017320	0	0	0	1	0	0
OG0017372	0	0	0	1	0	0
OG0017436	0	0	0	1	0	0
OG0017445	0	0	0	1	0	0
OG0017490	0	0	0	1	0	0
OG0017501	0	0	0	1	0	0
OG0017510	0	0	0	0	1	1
OG0017557	1	0	0	1	0	0
OG0017595	0	0	0	1	0	0
OG0017693	0	0	0	1	0	0
OG0017735	1	0	0	0	0	0
OG0017738	0	1	0	0	0	0
OG0017739	0	1	0	0	1	1
OG0017746	0	0	0	0	1	0
OG0018036	0	0	0	1	0	0
OG0018071	1	0	0	1	0	0
OG0018138	1	0	0	1	0	0
OG0018269	0	0	0	1	0	0
OG0018669	1	0	0	1	0	0
OG0018715	1	0	0	1	0	0
OG0018732	0	0	0	0	1	1
OG0018733	1	0	0	1	0	0
OG0018740	1	0	0	0	0	0
OG0018761	1	0	0	0	0	0
OG0018940	0	0	0	0	1	0
OG0019189	0	0	0	0	1	0
OG0019480	0	0	0	0	1	0
OG0019538	1	0	0	1	0	0
OG0019557	1	0	0	1	0	0
OG0019622	1	0	0	1	0	0
OG0019624	1	0	0	1	0	0
OG0020001	0	0	0	0	1	0
OG0020278	0	0	0	0	1	0
OG0020321	0	0	0	1	0	0
OG0020349	0	0	0	1	0	0
OG0020356	0	0	0	1	0	0
OG0020477	0	0	0	1	0	0
OG0020609	0	0	0	1	0	0
OG0020617	0	0	0	0	1	0
OG0020626	1	0	0	1	0	0
OG0020677	0	0	0	1	0	0
OG0020694	1	0	0	1	0	0
OG0020748	1	0	0	1	0	0
OG0020757	1	0	0	1	0	0
OG0020895	0	1	0	0	0	0
OG0020896	0	1	0	0	0	0
OG0020904	0	1	0	0	1	0
OG0021527	1	0	0	0	0	0
OG0021536	1	0	0	0	0	0
OG0021685	1	0	0	1	0	0
OG0021698	1	0	0	1	0	0
OG0021739	1	0	0	1	0	0
OG0022533	0	0	0	1	0	0
OG0022536	0	0	0	1	0	0
OG0022538	1	0	0	0	0	0
OG0022568	0	0	0	1	0	0
OG0022569	0	0	0	0	1	0
OG0022571	0	0	0	1	0	0
OG0022592	1	0	0	0	0	0
OG0022596	1	0	0	0	0	0
OG0022610	1	0	0	0	0	0
OG0022657	1	0	0	0	0	0
OG0022982	0	0	0	0	1	0
OG0022983	0	0	0	0	1	0
OG0023270	0	0	0	0	1	0
OG0023273	1	0	0	1	0	0
OG0023313	0	1	0	0	1	0
OG0023611	1	0	0	0	0	0
OG0023612	1	0	0	1	0	0
OG0023652	1	0	0	0	0	0
OG0023716	1	0	0	1	0	0
OG0023889	0	0	0	0	1	0
OG0023910	0	0	0	0	1	0
OG0023913	0	0	0	0	1	1
OG0023919	0	0	0	0	1	1
OG0023922	0	0	0	0	1	0
OG0023928	0	0	0	0	1	0
OG0024295	0	0	0	1	0	0
OG0024344	0	0	0	1	0	0
OG0024364	0	0	0	1	0	0
OG0024373	0	0	0	1	0	0
OG0024392	0	1	0	0	1	0
OG0024433	0	0	0	1	0	0
OG0024698	0	0	0	1	0	0
OG0024860	0	1	0	0	0	0
OG0024863	0	1	0	0	0	0
OG0024872	0	1	0	0	0	0
OG0024883	0	0	0	0	1	0
OG0024901	0	0	0	0	1	0
OG0026130	1	0	0	1	0	0
OG0026335	1	0	0	1	0	0
OG0026369	1	0	0	1	0	0
OG0026670	1	0	0	1	0	0
OG0027576	0	1	0	0	0	0
OG0027629	0	0	0	1	0	0
OG0027678	1	0	0	0	0	0
OG0027685	1	0	0	0	0	0
OG0027693	1	0	0	0	0	0
OG0027733	1	0	0	0	0	0
OG0028447	1	0	0	0	0	0
OG0028849	1	0	0	1	0	0
OG0028933	1	0	0	1	0	0
OG0028946	1	0	0	0	0	0
OG0029068	0	0	0	0	1	1
OG0029573	0	1	0	0	1	0
OG0029964	0	0	0	1	0	0
OG0030741	0	0	0	1	0	0
OG0031115	0	0	0	1	0	0
OG0031160	1	0	0	1	0	0
OG0031330	0	1	0	0	0	0
OG0031809	1	0	0	0	0	0
OG0034065	1	0	0	1	0	0
OG0034629	1	0	0	1	0	0
OG0035562	1	0	0	1	0	0
