OG	HG	GOs
OG0019925	HG_19926	
OG0019820	HG_19821	
OG0019756	HG_19757	
OG0019892	HG_19893	GO:0003674,GO:0003824,GO:0005575,GO:0006629,GO:0008150,GO:0008152,GO:0009966,GO:0010646,GO:0016020,GO:0016298,GO:0016787,GO:0016788,GO:0023051,GO:0044238,GO:0047372,GO:0048583,GO:0050789,GO:0050794,GO:0052689,GO:0065007,GO:0071704
OG0018771	HG_18772	
OG0018699	HG_18700	
OG0019907	HG_19908	
OG0019738	HG_19739	
OG0019874	HG_19875	
OG0019802	HG_19803	
OG0019769	HG_19770	
OG0019920	HG_19921	
OG0019751	HG_19752	
OG0016870	HG_16871	
OG0019838	HG_19839	GO:0000139,GO:0000271,GO:0003674,GO:0005215,GO:0005338,GO:0005457,GO:0005462,GO:0005464,GO:0005575,GO:0005622,GO:0005623,GO:0005737,GO:0005783,GO:0005789,GO:0005794,GO:0005975,GO:0005976,GO:0006022,GO:0006023,GO:0006030,GO:0006031,GO:0006037,GO:0006038,GO:0006040,GO:0006807,GO:0006810,GO:0006811,GO:0006820,GO:0008150,GO:0008152,GO:0008509,GO:0008514,GO:0009058,GO:0009059,GO:0009272,GO:0009987,GO:0010383,GO:0012505,GO:0015075,GO:0015165,GO:0015711,GO:0015780,GO:0015783,GO:0015786,GO:0015790,GO:0015931,GO:0015932,GO:0016020,GO:0016021,GO:0016051,GO:0017144,GO:0022857,GO:0030173,GO:0030176,GO:0031090,GO:0031224,GO:0031227,GO:0031228,GO:0031300,GO:0031301,GO:0031984,GO:0033692,GO:0034220,GO:0034221,GO:0034637,GO:0034645,GO:0036080,GO:0042175,GO:0042546,GO:0043170,GO:0043226,GO:0043227,GO:0043229,GO:0043231,GO:0044036,GO:0044038,GO:0044085,GO:0044237,GO:0044238,GO:0044249,GO:0044260,GO:0044262,GO:0044264,GO:0044422,GO:0044424,GO:0044425,GO:0044431,GO:0044432,GO:0044444,GO:0044446,GO:0044464,GO:0046349,GO:0051179,GO:0051234,GO:0051278,GO:0055085,GO:0070589,GO:0070592,GO:0071554,GO:0071702,GO:0071704,GO:0071705,GO:0071840,GO:0071852,GO:0071966,GO:0090480,GO:0090481,GO:0098588,GO:0098656,GO:0098791,GO:0098827,GO:1901071,GO:1901073,GO:1901135,GO:1901137,GO:1901264,GO:1901505,GO:1901564,GO:1901566,GO:1901576,GO:1990569
OG0019902	HG_19903	
OG0018717	HG_18718	GO:0000322,GO:0000323,GO:0000324,GO:0000328,GO:0003674,GO:0003824,GO:0004177,GO:0005488,GO:0005575,GO:0005576,GO:0005618,GO:0005622,GO:0005623,GO:0005634,GO:0005737,GO:0005739,GO:0005768,GO:0005770,GO:0005771,GO:0005773,GO:0005775,GO:0005975,GO:0005976,GO:0005977,GO:0006073,GO:0006091,GO:0006112,GO:0006508,GO:0006518,GO:0006807,GO:0008104,GO:0008150,GO:0008152,GO:0008233,GO:0008235,GO:0008236,GO:0008237,GO:0008238,GO:0008270,GO:0009056,GO:0009277,GO:0009987,GO:0010467,GO:0012505,GO:0015980,GO:0016485,GO:0016787,GO:0017171,GO:0019538,GO:0030287,GO:0030312,GO:0031410,GO:0031974,GO:0031982,GO:0032991,GO:0033036,GO:0033218,GO:0033365,GO:0034613,GO:0034641,GO:0042277,GO:0042597,GO:0043167,GO:0043169,GO:0043170,GO:0043171,GO:0043226,GO:0043227,GO:0043229,GO:0043231,GO:0043233,GO:0043603,GO:0044042,GO:0044237,GO:0044238,GO:0044248,GO:0044260,GO:0044262,GO:0044264,GO:0044422,GO:0044424,GO:0044437,GO:0044444,GO:0044446,GO:0044464,GO:0046872,GO:0046914,GO:0051179,GO:0051604,GO:0051641,GO:0055114,GO:0061957,GO:0070006,GO:0070011,GO:0070013,GO:0070727,GO:0071704,GO:0071944,GO:0072665,GO:0097708,GO:0120113,GO:0140096,GO:1901564,GO:1901565,GO:1901575
OG0019869	HG_19870	
OG0016852	HG_16853	
OG0019956	HG_19957	
OG0019787	HG_19788	
OG0013648	HG_13649	
OG0016834	HG_16835	
OG0019938	HG_19939	
OG0016888	HG_16889	
OG0019833	HG_19834	
OG0016816	HG_16817	
OG0019951	HG_19952	
OG0019887	HG_19888	
OG0019815	HG_19816	
OG0019782	HG_19783	
OG0011168	HG_11169	
OG0019933	HG_19934	
OG0019764	HG_19765	
OG0019746	HG_19747	
OG0019915	HG_19916	
OG0018697	HG_18698	
OG0016865	HG_16866	GO:0003674,GO:0003824,GO:0003880,GO:0004671,GO:0005575,GO:0005622,GO:0005623,GO:0005634,GO:0005635,GO:0005637,GO:0005737,GO:0005783,GO:0005789,GO:0006464,GO:0006479,GO:0006481,GO:0006807,GO:0007323,GO:0008150,GO:0008152,GO:0008168,GO:0008171,GO:0008213,GO:0008276,GO:0008757,GO:0009987,GO:0010340,GO:0010467,GO:0012505,GO:0016020,GO:0016021,GO:0016740,GO:0016741,GO:0018410,GO:0019538,GO:0019866,GO:0031090,GO:0031136,GO:0031137,GO:0031139,GO:0031224,GO:0031965,GO:0031967,GO:0031975,GO:0031984,GO:0032259,GO:0036211,GO:0042175,GO:0043170,GO:0043226,GO:0043227,GO:0043229,GO:0043231,GO:0043412,GO:0043414,GO:0043687,GO:0043900,GO:0043902,GO:0044237,GO:0044238,GO:0044260,GO:0044267,GO:0044422,GO:0044424,GO:0044425,GO:0044428,GO:0044432,GO:0044444,GO:0044446,GO:0044464,GO:0046999,GO:0048518,GO:0048522,GO:0050789,GO:0050794,GO:0051604,GO:0051998,GO:0065007,GO:0071432,GO:0071704,GO:0098827,GO:0140096,GO:1901564,GO:2000241,GO:2000243
OG0019882	HG_19883	
OG0011847	HG_11848	
OG0019728	HG_19729	
OG0019864	HG_19865	
OG0018743	HG_18744	GO:0000001,GO:0005575,GO:0005622,GO:0005623,GO:0005737,GO:0005739,GO:0005740,GO:0005741,GO:0005783,GO:0006810,GO:0006811,GO:0006820,GO:0006869,GO:0006996,GO:0007005,GO:0007006,GO:0007008,GO:0008150,GO:0009987,GO:0010876,GO:0012505,GO:0015711,GO:0015748,GO:0015914,GO:0016020,GO:0016043,GO:0019867,GO:0022406,GO:0022607,GO:0031090,GO:0031966,GO:0031967,GO:0031968,GO:0031975,GO:0032865,GO:0032991,GO:0033036,GO:0034622,GO:0043226,GO:0043227,GO:0043229,GO:0043231,GO:0043933,GO:0044085,GO:0044232,GO:0044233,GO:0044422,GO:0044424,GO:0044425,GO:0044429,GO:0044432,GO:0044444,GO:0044446,GO:0044455,GO:0044464,GO:0048308,GO:0048311,GO:0051179,GO:0051234,GO:0051640,GO:0051641,GO:0051646,GO:0061024,GO:0065003,GO:0070096,GO:0071702,GO:0071840,GO:0098588,GO:0098796,GO:0098798,GO:0098799,GO:0098805,GO:0140056,GO:1990456
OG0016847	HG_16848	
OG0019759	HG_19760	
OG0012330	HG_12331	
OG0019741	HG_19742	
OG0019910	HG_19911	GO:0000272,GO:0003674,GO:0003824,GO:0004553,GO:0005575,GO:0005576,GO:0005975,GO:0005976,GO:0005996,GO:0008150,GO:0008152,GO:0009056,GO:0009057,GO:0009987,GO:0010383,GO:0010410,GO:0016052,GO:0016787,GO:0016798,GO:0019321,GO:0019566,GO:0043170,GO:0044036,GO:0044237,GO:0044238,GO:0044260,GO:0044281,GO:0046373,GO:0046556,GO:0071554,GO:0071704,GO:1901575,GO:2000895
OG0019846	HG_19847	
OG0019982	HG_19983	
OG0016860	HG_16861	
OG0019964	HG_19965	
OG0019828	HG_19829	
OG0019859	HG_19860	
OG0012671	HG_12672	
OG0014841	HG_14842	
OG0019777	HG_19778	
OG0019946	HG_19947	
OG0014895	HG_14896	
OG0019895	HG_19896	
OG0019928	HG_19929	
OG0016806	HG_16807	
OG0016878	HG_16879	
OG0019790	HG_19791	
OG0019877	HG_19878	
OG0018756	HG_18757	
OG0019772	HG_19773	
OG0019805	HG_19806	
OG0016819	HG_16820	GO:0003674,GO:0005488,GO:0005515,GO:0030544,GO:0031072
OG0019754	HG_19755	
OG0019890	HG_19891	
OG0016873	HG_16874	
OG0013615	HG_13616	
OG0019977	HG_19978	
OG0019736	HG_19737	
OG0019872	HG_19873	
OG0019905	HG_19906	
OG0019800	HG_19801	
OG0012684	HG_12685	
OG0019854	HG_19855	
OG0019749	HG_19750	
OG0013682	HG_13683	
OG0012666	HG_12667	
OG0019836	HG_19837	
OG0019731	HG_19732	
OG0019900	HG_19901	
OG0019972	HG_19973	
OG0019818	HG_19819	
OG0019954	HG_19955	
OG0019849	HG_19850	
OG0016832	HG_16833	
OG0019831	HG_19832	
OG0019936	HG_19937	
OG0016814	HG_16815	
OG0019813	HG_19814	
OG0019885	HG_19886	
OG0019918	HG_19919	
OG0019780	HG_19781	
OG0012697	HG_12698	
OG0019867	HG_19868	
OG0019931	HG_19932	
OG0019762	HG_19763	
OG0016881	HG_16882	
OG0019985	HG_19986	
OG0019744	HG_19745	GO:0000228,GO:0000278,GO:0000724,GO:0000725,GO:0000727,GO:0000785,GO:0000790,GO:0000811,GO:0005575,GO:0005622,GO:0005623,GO:0005634,GO:0005654,GO:0005657,GO:0005694,GO:0006139,GO:0006259,GO:0006260,GO:0006261,GO:0006270,GO:0006281,GO:0006302,GO:0006310,GO:0006725,GO:0006807,GO:0006950,GO:0006974,GO:0007049,GO:0008150,GO:0008152,GO:0009058,GO:0009059,GO:0009987,GO:0022402,GO:0031261,GO:0031298,GO:0031974,GO:0031981,GO:0032991,GO:0032993,GO:0033260,GO:0033554,GO:0034641,GO:0034645,GO:0043170,GO:0043226,GO:0043227,GO:0043228,GO:0043229,GO:0043231,GO:0043232,GO:0043233,GO:0043596,GO:0044237,GO:0044238,GO:0044249,GO:0044260,GO:0044422,GO:0044424,GO:0044427,GO:0044428,GO:0044446,GO:0044451,GO:0044454,GO:0044464,GO:0044786,GO:0046483,GO:0050896,GO:0051716,GO:0070013,GO:0071162,GO:0071704,GO:0090304,GO:1901360,GO:1901576,GO:1902292,GO:1902315,GO:1902969,GO:1902975,GO:1903047
OG0019913	HG_19914	
OG0019880	HG_19881	
OG0018728	HG_18729	GO:0000375,GO:0000377,GO:0000398,GO:0005575,GO:0005622,GO:0005623,GO:0005634,GO:0005681,GO:0005682,GO:0006139,GO:0006396,GO:0006397,GO:0006725,GO:0006807,GO:0008150,GO:0008152,GO:0008380,GO:0009987,GO:0010467,GO:0016070,GO:0016071,GO:0030532,GO:0032991,GO:0034641,GO:0043170,GO:0043226,GO:0043227,GO:0043229,GO:0043231,GO:0044237,GO:0044238,GO:0044422,GO:0044424,GO:0044428,GO:0044446,GO:0044464,GO:0045292,GO:0046483,GO:0071014,GO:0071704,GO:0090304,GO:0097525,GO:0120114,GO:1901360,GO:1990904
OG0012692	HG_12693	
OG0016863	HG_16864	
OG0019967	HG_19968	
OG0019862	HG_19863	
OG0014844	HG_14845	
OG0019844	HG_19845	
OG0019980	HG_19981	
OG0019739	HG_19740	
OG0013600	HG_13601	
OG0019826	HG_19827	
OG0019962	HG_19963	
OG0019898	HG_19899	
OG0019793	HG_19794	
OG0016840	HG_16841	
OG0019808	HG_19809	
OG0016894	HG_16895	
OG0019839	HG_19840	
OG0019775	HG_19776	GO:0003674,GO:0005198,GO:0005199,GO:0005575,GO:0005618,GO:0005623,GO:0008150,GO:0009277,GO:0030312,GO:0030446,GO:0030447,GO:0030448,GO:0040007,GO:0044464,GO:0071944
OG0011192	HG_11193	
OG0019926	HG_19927	
OG0019821	HG_19822	
OG0019757	HG_19758	
OG0019893	HG_19894	
OG0016804	HG_16805	
OG0019908	HG_19909	
OG0019803	HG_19804	
OG0019939	HG_19940	
OG0019875	HG_19876	
OG0016889	HG_16890	
OG0019770	HG_19771	
OG0019921	HG_19922	
OG0016871	HG_16872	
OG0019752	HG_19753	
OG0012323	HG_12324	
OG0019903	HG_19904	
OG0019975	HG_19976	
OG0016853	HG_16854	
OG0019734	HG_19735	
OG0014852	HG_14853	
OG0013667	HG_13668	
OG0011835	HG_11836	
OG0019957	HG_19958	
OG0019788	HG_19789	
OG0016835	HG_16836	
OG0019852	HG_19853	
OG0016899	HG_16900	
OG0013303	HG_13304	GO:0000322,GO:0000323,GO:0000324,GO:0003674,GO:0005215,GO:0005575,GO:0005622,GO:0005623,GO:0005737,GO:0005773,GO:0006810,GO:0008150,GO:0016020,GO:0016021,GO:0031224,GO:0043226,GO:0043227,GO:0043229,GO:0043231,GO:0044424,GO:0044425,GO:0044444,GO:0044464,GO:0051179,GO:0051234,GO:0071944
OG0019834	HG_19835	
OG0019970	HG_19971	
OG0016817	HG_16818	
OG0018680	HG_18681	
OG0019729	HG_19730	
OG0019783	HG_19784	
OG0019816	HG_19817	
OG0019952	HG_19953	
OG0016830	HG_16831	
OG0019934	HG_19935	
OG0019829	HG_19830	
OG0019916	HG_19917	
OG0016866	HG_16867	
OG0019811	HG_19812	
OG0019883	HG_19884	
OG0013639	HG_13640	GO:0000139,GO:0003674,GO:0005488,GO:0005515,GO:0005575,GO:0005622,GO:0005623,GO:0005737,GO:0005783,GO:0005789,GO:0005794,GO:0005798,GO:0006464,GO:0006486,GO:0006807,GO:0006810,GO:0006888,GO:0008104,GO:0008150,GO:0008152,GO:0009058,GO:0009059,GO:0009100,GO:0009101,GO:0009987,GO:0012505,GO:0016020,GO:0016021,GO:0016043,GO:0016192,GO:0019538,GO:0030134,GO:0030135,GO:0030173,GO:0030176,GO:0030674,GO:0031090,GO:0031224,GO:0031227,GO:0031228,GO:0031300,GO:0031301,GO:0031410,GO:0031505,GO:0031982,GO:0031984,GO:0032507,GO:0033036,GO:0033365,GO:0034067,GO:0034613,GO:0034645,GO:0036211,GO:0042175,GO:0043170,GO:0043226,GO:0043227,GO:0043229,GO:0043231,GO:0043412,GO:0043413,GO:0044237,GO:0044238,GO:0044249,GO:0044260,GO:0044267,GO:0044422,GO:0044424,GO:0044425,GO:0044431,GO:0044432,GO:0044444,GO:0044446,GO:0044464,GO:0045053,GO:0045185,GO:0045229,GO:0046907,GO:0048193,GO:0051179,GO:0051234,GO:0051235,GO:0051641,GO:0051649,GO:0051651,GO:0060090,GO:0065007,GO:0065008,GO:0070085,GO:0070727,GO:0071554,GO:0071555,GO:0071704,GO:0071840,GO:0071852,GO:0097020,GO:0097708,GO:0098588,GO:0098791,GO:0098827,GO:1901135,GO:1901137,GO:1901564,GO:1901566,GO:1901576
OG0016848	HG_16849	
OG0019760	HG_19761	
OG0019929	HG_19930	GO:0005575,GO:0005622,GO:0005623,GO:0005634,GO:0043226,GO:0043227,GO:0043229,GO:0043231,GO:0044424,GO:0044464
OG0019865	HG_19866	
OG0016879	HG_16880	
OG0019847	HG_19848	
OG0019983	HG_19984	
OG0019742	HG_19743	
OG0016861	HG_16862	GO:0000003,GO:0000226,GO:0000278,GO:0000280,GO:0000923,GO:0000928,GO:0000930,GO:0003674,GO:0005198,GO:0005200,GO:0005488,GO:0005515,GO:0005575,GO:0005622,GO:0005623,GO:0005737,GO:0005815,GO:0005816,GO:0005822,GO:0005824,GO:0005825,GO:0005856,GO:0006810,GO:0006928,GO:0006996,GO:0007010,GO:0007017,GO:0007018,GO:0007020,GO:0007049,GO:0007051,GO:0007052,GO:0007097,GO:0007163,GO:0008092,GO:0008150,GO:0008275,GO:0008360,GO:0009987,GO:0015630,GO:0015631,GO:0016043,GO:0022402,GO:0022414,GO:0022603,GO:0022604,GO:0022607,GO:0031021,GO:0031109,GO:0031122,GO:0032153,GO:0032155,GO:0032991,GO:0034453,GO:0034622,GO:0034631,GO:0043015,GO:0043226,GO:0043228,GO:0043229,GO:0043232,GO:0043933,GO:0044085,GO:0044422,GO:0044424,GO:0044430,GO:0044444,GO:0044446,GO:0044450,GO:0044464,GO:0044732,GO:0046785,GO:0046907,GO:0048285,GO:0050789,GO:0050793,GO:0050794,GO:0051128,GO:0051179,GO:0051225,GO:0051234,GO:0051258,GO:0051321,GO:0051415,GO:0051418,GO:0051640,GO:0051641,GO:0051647,GO:0051649,GO:0051656,GO:0061496,GO:0061497,GO:0065003,GO:0065007,GO:0065008,GO:0070925,GO:0071840,GO:0071957,GO:0071963,GO:0072393,GO:0090307,GO:0097435,GO:0098863,GO:0099098,GO:0099111,GO:0140014,GO:1902850,GO:1903047,GO:1990734
OG0019860	HG_19861	
OG0019796	HG_19797	
OG0019965	HG_19966	
OG0016843	HG_16844	
OG0012367	HG_12368	
OG0019842	HG_19843	GO:0000096,GO:0000097,GO:0003674,GO:0003824,GO:0003962,GO:0004123,GO:0005488,GO:0005575,GO:0005622,GO:0005623,GO:0005634,GO:0005737,GO:0006082,GO:0006520,GO:0006534,GO:0006555,GO:0006790,GO:0006807,GO:0008144,GO:0008150,GO:0008152,GO:0008652,GO:0009058,GO:0009066,GO:0009067,GO:0009069,GO:0009070,GO:0009086,GO:0009092,GO:0009987,GO:0016053,GO:0016740,GO:0016765,GO:0016829,GO:0016846,GO:0017144,GO:0019343,GO:0019344,GO:0019346,GO:0019752,GO:0019842,GO:0030170,GO:0036094,GO:0043167,GO:0043168,GO:0043226,GO:0043227,GO:0043229,GO:0043231,GO:0043436,GO:0044237,GO:0044238,GO:0044249,GO:0044272,GO:0044281,GO:0044283,GO:0044424,GO:0044464,GO:0046394,GO:0048037,GO:0050662,GO:0050667,GO:0070279,GO:0071265,GO:0071266,GO:0071704,GO:0097159,GO:1901363,GO:1901564,GO:1901566,GO:1901576,GO:1901605,GO:1901607
OG0019778	HG_19779	
OG0019947	HG_19948	
OG0019896	HG_19897	
OG0019791	HG_19792	
OG0018775	HG_18776	
OG0016807	HG_16808	
OG0013588	HG_13589	
OG0019806	HG_19807	
OG0019878	HG_19879	
OG0019773	HG_19774	
OG0019942	HG_19943	
OG0016892	HG_16893	
OG0019819	HG_19820	
OG0019755	HG_19756	
OG0019924	HG_19925	
OG0016874	HG_16875	
OG0014873	HG_14874	
OG0014906	HG_14907	
OG0019978	HG_19979	
OG0019801	HG_19802	
OG0019737	HG_19738	
OG0019906	HG_19907	
OG0019873	HG_19874	
OG0016920	HG_16921	
OG0016856	HG_16857	
OG0019855	HG_19856	
OG0019750	HG_19751	
OG0014837	HG_14838	
OG0019919	HG_19920	
OG0016869	HG_16870	
OG0019837	HG_19838	GO:0000166,GO:0001505,GO:0003674,GO:0003824,GO:0005488,GO:0005515,GO:0005575,GO:0005622,GO:0005623,GO:0005737,GO:0005739,GO:0005829,GO:0006790,GO:0006807,GO:0006809,GO:0008150,GO:0008152,GO:0009058,GO:0009889,GO:0009891,GO:0009893,GO:0009987,GO:0010181,GO:0010941,GO:0010942,GO:0016043,GO:0016226,GO:0016491,GO:0016651,GO:0017144,GO:0019222,GO:0022607,GO:0031163,GO:0031323,GO:0031325,GO:0031326,GO:0031328,GO:0032553,GO:0034641,GO:0036094,GO:0042133,GO:0042136,GO:0043067,GO:0043068,GO:0043167,GO:0043168,GO:0043226,GO:0043227,GO:0043229,GO:0043231,GO:0044085,GO:0044237,GO:0044249,GO:0044271,GO:0044424,GO:0044444,GO:0044464,GO:0044572,GO:0045428,GO:0045429,GO:0046209,GO:0048037,GO:0048518,GO:0048522,GO:0048583,GO:0048584,GO:0050660,GO:0050661,GO:0050662,GO:0050789,GO:0050794,GO:0051171,GO:0051173,GO:0051186,GO:0055114,GO:0065007,GO:0065008,GO:0071840,GO:0072593,GO:0080134,GO:0080135,GO:0097159,GO:0097367,GO:1900407,GO:1900409,GO:1901031,GO:1901033,GO:1901265,GO:1901298,GO:1901300,GO:1901363,GO:1902882,GO:1902884,GO:1903201,GO:1903205,GO:1903209,GO:1903409,GO:1903426,GO:1903428,GO:1904407,GO:1905206,GO:2000377,GO:2000379,GO:2001023,GO:2001025,GO:2001038,GO:2001040,GO:2001057
OG0019973	HG_19974	
OG0019732	HG_19733	
OG0019901	HG_19902	
OG0016851	HG_16852	
OG0016305	HG_16306	
OG0019955	HG_19956	
OG0019850	HG_19851	
OG0019786	HG_19787	
OG0016833	HG_16834	
OG0016887	HG_16888	
OG0019950	HG_19951	
OG0019886	HG_19887	
OG0019814	HG_19815	
OG0019781	HG_19782	
OG0016354	HG_16355	
OG0013337	HG_13338	
OG0019932	HG_19933	
OG0019868	HG_19869	
OG0016882	HG_16883	
OG0019763	HG_19764	
OG0016810	HG_16811	
OG0019986	HG_19987	
OG0019914	HG_19915	
OG0016864	HG_16865	
OG0019809	HG_19810	
OG0019745	HG_19746	
OG0019881	HG_19882	
OG0012693	HG_12694	
OG0011162	HG_11163	
OG0019968	HG_19969	
OG0016846	HG_16847	
OG0018742	HG_18743	GO:0003674,GO:0003824,GO:0005575,GO:0005622,GO:0005623,GO:0005737,GO:0005739,GO:0006082,GO:0006520,GO:0006570,GO:0006572,GO:0006725,GO:0006807,GO:0008150,GO:0008152,GO:0009056,GO:0009063,GO:0009072,GO:0009074,GO:0009987,GO:0016054,GO:0016787,GO:0016822,GO:0016823,GO:0019439,GO:0019752,GO:0043226,GO:0043227,GO:0043229,GO:0043231,GO:0043436,GO:0044237,GO:0044238,GO:0044248,GO:0044281,GO:0044282,GO:0044424,GO:0044444,GO:0044464,GO:0046395,GO:0047621,GO:0071704,GO:1901360,GO:1901361,GO:1901564,GO:1901565,GO:1901575,GO:1901605,GO:1901606
OG0016828	HG_16829	
OG0019909	HG_19910	
OG0019845	HG_19846	GO:0000313,GO:0000314,GO:0003674,GO:0003735,GO:0005198,GO:0005575,GO:0005622,GO:0005623,GO:0005737,GO:0005739,GO:0005759,GO:0005761,GO:0005763,GO:0005840,GO:0006412,GO:0006518,GO:0006807,GO:0008150,GO:0008152,GO:0009058,GO:0009059,GO:0009987,GO:0010467,GO:0015935,GO:0019538,GO:0031974,GO:0032543,GO:0032991,GO:0034641,GO:0034645,GO:0043043,GO:0043170,GO:0043226,GO:0043227,GO:0043228,GO:0043229,GO:0043231,GO:0043232,GO:0043233,GO:0043603,GO:0043604,GO:0044237,GO:0044238,GO:0044249,GO:0044260,GO:0044267,GO:0044271,GO:0044391,GO:0044422,GO:0044424,GO:0044429,GO:0044444,GO:0044446,GO:0044464,GO:0070013,GO:0071704,GO:0098798,GO:0140053,GO:1901564,GO:1901566,GO:1901576,GO:1990904
OG0016859	HG_16860	
OG0019740	HG_19741	
OG0019963	HG_19964	
OG0019794	HG_19795	
OG0019827	HG_19828	
OG0016841	HG_16842	GO:0000003,GO:0000272,GO:0000746,GO:0000747,GO:0000935,GO:0003674,GO:0003824,GO:0004338,GO:0004553,GO:0005575,GO:0005576,GO:0005622,GO:0005623,GO:0005856,GO:0005886,GO:0005937,GO:0005975,GO:0005976,GO:0006073,GO:0008150,GO:0008152,GO:0008422,GO:0009056,GO:0009057,GO:0009251,GO:0009986,GO:0009987,GO:0015629,GO:0015926,GO:0016020,GO:0016021,GO:0016043,GO:0016052,GO:0016787,GO:0016798,GO:0019953,GO:0022411,GO:0022414,GO:0030427,GO:0030428,GO:0031224,GO:0031505,GO:0031520,GO:0032153,GO:0032155,GO:0042995,GO:0043170,GO:0043226,GO:0043228,GO:0043229,GO:0043232,GO:0043332,GO:0044042,GO:0044237,GO:0044238,GO:0044260,GO:0044262,GO:0044264,GO:0044277,GO:0044422,GO:0044424,GO:0044425,GO:0044430,GO:0044446,GO:0044459,GO:0044463,GO:0044464,GO:0044703,GO:0044764,GO:0045229,GO:0051286,GO:0051704,GO:0070871,GO:0071554,GO:0071555,GO:0071704,GO:0071840,GO:0071852,GO:0071853,GO:0071944,GO:0098590,GO:0120025,GO:0120038,GO:1901575,GO:1904541,GO:1990819
OG0019776	HG_19777	
OG0019945	HG_19946	
OG0016895	HG_16896	
OG0019840	HG_19841	
OG0016823	HG_16824	
OG0019758	HG_19759	
OG0019927	HG_19928	
OG0016805	HG_16806	
OG0016877	HG_16878	
OG0019789	HG_19790	
OG0019894	HG_19895	
OG0019940	HG_19941	
OG0019876	HG_19877	
OG0020986	HG_20987	GO:0003674,GO:0003824,GO:0004462,GO:0005488,GO:0005575,GO:0005622,GO:0005623,GO:0005634,GO:0005737,GO:0006081,GO:0006082,GO:0006089,GO:0006518,GO:0006575,GO:0006749,GO:0006790,GO:0006807,GO:0006950,GO:0006970,GO:0008150,GO:0008152,GO:0008270,GO:0009056,GO:0009438,GO:0009628,GO:0009636,GO:0009987,GO:0016829,GO:0016846,GO:0019243,GO:0019752,GO:0032787,GO:0033554,GO:0034641,GO:0042180,GO:0042182,GO:0042221,GO:0043167,GO:0043169,GO:0043226,GO:0043227,GO:0043229,GO:0043231,GO:0043436,GO:0043603,GO:0044237,GO:0044248,GO:0044281,GO:0044282,GO:0044424,GO:0044464,GO:0046185,GO:0046872,GO:0046914,GO:0050896,GO:0051186,GO:0051596,GO:0051716,GO:0061727,GO:0070887,GO:0071214,GO:0071470,GO:0071704,GO:0097237,GO:0098754,GO:0104004,GO:1901564,GO:1901575,GO:1901615,GO:1990748
OG0019804	HG_19805	
OG0019771	HG_19772	
OG0014889	HG_14890	
OG0012688	HG_12689	
OG0019753	HG_19754	
OG0019922	HG_19923	
OG0019858	HG_19859	
OG0016872	HG_16873	
OG0019889	HG_19890	
OG0019976	HG_19977	
OG0019735	HG_19736	
OG0019904	HG_19905	
OG0018750	HG_18751	
OG0018686	HG_18687	
OG0019799	HG_19800	
OG0019853	HG_19854	
OG0013681	HG_13682	
OG0012665	HG_12666	
OG0016818	HG_16819	
OG0019730	HG_19731	
OG0019899	HG_19900	
OG0019835	HG_19836	
OG0019953	HG_19954	
OG0019817	HG_19818	
OG0019784	HG_19785	
OG0018663	HG_18664	
OG0014525	HG_14526	GO:0000322,GO:0000323,GO:0000324,GO:0005575,GO:0005622,GO:0005623,GO:0005737,GO:0005773,GO:0005783,GO:0005886,GO:0006810,GO:0008150,GO:0009987,GO:0012505,GO:0015931,GO:0016020,GO:0016021,GO:0016043,GO:0031224,GO:0032368,GO:0032879,GO:0043226,GO:0043227,GO:0043229,GO:0043231,GO:0043269,GO:0044070,GO:0044424,GO:0044425,GO:0044444,GO:0044464,GO:0050789,GO:0050794,GO:0051049,GO:0051128,GO:0051179,GO:0051234,GO:0060237,GO:0061024,GO:0061091,GO:0065007,GO:0065008,GO:0071702,GO:0071705,GO:0071840,GO:0071944,GO:0097035,GO:1903338,GO:1905952,GO:2001138
OG0012660	HG_12661	
OG0019935	HG_19936	
OG0019830	HG_19831	GO:0000322,GO:0000323,GO:0000324,GO:0000329,GO:0003674,GO:0003824,GO:0005215,GO:0005388,GO:0005575,GO:0005622,GO:0005623,GO:0005737,GO:0005773,GO:0005774,GO:0005886,GO:0005887,GO:0006810,GO:0006811,GO:0006812,GO:0006816,GO:0006873,GO:0006874,GO:0006875,GO:0008150,GO:0008324,GO:0009987,GO:0015075,GO:0015085,GO:0015318,GO:0015399,GO:0015405,GO:0015662,GO:0016020,GO:0016021,GO:0016462,GO:0016787,GO:0016817,GO:0016818,GO:0016887,GO:0017111,GO:0019725,GO:0019829,GO:0022804,GO:0022853,GO:0022857,GO:0022890,GO:0030001,GO:0030003,GO:0031090,GO:0031224,GO:0031226,GO:0034220,GO:0042592,GO:0042623,GO:0042625,GO:0042626,GO:0043226,GO:0043227,GO:0043229,GO:0043231,GO:0043492,GO:0044232,GO:0044422,GO:0044424,GO:0044425,GO:0044437,GO:0044444,GO:0044446,GO:0044459,GO:0044464,GO:0046873,GO:0048878,GO:0050801,GO:0051179,GO:0051234,GO:0055065,GO:0055074,GO:0055080,GO:0055082,GO:0055085,GO:0065007,GO:0065008,GO:0070588,GO:0070838,GO:0071944,GO:0072503,GO:0072507,GO:0072511,GO:0090662,GO:0098588,GO:0098655,GO:0098660,GO:0098662,GO:0098771,GO:0098805,GO:0098852,GO:0099131,GO:0099132,GO:1990816
OG0016813	HG_16814	
OG0019748	HG_19749	
OG0019917	HG_19918	
OG0018763	HG_18764	
OG0019812	HG_19813	
OG0019779	HG_19780	
OG0013640	HG_13641	
OG0019866	HG_19867	
OG0019930	HG_19931	
OG0019761	HG_19762	
OG0013317	HG_13318	GO:0003674,GO:0003824,GO:0004462,GO:0005488,GO:0005575,GO:0005622,GO:0005623,GO:0005634,GO:0005737,GO:0006081,GO:0006082,GO:0006089,GO:0006518,GO:0006575,GO:0006749,GO:0006790,GO:0006807,GO:0006950,GO:0006970,GO:0008150,GO:0008152,GO:0008270,GO:0009056,GO:0009438,GO:0009628,GO:0009636,GO:0009987,GO:0016829,GO:0016846,GO:0019243,GO:0019752,GO:0032787,GO:0033554,GO:0034641,GO:0042180,GO:0042182,GO:0042221,GO:0043167,GO:0043169,GO:0043226,GO:0043227,GO:0043229,GO:0043231,GO:0043436,GO:0043603,GO:0044237,GO:0044248,GO:0044281,GO:0044282,GO:0044424,GO:0044464,GO:0046185,GO:0046872,GO:0046914,GO:0050896,GO:0051186,GO:0051596,GO:0051716,GO:0061727,GO:0070887,GO:0071214,GO:0071470,GO:0071704,GO:0097237,GO:0098754,GO:0104004,GO:1901564,GO:1901575,GO:1901615,GO:1990748,GO:0000070,GO:0000226,GO:0000228,GO:0000278,GO:0000280,GO:0000775,GO:0000776,GO:0000777,GO:0000778,GO:0000779,GO:0000780,GO:0000793,GO:0000794,GO:0000819,GO:0000922,GO:0000940,GO:0000942,GO:0005198,GO:0005200,GO:0005515,GO:0005694,GO:0005815,GO:0005816,GO:0005819,GO:0005856,GO:0005874,GO:0005876,GO:0005881,GO:0005938,GO:0006810,GO:0006886,GO:0006928,GO:0006996,GO:0007010,GO:0007017,GO:0007018,GO:0007019,GO:0007020,GO:0007049,GO:0007051,GO:0007052,GO:0007059,GO:0007080,GO:0007163,GO:0008017,GO:0008092,GO:0008104,GO:0008360,GO:0008608,GO:0010970,GO:0015031,GO:0015630,GO:0015631,GO:0015833,GO:0016043,GO:0016740,GO:0022402,GO:0022411,GO:0022603,GO:0022604,GO:0022607,GO:0030705,GO:0030951,GO:0030952,GO:0031109,GO:0031122,GO:0031974,GO:0031981,GO:0032984,GO:0032991,GO:0033036,GO:0033365,GO:0034501,GO:0034502,GO:0034613,GO:0034622,GO:0035371,GO:0042886,GO:0043228,GO:0043232,GO:0043233,GO:0043624,GO:0043933,GO:0044085,GO:0044422,GO:0044427,GO:0044428,GO:0044430,GO:0044444,GO:0044446,GO:0044454,GO:0044732,GO:0045184,GO:0046785,GO:0046907,GO:0048285,GO:0050000,GO:0050789,GO:0050793,GO:0050794,GO:0051010,GO:0051128,GO:0051179,GO:0051225,GO:0051234,GO:0051258,GO:0051261,GO:0051276,GO:0051303,GO:0051310,GO:0051315,GO:0051640,GO:0051641,GO:0051649,GO:0051656,GO:0061863,GO:0065003,GO:0065007,GO:0065008,GO:0070013,GO:0070199,GO:0070462,GO:0070727,GO:0070850,GO:0070925,GO:0071459,GO:0071702,GO:0071705,GO:0071840,GO:0071944,GO:0071963,GO:0072594,GO:0072686,GO:0090307,GO:0097427,GO:0097435,GO:0098687,GO:0098813,GO:0098840,GO:0099070,GO:0099080,GO:0099081,GO:0099111,GO:0099118,GO:0099512,GO:0099513,GO:0099568,GO:0140014,GO:0140096,GO:0140210,GO:1902850,GO:1903047,GO:1904511,GO:1990498,GO:1990752
OG0019848	HG_19849	
OG0019743	HG_19744	
OG0019912	HG_19913	GO:0000122,GO:0000429,GO:0000436,GO:0000437,GO:0000976,GO:0000977,GO:0000981,GO:0000982,GO:0001012,GO:0001067,GO:0001078,GO:0001227,GO:0003674,GO:0003676,GO:0003677,GO:0003690,GO:0003700,GO:0005488,GO:0005575,GO:0005622,GO:0005623,GO:0005634,GO:0005737,GO:0006109,GO:0006111,GO:0006355,GO:0006357,GO:0007154,GO:0007584,GO:0008150,GO:0009605,GO:0009889,GO:0009890,GO:0009891,GO:0009892,GO:0009893,GO:0009987,GO:0009991,GO:0010468,GO:0010556,GO:0010557,GO:0010558,GO:0010604,GO:0010605,GO:0010628,GO:0010629,GO:0010675,GO:0010676,GO:0010906,GO:0010907,GO:0015976,GO:0019219,GO:0019222,GO:0031323,GO:0031324,GO:0031325,GO:0031326,GO:0031327,GO:0031328,GO:0031667,GO:0031668,GO:0031669,GO:0031670,GO:0035947,GO:0035948,GO:0042221,GO:0043226,GO:0043227,GO:0043229,GO:0043231,GO:0043255,GO:0043565,GO:0044212,GO:0044424,GO:0044464,GO:0045013,GO:0045722,GO:0045892,GO:0045893,GO:0045913,GO:0045934,GO:0045935,GO:0045944,GO:0045990,GO:0045991,GO:0048518,GO:0048519,GO:0048522,GO:0048523,GO:0050789,GO:0050794,GO:0050896,GO:0051171,GO:0051172,GO:0051173,GO:0051252,GO:0051253,GO:0051254,GO:0051716,GO:0060255,GO:0061413,GO:0061414,GO:0061415,GO:0061984,GO:0061985,GO:0062012,GO:0062013,GO:0065007,GO:0070887,GO:0071496,GO:0080090,GO:0097159,GO:0140110,GO:1900402,GO:1901363,GO:1902679,GO:1902680,GO:1903506,GO:1903507,GO:1903508,GO:1990837,GO:2000112,GO:2000113,GO:2001141
OG0019984	HG_19985	
OG0016862	HG_16863	
OG0013676	HG_13677	
OG0019966	HG_19967	
OG0019861	HG_19862	
OG0019797	HG_19798	
OG0016844	HG_16845	
OG0019843	HG_19844	
OG0019979	HG_19980	GO:0000070,GO:0000184,GO:0000228,GO:0000278,GO:0000280,GO:0000381,GO:0000775,GO:0000776,GO:0000777,GO:0000778,GO:0000779,GO:0000780,GO:0000793,GO:0000794,GO:0000819,GO:0000939,GO:0000941,GO:0000956,GO:0003674,GO:0003676,GO:0003723,GO:0003729,GO:0005488,GO:0005575,GO:0005622,GO:0005623,GO:0005634,GO:0005694,GO:0006139,GO:0006325,GO:0006401,GO:0006402,GO:0006725,GO:0006807,GO:0006996,GO:0007049,GO:0007059,GO:0008104,GO:0008150,GO:0008152,GO:0009056,GO:0009057,GO:0009892,GO:0009987,GO:0010468,GO:0010605,GO:0010629,GO:0016043,GO:0016070,GO:0016071,GO:0019219,GO:0019222,GO:0019439,GO:0022402,GO:0022607,GO:0031323,GO:0031511,GO:0031974,GO:0031981,GO:0032991,GO:0033036,GO:0033365,GO:0034501,GO:0034502,GO:0034506,GO:0034508,GO:0034613,GO:0034622,GO:0034641,GO:0034655,GO:0035145,GO:0043170,GO:0043226,GO:0043227,GO:0043228,GO:0043229,GO:0043231,GO:0043232,GO:0043233,GO:0043484,GO:0043933,GO:0044085,GO:0044237,GO:0044238,GO:0044248,GO:0044260,GO:0044265,GO:0044270,GO:0044422,GO:0044424,GO:0044427,GO:0044428,GO:0044446,GO:0044454,GO:0044464,GO:0046483,GO:0046700,GO:0048024,GO:0048285,GO:0048519,GO:0050684,GO:0050789,GO:0050794,GO:0051171,GO:0051179,GO:0051252,GO:0051276,GO:0051382,GO:0051383,GO:0051641,GO:0060255,GO:0061641,GO:0065003,GO:0065004,GO:0065007,GO:0070013,GO:0070727,GO:0070925,GO:0071459,GO:0071704,GO:0071824,GO:0071840,GO:0080090,GO:0090304,GO:0097159,GO:0098687,GO:0098813,GO:0140014,GO:1901360,GO:1901361,GO:1901363,GO:1901575,GO:1903047,GO:1903311
OG0016826	HG_16827	
OG0013671	HG_13672	
OG0013599	HG_13600	
OG0019825	HG_19826	
OG0019961	HG_19962	
OG0019897	HG_19898	
OG0016808	HG_16809	
OG0019792	HG_19793	
OG0019807	HG_19808	
OG0016821	HG_16822	
OG0016893	HG_16894	
