combo	size	count
Agaricomycotina&Pezizomycotina&Pucciniomycotina&Saccharomycotina&Taphrinomycotina	5	1
Agaricomycotina&Pezizomycotina&Pucciniomycotina&Saccharomycotina&Ustilaginomycotina	5	2
Agaricomycotina&Pezizomycotina&Pucciniomycotina&Saccharomycotina	4	5
Agaricomycotina&Pezizomycotina&Pucciniomycotina&Ustilaginomycotina	4	2
Agaricomycotina&Pezizomycotina&Saccharomycotina&Taphrinomycotina	4	1
Agaricomycotina&Pucciniomycotina&Saccharomycotina&Taphrinomycotina	4	1
Agaricomycotina&Pucciniomycotina&Saccharomycotina&Ustilaginomycotina	4	1
Agaricomycotina&Pucciniomycotina&Taphrinomycotina&Ustilaginomycotina	4	2
Agaricomycotina&Saccharomycotina&Taphrinomycotina&Ustilaginomycotina	4	2
Pezizomycotina&Saccharomycotina&Taphrinomycotina&Ustilaginomycotina	4	2
Agaricomycotina&Pezizomycotina&Pucciniomycotina	3	3
Agaricomycotina&Pezizomycotina&Saccharomycotina	3	1
Agaricomycotina&Pezizomycotina&Taphrinomycotina	3	3
Agaricomycotina&Pucciniomycotina&Taphrinomycotina	3	4
Agaricomycotina&Pucciniomycotina&Ustilaginomycotina	3	4
Agaricomycotina&Saccharomycotina&Taphrinomycotina	3	5
Agaricomycotina&Taphrinomycotina&Ustilaginomycotina	3	1
Pezizomycotina&Pucciniomycotina&Saccharomycotina	3	3
Pezizomycotina&Pucciniomycotina&Taphrinomycotina	3	3
Pucciniomycotina&Saccharomycotina&Taphrinomycotina	3	2
Saccharomycotina&Taphrinomycotina&Ustilaginomycotina	3	1
Agaricomycotina&Pezizomycotina	2	6
Agaricomycotina&Pucciniomycotina	2	15
Agaricomycotina&Saccharomycotina	2	7
Agaricomycotina&Taphrinomycotina	2	6
Agaricomycotina&Ustilaginomycotina	2	11
Pezizomycotina&Pucciniomycotina	2	5
Pezizomycotina&Saccharomycotina	2	7
Pezizomycotina&Taphrinomycotina	2	12
Pezizomycotina&Ustilaginomycotina	2	3
Pucciniomycotina&Saccharomycotina	2	24
Pucciniomycotina&Taphrinomycotina	2	11
Pucciniomycotina&Ustilaginomycotina	2	7
Saccharomycotina&Taphrinomycotina	2	16
Saccharomycotina&Ustilaginomycotina	2	7
Taphrinomycotina&Ustilaginomycotina	2	3
Agaricomycotina	1	128
Pezizomycotina	1	83
Pucciniomycotina	1	94
Saccharomycotina	1	115
Taphrinomycotina	1	134
Ustilaginomycotina	1	46
