PFAM	Agaricomycotina-yeast	Pezizomycotina-yeast	Pucciniomycotina-yeast	Saccharomycotina-yeast	Taphrinomycotina-yeast	Ustilaginomycotina-yeast
2OG-FeII_Oxy	0	0	0	0	1	0
4HBT	0	0	0	0	1	0
4HBT_3	0	0	0	0	0	1
6PF2K	0	0	0	1	0	0
7TM_GPCR_Srx	0	0	1	0	0	0
7tm_2	0	1	0	0	0	0
AAA	1	1	0	0	1	0
AAA_11	0	1	0	0	1	0
AAA_12	0	1	0	0	1	0
AAA_5	0	0	1	0	0	0
AATase	0	0	0	1	0	1
AA_permease	1	0	0	0	0	0
ABC2_membrane	0	1	0	0	1	0
ABC_tran	0	1	0	0	1	0
ABC_trans_N	0	0	0	0	1	0
ACOX	0	0	0	1	0	0
ADH_N	1	0	1	0	1	0
ADH_N_assoc	0	0	0	0	1	0
ADH_zinc_N	1	0	1	0	1	0
ADH_zinc_N_2	0	0	1	0	1	0
ADIP	1	0	1	1	1	0
ADK	0	0	0	1	1	0
ADK_lid	0	0	0	0	1	0
AFT	0	0	0	1	0	0
AIM5	1	0	0	0	0	0
AMP-binding	0	1	0	0	1	0
AMP-binding_C	0	0	0	0	1	0
AP2	0	0	0	0	1	0
APH	0	1	0	0	0	0
AP_endonuc_2	1	0	0	0	0	0
ARID	1	1	1	1	0	0
ASL_C2	1	0	0	0	0	0
ASXH	1	0	0	0	0	0
ATG_C	0	0	0	0	1	0
A_deaminase	1	0	0	0	0	0
Abhydrolase_2	0	0	1	0	0	0
Abhydrolase_3	1	0	1	0	1	0
Abhydrolase_6	0	0	0	0	0	1
Acetyltransf_1	0	0	1	0	0	1
Acetyltransf_10	0	0	1	0	1	0
Acetyltransf_7	0	0	0	0	0	1
Actin	0	0	0	0	1	0
Acyl-CoA_dh_1	0	0	0	1	0	1
Acyl-CoA_dh_M	0	0	0	1	0	1
Acyl-CoA_dh_N	0	0	0	0	0	1
Acyl-CoA_ox_N	0	0	0	1	0	0
Acyl_transf_1	0	0	0	0	1	0
Aim21	0	0	0	1	0	0
Alb1	0	0	0	1	0	0
Aldedh	0	0	0	0	1	0
Aldo_ket_red	1	1	1	0	0	0
Aldolase_II	0	0	0	0	0	1
Alginate_lyase	1	0	0	0	0	0
Alpha-L-AF_C	0	0	0	0	0	1
Alpha_adaptinC2	0	0	0	0	1	0
Amidase	0	0	0	0	0	1
Amidohydro_1	1	0	0	0	0	0
Amidohydro_2	0	0	1	0	0	0
Amidoligase_2	0	1	0	0	0	0
Amino_oxidase	0	0	1	0	0	0
An_peroxidase	0	0	1	0	0	0
Ank	0	1	0	0	0	0
Ank_2	0	1	1	0	1	0
Ank_3	0	1	0	0	0	0
Ank_4	0	1	0	0	0	0
Ank_5	0	1	0	0	0	0
Anp1	0	0	1	0	0	0
ApbA	0	0	0	0	1	0
ApbA_C	0	0	0	0	1	0
Arb2	0	0	1	0	0	0
ArfGap	1	0	0	0	0	0
ArgoL1	0	0	1	0	0	0
ArgoL2	0	0	1	0	0	0
ArgoMid	0	0	1	0	0	0
ArgoN	0	0	1	0	0	0
Arm	0	0	0	0	1	0
Arrestin_C	0	0	0	1	0	0
Asp	1	0	1	1	0	1
Autophagy_act_C	0	0	0	0	1	0
BAF250_C	0	1	0	0	0	0
BAR	0	0	1	0	1	0
BAR_3	1	0	0	0	0	0
BBE	0	0	1	0	0	0
BCS1_N	0	0	0	0	1	0
BRCT	0	1	0	0	1	0
BRCT_2	0	0	0	1	1	0
BTB	1	1	1	1	0	0
BTG	1	0	0	0	0	0
Barwin	0	0	0	0	0	1
Bestrophin	1	0	0	0	0	0
Beta-lactamase	0	0	1	0	0	0
Beta_helix	0	0	1	0	0	0
Blt1	0	0	0	1	0	0
Bromodomain	1	0	1	0	0	0
Btz	1	0	0	0	0	0
Bul1_C	0	0	0	1	0	0
Bul1_N	0	0	0	1	0	0
C1_1	0	1	0	0	1	0
C2	0	1	1	0	1	0
C8	0	1	1	1	0	0
CAF20	0	0	0	1	0	0
CBM_19	0	1	0	0	0	0
CBS	0	0	0	0	1	0
CDC27	1	0	0	0	0	0
CDT1	0	0	0	0	1	0
CDT1_C	0	0	0	0	1	0
CENP-C_C	1	0	0	0	0	0
CENP-I	0	0	0	0	0	1
CENP-O	0	0	0	0	1	0
CENP-Q	0	0	0	0	1	0
CFEM	0	1	0	0	0	1
CH	0	0	0	1	1	0
CHZ	0	0	0	0	1	0
CLASP_N	0	0	0	0	0	1
CNOT1_CAF1_bind	0	0	1	1	0	0
CNOT1_HEAT	0	0	1	1	0	0
CNOT1_HEAT_N	0	0	1	1	0	0
CNOT1_TTP_bind	0	0	1	1	0	0
CN_hydrolase	1	0	0	0	0	0
COG5	0	0	0	0	1	0
COQ9	1	0	0	0	0	0
COX14	0	0	0	1	0	0
COX15-CtaA	0	1	0	0	0	0
COesterase	1	0	0	0	0	1
CPSF_A	0	0	0	0	1	0
CPSase_sm_chain	0	0	0	1	0	0
CRAL_TRIO	0	0	1	0	0	0
CRF1	0	0	0	1	1	0
CSD	0	0	1	0	0	0
CTD_bind	0	1	0	0	0	0
CVNH	0	1	0	0	0	0
CX9C	0	0	0	1	0	0
CYSTM	0	0	0	0	0	1
Cadherin_3	0	0	1	0	0	0
Calreticulin	0	0	0	0	1	0
Calx-beta	0	0	1	0	0	0
Candida_ALS	0	1	0	0	1	0
Carb_bind	0	1	0	0	0	0
Cation_ATPase	0	0	0	1	0	1
Cation_ATPase_C	0	0	0	1	0	1
Cation_ATPase_N	0	0	0	1	1	1
Cauli_VI	1	0	0	0	0	0
Cellulase	1	0	0	0	0	1
Chitin_synth_1	0	0	0	0	1	0
Chitin_synth_1N	0	0	0	0	1	0
Chorein_N	0	0	0	0	1	0
Chromo	0	0	1	0	0	0
Clathrin	0	0	0	0	1	0
Clr2	0	1	0	0	0	0
Clr2_transil	0	1	0	0	0	0
Clr5	0	0	0	0	1	0
Cofilin_ADF	0	0	0	0	0	1
Collagen	0	0	0	0	0	1
Complex1_LYR	0	0	0	0	1	0
Condensation	0	0	0	0	1	0
CorA	1	0	1	0	0	0
Creatinase_N	1	0	0	0	0	0
Creatinase_N_2	1	0	0	0	0	0
Csm1	0	0	0	1	0	0
Ctr	1	0	1	0	1	1
Cu-oxidase	0	1	0	0	0	0
Cu-oxidase_2	0	1	0	0	0	0
Cu-oxidase_3	0	1	0	0	0	0
Cu_amine_oxid	1	0	1	0	0	0
Cu_amine_oxidN2	1	0	1	0	0	0
Cu_amine_oxidN3	1	0	1	0	0	0
Cutinase	0	1	0	0	0	0
Cyclin	0	0	1	0	0	0
Cyclin_C	0	0	0	0	1	0
Cyclin_N	0	0	0	1	1	0
Cys_Met_Meta_PP	0	0	0	0	0	1
Cyt-b5	0	0	1	1	0	0
Cytokin_check_N	0	1	0	1	0	0
DAO	1	0	0	0	1	0
DDE_1	0	1	0	0	0	0
DEAD	1	0	0	1	1	0
DEP	1	0	0	0	0	0
DGCR6	0	0	0	0	1	0
DIOX_N	0	0	0	0	1	0
DLH	0	0	1	0	0	1
DNA_pol_A_exo1	0	1	0	0	0	0
DPBB_1	1	0	0	0	0	1
DPPIV_N	0	0	0	0	1	0
DUF1479	1	0	0	0	0	0
DUF1640	0	0	0	1	0	0
DUF1687	0	0	0	1	0	0
DUF1689	0	0	0	1	0	0
DUF1713	0	0	0	0	1	0
DUF1764	0	0	0	0	0	1
DUF1772	1	1	1	0	0	1
DUF1929	1	0	0	0	0	0
DUF1996	1	0	0	0	0	0
DUF2009	0	0	0	0	1	0
DUF2011	0	0	0	1	0	0
DUF2046	0	0	1	0	0	0
DUF2406	1	0	0	0	0	0
DUF2420	1	0	0	0	0	0
DUF2458	0	0	0	0	1	0
DUF2611	0	0	0	1	0	0
DUF2722	0	0	0	1	0	0
DUF3011	0	1	0	0	0	0
DUF3384	0	0	0	0	1	0
DUF3425	0	0	0	0	0	1
DUF3445	0	0	0	1	0	0
DUF3500	0	1	0	0	0	0
DUF3507	0	0	0	1	0	0
DUF3533	1	0	0	0	0	1
DUF3632	0	1	0	0	0	0
DUF3659	0	0	0	1	0	0
DUF3716	0	1	0	0	0	0
DUF3808	0	0	1	0	0	0
DUF3819	0	0	1	1	0	0
DUF4112	0	0	1	1	0	0
DUF4215	0	0	1	0	0	0
DUF4448	0	0	0	1	1	0
DUF4646	1	0	0	0	0	0
DUF4782	1	0	0	0	0	0
DUF5321	0	0	0	1	0	0
DUF5353	0	0	0	1	0	0
DUF563	1	0	1	0	0	0
DUF810	0	0	0	0	1	0
DUF89	0	0	1	0	0	0
DUF974	1	0	0	0	0	0
DnaJ	0	0	1	0	0	1
DnaJ-X	0	0	1	0	0	0
Dpy-30	0	1	0	0	0	0
Drf_FH3	0	0	0	0	1	0
Drf_GBD	0	0	0	0	1	0
Dus	1	0	0	0	0	0
Dymeclin	0	0	0	0	1	0
Dynamin_M	1	1	0	0	0	0
Dynamin_N	1	1	0	0	0	0
E1-E2_ATPase	0	1	0	1	1	1
EAF	0	0	1	0	0	1
ECH_1	0	0	0	0	0	1
EF-hand_1	0	0	0	0	1	0
EF-hand_4	0	0	0	0	1	0
EF-hand_5	0	0	0	0	1	0
EF-hand_7	0	0	0	0	1	0
EGF_2	0	0	1	0	0	0
EGF_CA	0	1	0	0	0	0
ELYS	0	0	1	0	0	0
ERAP1_C	0	0	0	1	0	1
EST1	0	0	0	1	1	0
EST1_DNA_bind	0	0	0	1	1	0
EamA	0	0	1	1	0	0
Erv26	0	0	0	0	0	1
Exo5	0	0	0	1	0	0
Exo_endo_phos	0	0	1	0	0	0
F-box	1	1	1	1	0	0
F-box-like	1	1	1	1	0	0
FAA_hydrolase	0	0	0	0	0	1
FAD_binding_1	0	0	0	0	0	1
FAD_binding_3	1	0	0	0	0	0
FAD_binding_4	0	0	1	0	0	0
FAD_binding_8	1	0	0	1	0	0
FAR1	0	1	0	0	0	0
FAT	1	0	0	0	0	0
FATC	1	0	0	0	0	0
FH2	0	0	0	0	1	0
FHA	0	1	0	0	1	0
FRB_dom	1	0	0	0	0	0
FSH1	0	0	1	0	0	1
Ferric_reduct	1	0	0	1	0	0
Fig1	0	1	0	1	0	0
Flavodoxin_1	1	0	0	0	0	1
Flavodoxin_2	0	0	0	0	1	0
Flocculin_t3	0	1	0	1	0	0
Fn3-like	0	1	0	0	0	0
Fungal_trans	1	1	1	1	0	1
Fungal_trans_2	1	0	0	0	0	1
Furin-like_2	0	0	1	0	0	0
G-patch	0	0	0	0	1	1
G6PD_C	0	0	0	0	1	0
G6PD_N	0	0	0	0	1	0
GAT	0	0	0	0	1	0
GATA	1	0	0	0	0	1
GATase	0	0	0	1	0	0
GCIP	0	0	1	0	0	0
GDA1_CD39	0	0	0	1	0	0
GDPD	1	0	0	0	0	0
GED	1	0	0	0	0	0
GET2	0	0	0	1	0	0
GFA	1	0	0	0	0	0
GFO_IDH_MocA	1	0	0	0	0	0
GFO_IDH_MocA_C	1	0	0	0	0	0
GILT	0	0	1	0	0	0
GLEYA	0	1	0	0	0	0
GLTP	0	0	1	0	0	0
GMC_oxred_C	1	0	1	0	0	1
GMC_oxred_N	1	0	1	0	0	1
GPS	0	1	0	0	0	0
GRAM	1	0	0	0	0	0
GST_C_3	0	0	1	0	0	0
GST_N	0	0	1	0	0	0
GTP_EFTU	0	0	0	0	1	0
GTP_EFTU_D2	0	0	0	0	1	0
GTP_EFTU_D3	0	0	0	0	1	0
GUCT	0	0	0	1	0	0
Gal_mutarotas_2	1	0	0	0	0	0
Get5_bdg	0	0	0	1	0	0
Glutaredoxin	0	0	0	1	0	0
Gly_transf_sug	1	0	1	0	1	0
Glyco_hydro_16	0	1	0	0	0	0
Glyco_hydro_18	0	1	0	1	0	0
Glyco_hydro_3	0	1	0	0	0	0
Glyco_hydro_31	1	0	0	0	0	0
Glyco_hydro_3_C	0	1	0	0	0	0
Glyco_hydro_43	0	1	0	0	0	1
Glyco_hydro_cc	1	0	0	0	0	0
Glyco_trans_1_4	0	0	1	0	0	0
Glyco_trans_2_3	0	0	0	0	1	0
Glyco_transf_15	0	0	1	0	1	0
Glyco_transf_18	1	0	0	0	0	0
Glyco_transf_22	1	0	0	0	0	0
Glyco_transf_4	0	0	1	0	0	0
Glyco_transf_64	0	0	1	0	0	0
Glyco_transf_8	0	0	1	0	0	0
Glycos_transf_1	0	0	1	0	0	0
Glycos_transf_2	0	0	1	0	0	0
Glyoxal_oxid_N	1	0	0	0	0	0
Glyoxalase	0	0	0	0	0	1
Gon7	0	0	0	1	0	0
Gp_dh_C	0	0	1	0	0	0
Gp_dh_N	0	0	1	0	0	0
Grp1_Fun34_YaaH	0	0	1	0	0	0
Gsf2	0	0	0	1	0	0
HATPase_c	1	0	1	0	0	0
HBS1_N	0	0	0	0	1	0
HECT	0	0	0	0	1	0
HECT_2	0	0	0	0	0	1
HET	0	1	0	0	0	0
HIRAN	1	0	0	0	0	0
HLH	0	0	0	0	0	1
HMG_box	1	0	0	1	1	1
HMG_box_2	0	0	0	0	1	0
HR1	0	1	0	0	0	0
HSF_DNA-bind	0	0	1	0	0	0
HSP70	0	0	1	0	0	0
HTH_Tnp_Tc5	0	1	0	0	0	0
HTH_psq	0	1	0	0	0	0
HeLo	0	1	0	0	0	0
Helicase_C	1	0	0	1	1	0
Helitron_like_N	0	1	0	0	0	0
Herpes_Helicase	0	1	0	0	0	0
Hexapep	1	0	0	0	0	0
Hexapep_2	1	0	0	0	0	0
Hid1	0	0	0	0	1	0
HisKA	1	0	1	0	0	0
His_Phos_1	1	0	0	0	0	0
Hist_deacetyl	0	0	1	0	0	0
Histidinol_dh	0	1	0	0	0	0
Histone	0	0	1	0	0	0
Homeobox	1	0	0	0	0	0
Hpt	0	1	0	0	0	0
Hydrolase	0	1	0	1	1	1
Hydrolase_3	0	1	0	0	0	0
Hydrolase_4	0	0	0	0	0	1
Hydrolase_6	0	0	1	0	0	0
Hydrolase_like	0	0	1	0	0	0
Hyphal_reg_CWP	0	1	0	1	0	0
IATP	0	0	0	0	1	0
IBR	0	1	0	0	0	0
ICL	1	0	0	0	0	0
ICMT	0	0	0	0	0	1
IF-2B	0	0	1	0	0	0
IGPS	0	0	0	1	0	0
ING	0	1	0	0	0	0
INSIG	0	0	0	0	1	0
IPK	1	0	0	0	0	0
IgGFc_binding	0	1	0	0	0	0
Inp1	0	0	0	1	0	0
Iso_dh	0	0	0	0	0	1
Jacalin	0	1	0	0	0	0
JmjC	0	0	0	0	1	0
KAsynt_C_assoc	0	0	0	0	1	0
KH_1	0	0	0	0	1	0
KR	0	0	0	0	1	0
Kdo	1	0	0	0	0	0
Kelch_1	0	0	1	1	0	0
Kelch_2	0	0	1	1	0	0
Kelch_3	0	0	1	1	0	0
Kelch_4	0	0	1	1	0	0
Kelch_5	0	0	1	1	0	0
Kelch_6	0	0	1	1	0	0
Ketoacyl-synt_C	0	0	0	0	1	0
Kinetocho_Slk19	0	0	0	0	1	0
LCD1	0	0	0	1	0	0
LOR	1	0	0	0	0	0
LRR_4	0	0	0	1	0	0
LRR_6	1	0	0	1	0	0
LRR_8	0	0	0	1	0	0
LRR_9	1	0	0	0	0	0
LSM	0	0	0	1	0	0
Lipase_3	0	1	0	0	0	0
Lyase_1	1	0	0	0	0	0
LysM	0	1	0	0	0	0
M20_dimer	0	1	0	0	0	0
MAP65_ASE1	0	0	0	0	1	0
MARVEL	1	1	0	0	0	0
MATalpha_HMGbox	0	0	0	1	0	0
MBA1	1	0	0	1	0	0
MBOAT_2	0	0	1	0	0	1
MFS_1	1	0	1	0	1	1
MMM1	0	0	0	0	0	1
MMR_HSR1	0	0	0	1	0	0
MMS1_N	0	0	0	1	1	0
MPM1	0	0	0	1	0	0
MPP6	1	0	0	1	0	0
MRC1	1	0	1	0	0	0
MRP-L20	1	0	0	0	0	0
MU117	0	0	0	0	1	0
MUG113	0	0	0	1	0	0
Mac	1	0	0	0	0	0
Mac_assoc	1	0	0	0	0	0
Mannosyl_trans3	0	1	0	0	0	0
Med11	0	0	1	0	0	0
Med13_C	0	0	1	0	0	0
Med15_fungi	0	0	1	0	0	0
Med16	1	0	0	0	0	0
Med17	1	0	0	0	0	0
Med25_VWA	1	0	0	0	0	0
Med26	1	0	0	0	0	0
Med27	0	0	0	0	1	0
Meiotic_rec114	0	0	0	1	0	0
Mem_trans	1	0	0	0	0	0
Membr_traf_MHD	0	0	0	0	1	0
Metallopep	0	1	0	0	0	0
Methyltransf_11	1	1	1	0	0	0
Methyltransf_12	1	0	0	0	1	0
Methyltransf_16	0	0	1	0	1	0
Methyltransf_23	1	0	0	0	0	0
Methyltransf_25	1	1	1	0	0	0
Mgr1	0	0	0	1	0	0
Mhr1	0	0	0	1	0	0
Mif2_N	1	0	0	0	0	0
Mit_ribos_Mrp51	1	0	0	0	0	0
Mito_carr	0	0	1	0	0	0
Mitochondr_Som1	0	0	0	1	0	0
Mo-co_dimer	0	0	1	0	0	0
Mso1_C	0	0	0	1	0	0
Mso1_Sec1_bdg	0	0	0	1	0	0
Mtr2	0	0	0	1	0	0
Mur_ligase_M	0	1	0	0	0	0
Myb_DNA-bind_2	0	0	0	1	0	0
Myb_DNA-bind_6	0	0	0	1	1	0
Myb_DNA-binding	0	0	0	1	1	0
N-SET	0	1	0	0	0	0
NACHT	0	1	0	0	0	0
NAD_binding_1	0	0	0	0	0	1
NAD_binding_11	0	0	0	0	0	1
NAD_binding_2	0	0	0	0	0	1
NAD_binding_4	0	0	0	0	1	0
NAD_binding_6	1	0	0	1	0	0
NARP1	0	0	0	0	1	0
NB-ARC	0	1	0	0	0	0
NIF	1	0	0	0	0	0
NIR_SIR	1	0	0	0	0	0
NIR_SIR_ferr	1	0	0	0	0	0
NOG1	0	0	1	0	0	0
NOGCT	0	0	1	0	0	0
NOP19	0	0	0	1	0	0
NT-C2	0	0	0	0	0	1
NTF2	1	0	0	0	0	0
NTP_transf_2	0	0	1	0	1	0
NTR2	0	0	0	0	1	0
NUDIX	0	0	0	0	1	0
Na_Ca_ex	1	0	0	0	0	0
Na_H_Exchanger	0	0	0	0	0	1
Nexin_C	1	0	0	0	1	0
NmrA	0	0	0	0	0	1
Nnf1	1	0	0	0	0	0
Noc2	0	0	0	0	1	0
Not1	0	0	1	1	0	0
NtCtMGAM_N	1	0	0	0	0	0
Nuc_sug_transp	0	0	1	1	0	0
Nucleopor_Nup85	0	0	0	0	0	1
Nucleoporin_C	0	0	0	0	1	0
Nucleoporin_N	0	0	0	0	1	0
Nucleotid_trans	0	0	1	0	0	0
Nup_retrotrp_bd	0	0	0	0	1	0
O-FucT	0	0	1	0	0	0
ORC6	0	0	0	1	0	0
OTT_1508_deam	0	0	1	0	0	0
OTU	1	0	0	0	0	1
Oxidored_FMN	1	0	0	0	0	1
Oxidored_molyb	0	0	1	0	0	0
Oxidored_q6	0	0	0	1	0	0
P5-ATPase	0	0	0	0	1	1
PA14	0	1	0	0	0	0
PABP	0	1	0	0	0	0
PAH	0	1	0	0	1	0
PAN_1	0	1	0	0	0	0
PAN_4	0	1	0	0	0	0
PAP_assoc	0	0	1	0	1	0
PAS	0	0	0	0	0	1
PAS_3	0	0	0	0	0	1
PAS_9	0	0	0	0	0	1
PAZ	0	0	1	0	0	0
PCI	0	0	0	0	1	0
PD40	1	0	0	0	0	0
PDR_CDR	0	0	0	0	1	0
PEX11	0	0	1	1	0	0
PGA2	0	0	0	1	0	0
PH	1	0	1	0	0	1
PHD	0	1	1	0	0	0
PHM7_cyt	1	0	0	0	0	0
PHO4	0	0	1	0	0	0
PH_6	0	0	0	0	1	0
PH_9	1	0	0	0	0	0
PI3_PI4_kinase	1	0	0	0	0	0
PIF1	0	1	0	0	0	0
PIG-S	1	0	0	0	0	0
PIN_4	0	0	0	1	0	0
PLA2_B	1	0	0	0	0	1
PMM	0	1	0	0	0	0
PNP_UDP_1	0	1	0	0	0	0
POC1	0	0	0	1	0	0
POC3_POC4	0	0	0	1	0	0
POR_N	1	0	0	0	0	0
POT1	1	0	1	0	0	0
POT1PC	0	0	1	0	0	0
PP-binding	0	0	0	0	1	0
PPR	0	0	0	1	1	0
PPR_2	0	0	1	1	0	0
PPR_3	0	0	1	1	0	0
PPTA	0	0	0	1	0	0
PRA-CH	0	1	0	0	0	0
PRA-PH	0	1	0	0	0	0
PRAI	0	0	0	1	0	0
PRCC	0	0	0	0	1	0
PRESAN	0	0	1	0	0	0
PRiA4_ORF3	0	1	0	0	0	0
PS-DH	0	0	0	0	1	0
PTPA	0	0	1	0	0	0
PTPLA	0	0	0	1	0	0
PUF	0	0	1	0	0	0
PX	1	0	0	0	1	0
PXA	1	0	0	0	1	0
Pal1	1	0	0	0	0	0
Pam16	1	0	0	0	0	0
ParA	0	0	0	0	1	0
PepX_C	0	0	1	0	0	0
Peptidase_C26	0	0	0	0	1	0
Peptidase_C48	0	0	0	1	0	0
Peptidase_M1	0	0	0	1	0	1
Peptidase_M16	0	0	0	1	0	0
Peptidase_M16_C	0	0	0	1	0	0
Peptidase_M16_M	0	0	0	1	0	0
Peptidase_M20	0	1	0	0	0	0
Peptidase_M24	1	0	0	0	0	0
Peptidase_M24_C	1	0	0	0	0	0
Peptidase_M50B	0	0	1	0	0	0
Peptidase_S10	1	0	1	0	0	0
Peptidase_S15	0	0	1	0	0	0
Peptidase_S64	0	0	0	1	0	0
Peptidase_S9	1	0	0	0	1	1
Peroxin-22	0	0	0	1	0	0
Pet20	0	0	0	0	1	0
Pho86	0	0	0	1	0	0
Piwi	0	0	1	0	0	0
Pkinase	1	1	1	1	1	0
Pkinase_C	0	1	1	0	0	0
Pkinase_Tyr	0	1	0	0	0	0
Plug_translocon	0	0	0	0	1	0
Pollen_allerg_1	0	0	0	0	0	1
Polysacc_deac_1	0	0	0	1	0	0
Pre-SET	1	0	0	0	0	0
Prefoldin	0	0	0	0	0	1
Pro_isomerase	1	0	0	1	1	0
Promethin	0	0	1	0	0	0
PrpF	0	0	1	0	0	0
PseudoU_synth_1	0	0	0	0	1	0
Pterin_4a	1	0	0	0	0	0
Pyr_redox_2	0	0	0	1	1	0
RFC1	0	1	0	0	0	0
RGI1	0	0	0	1	0	0
RGS	1	0	0	0	0	0
RIO1	0	0	1	0	0	0
RNA_polI_A14	0	0	0	1	0	0
RNA_polI_A34	0	0	0	1	0	0
RNA_pol_3_Rpc31	1	0	1	0	0	0
RNR_inhib	0	0	0	1	0	0
RNase_H2-Ydr279	0	0	0	1	0	0
RNase_H2_suC	1	0	0	0	0	0
RNase_P_pop3	0	0	0	0	1	0
RPAP3_C	0	0	0	0	1	0
RPM2	0	0	0	1	0	0
RRF	0	0	0	0	1	0
RRM_1	1	1	0	1	1	0
RRP14	0	0	0	0	1	0
RRT14	0	0	0	1	0	0
RSN1_7TM	1	0	0	0	0	0
RSN1_TM	1	0	0	0	0	0
RTA1	0	0	1	0	1	0
RVT_1	1	0	0	0	0	0
RabGAP-TBC	0	0	0	0	1	0
Rad51	0	0	0	0	1	0
Rad60-SLD	0	0	1	1	0	0
Rad9	0	0	0	1	0	0
Rap1-DNA-bind	0	0	0	1	0	0
Rap1_C	0	0	0	1	0	0
Rap_GAP	0	0	0	0	1	0
Raptor_N	1	0	0	0	0	0
Ras	1	0	1	0	0	1
RasGAP	0	0	0	0	1	0
Response_reg	1	0	1	0	0	0
Ribonuc_L-PSP	1	1	0	0	0	0
Ribonuc_P_40	0	0	0	0	1	0
Ribonucleas_3_3	1	0	0	0	0	0
Ribonuclease	0	1	0	0	0	0
Ribonuclease_3	1	0	0	0	0	0
Ribonuclease_T2	1	0	0	0	0	0
Ribosomal_L28	1	0	0	0	0	0
Ribosomal_L30	0	0	0	1	0	0
Ribosomal_L30_N	0	0	0	1	0	0
Ribosomal_L50	0	0	0	1	0	0
Ribosomal_L9_N	1	0	0	0	0	0
Ribosomal_S10	0	0	0	0	0	1
Ribosomal_S16	0	0	0	0	0	1
Ricin_B_lectin	1	0	0	0	0	0
Rick_17kDa_Anti	0	1	0	0	0	0
Rif1_N	0	0	0	1	0	0
Rogdi_lz	0	0	0	0	1	0
Rpr2	0	0	0	1	0	0
Rrn6	0	0	0	0	0	1
RsfS	0	0	0	0	1	0
Rtt102p	0	0	0	1	0	0
Rtt106	0	1	0	0	0	0
SAE2	0	0	0	0	1	0
SAM35	0	0	0	1	0	0
SAP	0	1	0	0	0	0
SAP18	0	0	0	0	1	0
SBE2	0	0	0	1	0	0
SET	1	1	0	0	1	0
SET_assoc	0	1	0	0	0	0
SH3_1	0	0	1	0	0	0
SH3_9	0	0	1	0	0	0
SHR-BD	0	0	0	0	1	0
SKG6	0	0	0	1	0	0
SLD3	1	0	0	1	1	0
SLS	0	0	0	0	1	0
SLX9	0	0	0	1	0	0
SNF2_N	1	0	0	0	0	0
SPO22	1	0	0	0	0	0
SPT2	1	0	0	0	0	0
SRR1	0	1	0	0	0	0
STD1	0	0	0	1	0	0
SUR7	1	0	0	1	1	0
SURF6	0	0	0	0	1	0
SUZ	1	0	0	0	0	0
SWI-SNF_Ssr4	0	0	0	1	0	0
SWIM	0	1	0	0	0	0
Sad1_UNC	0	0	0	0	0	1
Saw1	0	0	0	1	0	0
Say1_Mug180	0	0	1	0	0	0
Sec5	0	0	0	0	1	0
Sec7	1	0	0	0	1	0
SecY	0	0	0	0	1	0
Seipin	1	0	0	0	0	0
Sel1	0	0	0	0	1	0
Septin	0	0	0	0	1	0
Sfi1	0	0	1	1	0	0
Sfi1_C	0	0	0	1	0	0
Shugoshin_C	1	0	0	1	0	0
Shugoshin_N	0	0	0	1	0	0
Sin3_corepress	0	1	0	0	1	0
Sin3a_C	0	1	0	0	1	0
Sld5	0	0	0	0	0	1
Snapin_Pallidin	0	0	0	1	0	0
Spc7	0	0	1	0	0	0
Spc7_C2	0	0	1	0	0	0
Spc7_N	0	0	1	0	0	0
Spc97_Spc98	0	0	0	0	1	1
Ste5_C	0	0	0	1	0	0
Sterol_MT_C	0	1	0	0	0	0
Stig1	1	0	1	0	0	0
Sugar_tr	0	0	1	0	1	0
SurE	0	0	0	1	0	0
Syja_N	0	0	1	0	1	0
T5orf172	0	0	0	1	1	0
TAL_FSA	1	0	0	0	0	0
TAP_C	1	0	0	0	0	0
TB2_DP1_HVA22	1	0	0	0	0	0
TDA11	0	0	0	1	0	0
THOC7	1	0	0	0	0	0
TIL	0	1	0	1	0	0
TILa	0	1	0	0	0	0
TPR_1	0	0	1	1	0	0
TPR_11	0	0	1	0	0	0
TPR_16	0	0	1	0	0	0
TPR_19	0	0	1	0	0	1
TPR_2	0	0	1	1	0	0
TPR_6	0	0	1	0	0	0
TPR_8	0	0	1	1	0	0
TPX2	1	0	0	0	0	0
TRI12	0	0	1	0	0	0
TTL	0	0	0	1	0	0
TUG-UBL1	0	0	0	0	1	0
TauD	1	0	0	0	0	0
Thioredoxin	0	0	1	0	1	0
Thioredoxin_6	0	0	1	0	0	0
Tom6	0	0	0	1	0	0
Transferase	1	0	0	0	0	0
Trypsin_2	0	0	0	1	0	0
Tuberin	0	0	0	0	1	0
U3_snoRNA_assoc	0	0	0	1	0	0
UAA	0	0	0	0	0	1
UBA	0	0	1	1	1	0
UDP-g_GGTase	0	0	1	0	0	0
UDPGP	0	0	0	0	1	0
UPF0121	0	0	0	1	0	0
UPRTase	1	0	0	0	0	0
UQ_con	0	1	0	0	0	0
Uds1	0	1	0	1	0	0
Use1	0	0	0	1	0	0
Usp	0	0	0	1	0	0
Utp12	0	0	0	1	0	0
Utp8	0	0	0	1	1	0
VHS	0	0	0	0	1	0
VIR_N	1	0	0	0	0	0
VIT1	0	0	0	0	1	0
VPS11_C	0	0	0	0	1	0
VPS13	0	0	0	0	1	0
VPS13_C	0	0	0	0	1	0
VPS13_mid_rpt	0	0	0	0	1	0
VPS9	0	0	0	0	1	0
VWC	0	1	1	0	0	0
VWD	0	1	1	1	0	0
Velvet	1	0	0	0	0	0
Vhr1	0	0	0	1	0	0
Voldacs	0	0	0	1	1	0
Voltage_CLC	0	0	0	0	1	0
Vps5	0	0	0	0	1	0
Vps51	0	0	0	1	0	0
WAPL	0	0	1	0	0	0
WD40	1	0	0	1	1	1
WLM	0	0	0	0	1	0
WSC	1	0	0	0	0	1
WW	1	1	0	0	1	0
Whi5	1	0	0	0	0	0
XLF	0	0	0	0	1	0
XPG_I	0	0	0	1	0	0
XPG_N	0	0	0	1	0	0
YTH	0	1	0	0	0	0
Y_phosphatase3	0	1	0	0	0	1
Yae1_N	0	0	0	0	1	0
Ysc84	0	0	1	0	0	0
ZZ	0	0	0	0	1	0
Zn_clus	1	1	1	1	0	1
adh_short	1	1	1	1	0	0
adh_short_C2	1	0	1	0	0	0
bZIP_1	1	0	0	0	0	0
bZIP_2	1	0	0	0	0	0
dCMP_cyt_deam_1	1	0	0	0	0	0
dsrm	1	0	0	0	0	0
eIF3_subunit	0	0	0	0	1	0
fn3	0	0	1	0	0	0
ketoacyl-synt	0	0	0	0	1	0
mIF3	0	0	0	1	0	0
ox_reductase_C	1	0	0	0	0	0
p450	0	1	1	0	0	0
polyprenyl_synt	0	0	0	0	1	0
rRNA_processing	0	0	0	1	0	0
rhaM	0	0	0	0	0	1
rve	0	0	1	0	0	0
tRNA_int_endo	0	1	0	0	0	0
ubiquitin	0	0	1	1	1	0
zf-4CXXC_R1	0	0	1	0	0	0
zf-B_box	0	0	0	0	1	0
zf-C2H2	1	1	1	0	0	1
zf-C2H2_4	0	0	0	1	0	0
zf-C2H2_6	0	1	1	1	0	0
zf-C2H2_jaz	0	1	0	0	0	0
zf-C3H2C3	0	0	0	0	1	0
zf-C3HC4	1	0	0	0	0	0
zf-C3HC4_2	1	0	0	0	0	0
zf-C3HC4_3	1	0	0	0	0	0
zf-CCCH	1	0	0	0	0	0
zf-CCHC	1	1	0	1	0	0
zf-CCHC_3	1	1	0	0	0	0
zf-CCHC_4	1	1	0	0	0	0
zf-MYND	0	1	1	0	1	0
zf-PARP	1	0	0	0	0	0
zf-RING_2	1	0	0	0	0	0
zf-RING_5	1	0	0	0	0	0
zf-RING_UBOX	1	0	0	0	0	0
zf-TRAF	0	0	1	0	0	0
zf-met	0	1	1	0	0	0
