OG	HG	PFAMs
OG0012650	HG_12651	
OG0014802	HG_14803	
OG0005946	HG_5947	Iso_dh,DDE_3,HTH_23,HTH_33
OG0005085	HG_5086	CTP_transf_like
OG0005132	HG_5133	Cupin_8,Kelch_4,Kelch_5,LCM,Kelch_6
OG0008250	HG_8251	Drc1-Sld2
OG0001413	HG_1414	AMP-binding,AMP-binding_C
OG0007473	HG_7474	AP2
OG0006284	HG_6285	
OG0005095	HG_5096	RSB_motif,SAP,Inositol_P,RRM_1
OG0004896	HG_4897	
OG0008084	HG_8085	DUF3421
OG0000003	HG_4	Fungal_trans_2,Zn_clus,Hexapep,Hexapep_2,Mac,Mac_assoc,Acetyltransf_1,Acetyltransf_7,F-box-like,OrsD,Acetyltransf_10,DUF4188,TRI12,THOC2_N,TPR_1,TPR_2,TPR_8,Tho2,Thoc2,Fungal_trans,Beta_helix,CBM_1,Chondroitinas_B,adh_short,Ank,Ank_2,Ank_3,Ank_4,DUF676,NARP1,TPR_16
OG0010439	HG_10440	ING,FHA,Forkhead,YqaJ,PHD
OG0000120	HG_121	Peptidase_S8,Pro-kuma_activ,SIR2
OG0013543	HG_13544	Chromo,Chromo_shadow
OG0011542	HG_11543	Asp,TAXi_C,TAXi_N
OG0000596	HG_597	DDE_3,HTH_33,Solute_trans_a
OG0006794	HG_6795	Glyco_hydro_47
OG0000759	HG_760	SLAC1,RINGv
OG0005388	HG_5389	Glyco_hydro_43,F5_F8_type_C
OG0008594	HG_8595	Cellulase
OG0008465	HG_8466	MS_channel
OG0000727	HG_728	DDE_3,HTH_23,HTH_33
OG0000294	HG_295	MFS_1,Sugar_tr
OG0004117	HG_4118	HTH_Tnp_Tc5,DDE_1,CENP-B_N
OG0010457	HG_10458	Response_reg
OG0010593	HG_10594	
OG0006439	HG_6440	Tyrosinase
OG0009808	HG_9809	
OG0004746	HG_4747	Zot
OG0009076	HG_9077	WW
OG0008151	HG_8152	adh_short
OG0006851	HG_6852	zf-MYND,SET,DUF4470
OG0000834	HG_835	GPI-anchored
OG0000475	HG_476	BetaGal_dom2,BetaGal_dom3,BetaGal_dom4_5,Glyco_hydro_35
OG0004442	HG_4443	Nucleos_tra2_C,Nucleos_tra2_N
OG0009467	HG_9468	Thioredoxin
OG0005641	HG_5642	A_deaminase
OG0009426	HG_9427	MIP
OG0010178	HG_10179	
OG0011122	HG_11123	
OG0006299	HG_6300	
OG0004157	HG_4158	CBM_1,Glyco_hydro_12
OG0000714	HG_715	Glyco_hydro_81
OG0003958	HG_3959	Vps62
OG0008247	HG_8248	
OG0003490	HG_3491	Zn_clus,Fungal_trans
OG0000175	HG_176	Amino_oxidase,HMG_box,HMG_box_2,SWIRM,MFS_1
OG0002084	HG_2085	Acetyltransf_1,Bromodomain,Acetyltransf_10,EPL1,PHD_2,PWWP,zf-HC5HC2H_2,BET
OG0008691	HG_8692	
OG0003201	HG_3202	DUF2990,DUF3455,CASP_C
OG0006184	HG_6185	PA,WD40,zf-RING_2,Kelch_4,zf-RING_11
OG0006489	HG_6490	Cu-oxidase,Cu-oxidase_2,Cu-oxidase_3
OG0018733	HG_18734	AP_endonuc_2
OG0016376	HG_16377	Amino_oxidase,DAO,FAD_binding_3,SE
OG0000692	HG_693	Peptidase_S10,BRCT,PARP,PARP_reg,WGR
OG0000995	HG_996	CBM_1,Melibiase_2,Ricin_B_lectin,Exo_endo_phos
OG0006782	HG_6783	MFS_1,Adenylsucc_synt
OG0006870	HG_6871	Alpha-amylase,Alpha-amylase_C,CBM_20,CBM_21
OG0000012	HG_13	p450,SIR2,Cu-oxidase,Cu-oxidase_2,Cu-oxidase_3
OG0008082	HG_8083	
OG0000234	HG_235	Dimer_Tnp_hAT,Sugar_tr,DUF4413,Gly_transf_sug,zf-BED,DUF659,Glyco_hydro_47,Helitron_like_N,PIF1
OG0006741	HG_6742	Lipase_GDSL
OG0006477	HG_6478	
OG0010186	HG_10187	Med11
OG0005464	HG_5465	Met_10
OG0011763	HG_11764	
OG0008912	HG_8913	
OG0005609	HG_5610	LrgA,LrgB
OG0005298	HG_5299	TYW3
OG0002985	HG_2986	AbfB,C8,TIL,VWD
OG0005402	HG_5403	
OG0004295	HG_4296	Asp
OG0006054	HG_6055	LysM
OG0011125	HG_11126	FHA
OG0011758	HG_11759	eIF-6
OG0001605	HG_1606	Alpha-amylase,Glyco_trans_1_4,Glyco_transf_5,Glycos_transf_1
OG0004635	HG_4636	Sod_Cu,CDC14
OG0000753	HG_754	
OG0006611	HG_6612	Glyco_hydro_2,Glyco_hydro_2_C,Glyco_hydro_2_N
OG0004098	HG_4099	BAR,SH3_1,SH3_9
OG0010189	HG_10190	
OG0007675	HG_7676	Dyp_perox
OG0003544	HG_3545	adh_short
OG0010035	HG_10036	DUF3533
OG0000631	HG_632	Peptidase_S8,Pro-kuma_activ,AAT
OG0005168	HG_5169	DUF3129
OG0008462	HG_8463	
OG0007056	HG_7057	zf-C2H2,zf-met,GAGA,NACHT,PNP_UDP_1,zf-C2H2_6
OG0007144	HG_7145	RRM_1
OG0006389	HG_6390	
OG0005803	HG_5804	DUF4748
OG0004696	HG_4697	AA_permease,SLC12
OG0003642	HG_3643	RRM_1,Pro_isomerase,zf-CCHC
OG0010955	HG_10956	Grg1
OG0007468	HG_7469	F-box,F-box-like
OG0003878	HG_3879	HET,NACHT,PNP_UDP_1,WD40,Glyco_hydro_32C,Glyco_hydro_32N
OG0007201	HG_7202	Arf
OG0007066	HG_7067	MFS_1
OG0005895	HG_5896	Cutinase
OG0000453	HG_454	Asp
OG0007613	HG_7614	Spo12
OG0001274	HG_1275	Cellulase,Glyco_hydro_79C,PRKCSH
OG0016766	HG_16767	SUZ
OG0007978	HG_7979	DnaJ,TPR_1,TPR_11,TPR_16,TPR_19,TPR_2,TPR_6,TPR_8,DnaJ_C,DnaJ_CXXCXGXG,DUF3395,ADH_zinc_N,SAM_1,Tmemb_185A
OG0004907	HG_4908	ADH_N,ADH_zinc_N,Glu_dehyd_C
OG0004439	HG_4440	Myb_DNA-bind_6,Myb_DNA-binding
OG0012659	HG_12660	adh_short
OG0010184	HG_10185	Kelch_3,Kelch_4
OG0004722	HG_4723	RPAP2_Rtr1
OG0001284	HG_1285	zf-C2H2,zf-C2H2_4,Myb_DNA-binding
OG0010179	HG_10180	PSS
OG0010043	HG_10044	
OG0013557	HG_13558	Methyltransf_23,Methyltransf_25
OG0004371	HG_4372	Whi5,AcetylCoA_hyd_C,AcetylCoA_hydro,DNA_pol_A_exo1
OG0004695	HG_4696	Zn_clus,KilA-N,Rib_5-P_isom_A
OG0008920	HG_8921	PHM7_ext,RSN1_7TM,RSN1_TM
OG0006671	HG_6672	DUF1752,GATA,TRAPPC-Trs85,Sec1,MRG,Tudor-knot
OG0006630	HG_6631	Fungal_trans,Zn_clus
OG0010599	HG_10600	
OG0003207	HG_3208	MOR2-PAG1_C,MOR2-PAG1_N,MOR2-PAG1_mid
OG0004808	HG_4809	Sugar_tr
OG0008578	HG_8579	Sod_Fe_C,Sod_Fe_N
OG0007477	HG_7478	
OG0008801	HG_8802	WW
OG0006464	HG_6465	Glyco_hydro_28
OG0008569	HG_8570	UQ_con
OG0008440	HG_8441	RRM_1,SMC_N,SMC_hinge
OG0007380	HG_7381	Pkinase
OG0011769	HG_11770	RGS
OG0004674	HG_4675	
OG0005115	HG_5116	MFS_1
OG0006886	HG_6887	
OG0005785	HG_5786	SurE
OG0000139	HG_140	
OG0008686	HG_8687	Glyco_hydro_47,Mpp10,YEATS
OG0009190	HG_9191	DUF659
OG0008909	HG_8910	Melibiase_2
OG0007544	HG_7545	Catalase,Catalase-rel
OG0000516	HG_517	DPBB_1,Barwin,BRCT,DNA_pol_B_palm,DNA_pol_B_thumb,DNA_pol_lambd_f,HHH_8,LysM
OG0007827	HG_7828	NAD_binding_9,Pyr_redox_2,K_oxygenase
OG0005037	HG_5038	RPEL,Bac_rhodopsin
OG0004565	HG_4566	Pec_lyase_C,CBM_1,AdoMet_MTase
OG0010597	HG_10598	ANAPC4,ANAPC4_WD40
OG0006541	HG_6542	GMC_oxred_C,GMC_oxred_N
OG0010187	HG_10188	Ribosomal_L9_N
OG0000190	HG_191	OPT,DEAD,Helicase_C
OG0007208	HG_7209	Tyrosinase,DUF866,PAN_1
OG0000108	HG_109	Peptidase_C48
OG0002992	HG_2993	BBE,FAD_binding_4
OG0011113	HG_11114	PPR_2,PPR_3,PPR
OG0005676	HG_5677	Zn_clus
OG0016764	HG_16765	
OG0004751	HG_4752	GPI-anchored
OG0000338	HG_339	Grp1_Fun34_YaaH
OG0007781	HG_7782	ECH_1,Formyl_trans_C,Helicase_C,SUV3_C
OG0006287	HG_6288	HIRAN,Helicase_C,SNF2_N,zf-C3HC4_2,zf-C3HC4_3,zf-PARP,zf-RING_2,zf-C3HC4,zf-RING_UBOX,zf-RING_5,UBA_4
OG0004987	HG_4988	zf-C2H2
OG0007291	HG_7292	Transket_pyr,Transketolase_C,Transketolase_N
OG0007379	HG_7380	MS_channel,EF-hand_1
OG0006787	HG_6788	p450
OG0006746	HG_6747	PA28_alpha,PA28_beta
OG0014589	HG_14590	MFS_1
OG0016318	HG_16319	HMG_box,HMG_box_2
OG0009462	HG_9463	Thaumatin
OG0009374	HG_9375	Fungal_trans,Zn_clus
OG0008361	HG_8362	
OG0006627	HG_6628	
OG0007219	HG_7220	GRAM,Glyco_transf_28,UDPGT,PH
OG0006159	HG_6160	PPTA,Mito_carr
OG0004425	HG_4426	HGTP_anticodon,tRNA-synt_2b
OG0011777	HG_11778	
OG0003500	HG_3501	Dioxygenase_C
OG0006395	HG_6396	
OG0000217	HG_218	Exo_endo_phos_2,RNase_H,RVT_1,zf-CCHC
OG0005036	HG_5037	OPT
OG0000676	HG_677	Transposase_21,Pkinase
OG0006169	HG_6170	Cellulase
OG0005046	HG_5047	
OG0005005	HG_5006	Amidohydro_2,Gln-synt_C,Aldedh
OG0008076	HG_8077	Amidohydro_2
OG0004121	HG_4122	RPAP3_C,TPR_1,TPR_11,U-box,Metallophos,PPP5,TPR_8,SGTA_dimer,TPR_16,TPR_2,DnaJ,TPR_19,TPR_6,FKBP_C,HIRAN,Helicase_C,SNF2_N,zf-C3HC4,zf-C3HC4_3,zf-RING_2
OG0011585	HG_11586	Nuc_sug_transp
OG0005722	HG_5723	Kinesin
OG0012511	HG_12512	HD
OG0007305	HG_7306	
OG0000914	HG_915	An_peroxidase,p450,Amidohydro_1
OG0009187	HG_9188	DUF2046
OG0006786	HG_6787	adh_short_C2
OG0007073	HG_7074	Glyco_hydro_2,F_bP_aldolase,Glyco_hydro_2_N,Glyco_hydro_2_C
OG0016718	HG_16719	
OG0006560	HG_6561	DUF4451,Ank_2
OG0009197	HG_9198	HMG_box,HMG_box_2
OG0007815	HG_7816	p450
OG0016785	HG_16786	ACBP,Ank_2,Ank_4,Ank_5
OG0008467	HG_8468	
OG0014817	HG_14818	
OG0016713	HG_16714	Pectate_lyase_3
OG0007542	HG_7543	Cellulase
OG0006224	HG_6225	Bac_rhodopsin
OG0007825	HG_7826	
OG0010185	HG_10186	
OG0001398	HG_1399	MBOAT_2
OG0006507	HG_6508	Glyco_transf_18
OG0000311	HG_312	Peptidase_S10
OG0000720	HG_721	p450
OG0006234	HG_6235	AhpC-TSA_2
OG0005479	HG_5480	Phage_integrase
OG0008251	HG_8252	
OG0003921	HG_3922	Forkhead,FHA
OG0010605	HG_10606	
OG0009186	HG_9187	
OG0005231	HG_5232	Flavodoxin_1,Radical_SAM,Wyosine_form
OG0004583	HG_4584	DEK_C,TRAPP,ESCRT-II,CHZ
OG0003394	HG_3395	MIP
OG0006383	HG_6384	
OG0011775	HG_11776	DUF1624,DUF5009
OG0006795	HG_6796	HSF_DNA-bind,Vert_HS_TF
OG0000649	HG_650	adh_short,adh_short_C2,Asp
OG0000952	HG_953	CBM_1,Glyco_hydro_7
OG0006713	HG_6714	
OG0005565	HG_5566	CBM_19,AAA_5
OG0009438	HG_9439	CM_2
OG0016703	HG_16704	
OG0012363	HG_12364	ATG19_autophagy,N_BRCA1_IG,ZZ,zf-C3HC4_2
OG0000025	HG_26	p450
OG0009470	HG_9471	MBOAT_2
