species	present_OG_count	trait
Aureobasidium_melanogenum	7279	1
Aureobasidium_pullulans	7825	1
Aureobasidium_thailandense	7466	1
Aspergillus_niger	7232	0
Schizosaccharomyces_pombe	4304	1
Schizosaccharomyces_cryophilus	4319	1
Schizosaccharomyces_octosporus	4298	1
Tuber_melanosporum	5633	0
Melampsora_larici	6648	0
Sporisorium_reilianum	6267	1
Taphrina_deformans	3997	1
Ustilago_maydis	6183	1
Kalmanozyma_brasiliensis	6060	1
Kwoniella_dejecticola	6746	1
Kwoniella_bestiolae	6711	1
Kwoniella_pini	6549	1
Neurospora_crassa	6721	0
Rhodotorula_toruloides	6326	1
Cutaneotrichosporon_oleaginosum	5685	1
Rhodotorula_graminis	5973	1
Pneumocystis_jirovecii	3405	1
Pneumocystis_carinii	3406	1
Calocera_viscosa	7280	0
Daedalea_quercina	6924	0
Calocera_cornea	7263	0
Cryptococcus_amylolentus	6008	1
Neolecta_irregularis	4130	0
Protomyces_lactucae	5072	1
Amorphotheca_resinae	6811	0
Trichoderma_asperellum	7243	0
Acaromyces_ingoldii	6407	1
Malassezia_restricta	4268	1
Glomus_cerebriforme	6164	0
Terfezia_boudieri	7308	0
Rhodotorula_diobovata	6177	1
Kwoniella_shandongensis	6190	1
Sphaerosporella_brunnea	6764	0
Tilletia_walkeri	5686	0
Pleurotus_ostreatus	6950	0
Penicillium_ucsense	6685	0
Boletus_edulis	7426	0
Tirmania_nivea	7203	0
Kalaharituber_pfeilii	7232	0
Pholiota_conissans	7640	0
Cronartium_quercuum	6721	0
Umbelopsis_vinacea	5688	0
Abortiporus_biennis	6956	0
Exophiala_viscosa	7054	1
Ganoderma_leucocontextum	7648	0
Septoria_linicola	7622	0
Geopyxis_carbonaria	6879	0
Peziza_echinospora	6722	0
Morchella_snyderi	6772	0
Puccinia_striiformis	6499	0
Exobasidium_rhododendri	5783	0
Schizosaccharomyces_osmophilus	4327	1
Penicillium_canescens	7733	0
Malassezia_japonica	4118	1
Rhynchosporium_commune	7484	0
Microbotryum_saponariae	5963	1
Malassezia_sympodialis	4329	1
Pyrenophora_teres	7317	0
Moesziomyces_aphidis	6200	1
Rhodotorula_paludigena	6391	1
Candida_albicans	4700	1
Saccharomyces_cerevisiae	4265	1
Tortispora_agaves	4240	1
Sporopachydermia_lactativora	4470	1
Lachancea_nothofagi	4371	1
Lipomyces_chichibuensis	5473	1
Lipomyces_kononenkoae	5646	1
Nakazawaea_anatomiae	4606	1
Debaryomyces_udenii	4739	1
Alloascoidea_africana	4849	1
Saccharomycopsis_selenospora	4428	1
Yarrowia_lipolytica	4685	1
