Orthogroup	multic_present_count	multic_present_fraction	multic_present_species
OG0000066	20	0.6060606060606061	Aspergillus_niger;Tuber_melanosporum;Neurospora_crassa;Daedalea_quercina;Trichoderma_asperellum;Terfezia_boudieri;Sphaerosporella_brunnea;Pleurotus_ostreatus;Boletus_edulis;Tirmania_nivea;Kalaharituber_pfeilii;Pholiota_conissans;Umbelopsis_vinacea;Abortiporus_biennis;Geopyxis_carbonaria;Peziza_echinospora;Morchella_snyderi;Penicillium_canescens;Rhynchosporium_commune;Pyrenophora_teres
OG0004343	22	0.6666666666666666	Aspergillus_niger;Tuber_melanosporum;Neurospora_crassa;Daedalea_quercina;Trichoderma_asperellum;Terfezia_boudieri;Sphaerosporella_brunnea;Pleurotus_ostreatus;Penicillium_ucsense;Boletus_edulis;Tirmania_nivea;Kalaharituber_pfeilii;Pholiota_conissans;Abortiporus_biennis;Ganoderma_leucocontextum;Septoria_linicola;Geopyxis_carbonaria;Peziza_echinospora;Morchella_snyderi;Penicillium_canescens;Rhynchosporium_commune;Pyrenophora_teres
OG0005046	22	0.6666666666666666	Tuber_melanosporum;Melampsora_larici;Neurospora_crassa;Calocera_viscosa;Daedalea_quercina;Calocera_cornea;Terfezia_boudieri;Sphaerosporella_brunnea;Pleurotus_ostreatus;Boletus_edulis;Tirmania_nivea;Kalaharituber_pfeilii;Pholiota_conissans;Cronartium_quercuum;Abortiporus_biennis;Ganoderma_leucocontextum;Geopyxis_carbonaria;Peziza_echinospora;Morchella_snyderi;Puccinia_striiformis;Rhynchosporium_commune;Pyrenophora_teres
OG0005316	20	0.6060606060606061	Aspergillus_niger;Tuber_melanosporum;Calocera_viscosa;Daedalea_quercina;Calocera_cornea;Amorphotheca_resinae;Trichoderma_asperellum;Terfezia_boudieri;Sphaerosporella_brunnea;Pleurotus_ostreatus;Boletus_edulis;Tirmania_nivea;Kalaharituber_pfeilii;Pholiota_conissans;Abortiporus_biennis;Ganoderma_leucocontextum;Geopyxis_carbonaria;Peziza_echinospora;Morchella_snyderi;Rhynchosporium_commune
OG0006609	20	0.6060606060606061	Aspergillus_niger;Tuber_melanosporum;Calocera_cornea;Trichoderma_asperellum;Terfezia_boudieri;Sphaerosporella_brunnea;Penicillium_ucsense;Tirmania_nivea;Kalaharituber_pfeilii;Pholiota_conissans;Umbelopsis_vinacea;Abortiporus_biennis;Ganoderma_leucocontextum;Septoria_linicola;Geopyxis_carbonaria;Peziza_echinospora;Morchella_snyderi;Penicillium_canescens;Rhynchosporium_commune;Pyrenophora_teres
OG0006870	18	0.5454545454545454	Tuber_melanosporum;Melampsora_larici;Calocera_viscosa;Calocera_cornea;Terfezia_boudieri;Sphaerosporella_brunnea;Pleurotus_ostreatus;Tirmania_nivea;Kalaharituber_pfeilii;Pholiota_conissans;Cronartium_quercuum;Umbelopsis_vinacea;Abortiporus_biennis;Ganoderma_leucocontextum;Geopyxis_carbonaria;Peziza_echinospora;Morchella_snyderi;Puccinia_striiformis
OG0007872	18	0.5454545454545454	Aspergillus_niger;Neurospora_crassa;Daedalea_quercina;Trichoderma_asperellum;Terfezia_boudieri;Sphaerosporella_brunnea;Pleurotus_ostreatus;Boletus_edulis;Tirmania_nivea;Kalaharituber_pfeilii;Pholiota_conissans;Umbelopsis_vinacea;Abortiporus_biennis;Geopyxis_carbonaria;Peziza_echinospora;Penicillium_canescens;Rhynchosporium_commune;Pyrenophora_teres
OG0007874	21	0.6363636363636364	Aspergillus_niger;Tuber_melanosporum;Neurospora_crassa;Daedalea_quercina;Amorphotheca_resinae;Sphaerosporella_brunnea;Pleurotus_ostreatus;Penicillium_ucsense;Boletus_edulis;Tirmania_nivea;Kalaharituber_pfeilii;Pholiota_conissans;Abortiporus_biennis;Ganoderma_leucocontextum;Septoria_linicola;Geopyxis_carbonaria;Peziza_echinospora;Morchella_snyderi;Penicillium_canescens;Rhynchosporium_commune;Pyrenophora_teres
OG0008646	17	0.5151515151515151	Aspergillus_niger;Tuber_melanosporum;Neurospora_crassa;Neolecta_irregularis;Trichoderma_asperellum;Glomus_cerebriforme;Terfezia_boudieri;Sphaerosporella_brunnea;Penicillium_ucsense;Tirmania_nivea;Kalaharituber_pfeilii;Geopyxis_carbonaria;Peziza_echinospora;Morchella_snyderi;Penicillium_canescens;Rhynchosporium_commune;Pyrenophora_teres
