Allenopithecus_nigroviridis_x_nigroviridis,1,0,0,1,4,1,0,0,0,0
Alouatta_palliata_x_seniculus,1,0,0,0,0,0,0,0,0,0
Aotus_nancymaae_x_trivirgatus,1,0,0,1,2,0,0,0,0,0
Arctocebus_calabarensis_x_calabarensis,1,0,1,0,2,1,2,1,2,1
Cephalopachus_bancanus_x_bancanus,2,?,0,?,?,?,1&2,0&1,0&1,1
Cheirogaleus_medius_x_major,1,0,1,0,2,1,2,1,2,1
Daubentonia_madagascariensis_x_madagascariensis,2,?,0,2,?,?,2,2,2,1
Galago_moholi_x_moholi,1,0,1,0,2,1,2,1,2,1
Galagoides_demidoff_x_demidoff,1,0,1,0,2,1,2,1,2,1
Galeopterus_variegatus_x_variegatus,0,0,0,1,0,0,1,2,2,0
Lemur_catta_x_catta,1,0,1,0,2,1,2,1,2,1
Leontopithecus_rosalia_x_rosalia,1,0,0,1,1,0,0,1,0,0
Lepilemur_ruficaudatus_x_spp,1,0,1,0,2,1,2,1,2,1
Loris_tardigradus_x_tardigradus,1,0,1,0,2,1,2,1,2,1
Microcebus_murinus_x_murinus,1,0,1,0,2,1,2,1,2,1
Nycticebus_coucang_x_coucang,1,0,1,0,2,1,2,1,2,1
Otolemur_garnettii_x_crassicaudatus,1,0,1,0,2,1,2,1,2,1
Pan_troglodytes_x_troglodytes,1,0,0,2,2,0,0,0,0,0
Perodicticus_potto_x_potto,1,0,1,0,2,1,2,1,2,1
Propithecus_coquereli_x_spp,2,0,1,?,?,?,2,1,2,?
Ptilocercus_lowii_x_lowii,0,0,0,0,1,0,2,2,2,1
Saimiri_boliviensis_x_sciureus,1,0,0,2,1,0,0,0,0,0
Tupaia_tana_x_glis,0,0,0,0,2,0,2,2,2,1
Varecia_variegata_x_variegata,1,0,1,0,2,1,2,1,2,1
Absarokius_sp,1,0,0,0,2,?,?,1,?,?
Abuqatrania_basiodontos,?,?,0,?,?,?,?,?,?,?
Adapis_parisiensis,1,0,0,0,1,0,0,0,0,0
Aegyptopithecus_zeuxis,1,0,0,0,1,0,1,0,0,0
Afradapis_longicristatus,1,0,0,1,?,0,0,0&1,0,0
Aframonius_dieides,1,?,0,?,?,0,0,0,0,?
Afrasia_djijidae,?,?,?,?,?,?,?,?,?,?
Afrotarsius_spp,?,?,?,?,?,?,?,?,?,?
Algeripithecus_minutus,?,?,?,?,?,?,?,?,?,?
Altanius_orlovi,1,?,0,?,?,?,?,1,?,?
Amphipithecus_mogaungensis,1,?,0,?,?,?,?,0,?,?
Anchomomys_frontanyensis,?,?,0,?,?,?,?,?,?,?
Anchomomys_gaillardi,?,?,?,?,?,?,?,?,?,?
Anchomomys_milleri,?,?,0,?,?,?,?,2,?,?
Anemorhysis_Tetonoides,1,1,0,0,4,0,2,1,1,1
Apidium_bowni,?,?,?,?,?,?,?,?,?,?
Apidium_moustafai,1,?,0,?,?,?,?,0,?,?
Apidium_phiomense,1,0,0,0,1,0,0&1,0,0,0
Arapahovius_gazini,1,1,0,2,4,0,2,2,2,1
Archicebus_achilles,1,?,0,?,?,?,?,0&1,0&1,0
Arsinoea_kallimos,1,0,0,1,0,0,1,0,0,0
Asiadapis,1,0,0,?,?,?,?,0&1,?,?
Azibius_trerki,?,?,?,?,?,?,?,?,?,?
Bahinia_banyueae,?,?,?,?,?,?,?,?,?,?
Bahinia_pondaungensis,1,?,0,0,0,0,0,0,0,0
Biretia_fayumensis,?,?,0,?,?,?,?,0,?,?
Biretia_megalopsis,1,?,0,?,?,?,?,0,?,?
Branisella_boliviana,1,?,0,?,?,?,?,0,0,0
Caenopithecus_lemuroides,?,?,0,?,?,?,?,?,?,?
Cantius_abditus,1,0,0,0,0,0,0,1,1,0
Cantius_mckennai,1,?,?,?,?,?,?,?,?,?
Cantius_ralstoni,?,?,?,?,?,?,?,?,?,?
Carpolestes_simpsoni,1,?,0,2,4,0,2,2,2,1
Catopithecus_browni,1,0,0,0,0&1,0,0&1,0,0,0
Cebupithecia_sarmientoi,1,0,0,?,?,1,?,?,1,0
Copelemur_tutus,?,?,?,?,?,?,?,?,?,?
Darwinius_masillae,1,?,0,?,?,?,0,1,0,0
Djebelemur_martinezi,?,?,?,?,?,?,?,?,?,?
Dolichocebus_gaimanensis,1,?,0,0,?,0,0,?,?,?
Donrussellia_provincialis,?,?,0,?,?,?,?,0,?,?
Dyseolemur_pacificus,1,0,0,0,3,?,1,0,?,1
Eosimias_centennicus,1,1,0,0,0,0,0,0,0,0
Europolemur_dunaifi,?,?,?,?,?,?,?,?,?,?
Europolemur_kelleri_klatti,1,?,0,0,0,0,0,1,0,0
Ganlea_megacanina,1,?,0,?,?,0,0,0,0,?
Godinotia_neglecta,1,?,0,0,?,?,0,1,0,?
Hemiacodon_gracilis,1,1,0,1,3,0,?,2,1&2,?
Hoanghonius_stehlini,1,?,0,0,1,0,1,?,?,0
Homunculus_patagonicus,1,0,0,0,1,0,0,0,0,0
Ignacius,2,?,0,?,?,?,2,2,2,1
Karanisia_clarki,?,?,1,?,?,?,2,1,2,?
Komba_spp,?,?,?,?,?,?,?,?,?,?
Laomaki_yunnanensis,?,?,?,?,?,?,?,?,?,?
Leptadapis_magnus,1,0,0,0,1,?,0,0,0,0
Leptadapis_priscus,?,?,?,?,?,?,?,?,?,?
Leptadapis_ruetimeyeri,?,?,?,?,?,?,?,?,?,?
Loveina_zephryi,1,0,0,0,2,?,?,1&2,?,?
Macrotarsius_montanus,1,?,0,0,3,?,?,1,?,?
Mahgarita_stevensi,1,?,0,?,?,?,?,1,?,?
Marcgodinotius_indicus,1,1,0,?,?,?,?,1,?,?
Masradapis_tahai,?,?,0,?,?,0,0,?,?,0
Mazateronodon_endemicus,?,?,0,?,?,?,?,?,?,?
Mescalerolemur_horneri,?,?,0,?,?,?,?,?,?,?
Microadapis_sciureus,1,?,0,?,?,?,?,1,?,?
Microchoerus_erinaceus,1,1,0,2,4,?,2,1,1,1
Myanmarpithecus_yarshensis,?,?,0,?,?,?,?,?,?,?
Nannopithex_abderhaldeni,1,1,0,2,4,1,2,1,2,1
Nannopithex_raabi,1,1,0,2,4,0,2,1,2,1
Necrolemur_spp,1,1,0,2,4,?,2,1,2,1
Neosaimiri_fieldsi,1,0,0,0,1,0,0,0,0,0
Nievesia_sossisensis,?,?,?,?,?,?,?,?,?,?
Notharctus_pugnax,0,0,0,0,0,0,1,1,1,0
Notharctus_robustior,?,?,0,?,?,?,?,?,?,?
Notharctus_tenebrosus,1,0,0,0,0,0,1,1,1,0
Nycticeboides_simpsoni,?,?,?,?,?,?,?,?,?,?
Oligopithecus_rogeri,?,?,0,?,?,?,?,?,?,?
Oligopithecus_savagei,?,?,0,?,?,?,?,?,?,?
Omomys_sp,1,1,0,2,3&4,0,1&2,1,1,1
Ourayia_uintensis,1,0,0,?,?,?,?,1,?,?
Parapithecus_fraasi,2,?,0,?,?,?,0,0,0,?
Parapithecus_grangeri,3,?,0,?,?,?,?,?,?,?
Phenacopithecus_xueshii,?,?,?,?,?,0,?,?,?,?
Plesiadapis_cookei,2,?,0,?,?,?,2,2,2,1
Plesiadapis_tricuspidens,2,?,0,?,?,?,2,2,2,1
Plesiolestes_problematicus,1,1,0,1,4,0,2,1,1,1
Plesiopithecus_teras,2,?,0,2,?,?,2,2,2,1
Pondaungia_cotteri,1,?,0,?,?,?,?,0,?,?
Pronycticebus_gaudryi,1,0,0,0,1,?,0,0,0,0
Propliopithecus_chirobates,1,0,0,0,1,0,1,0,0,0
Propotto_leakeyi,2,?,0,1,?,?,2,2,?,?
Proteopithecus_sylviae,1,1,0,0,1,0,0,0,0,0
Protoadapis_curvicuspidens,1,?,?,0,1,?,?,?,?,?
Pseudoloris_parvulus,1,?,0,?,?,?,?,2,?,?
Ptilocercus_kylin,?,?,?,?,?,?,?,2,?,?
Purgatorius_unio,0,?,?,?,?,?,2,1,?,?
Qatrania_wingi,?,?,0,?,?,?,?,?,?,?
Rencunius_zhoui,?,?,?,?,?,?,?,?,?,?
Saharagalago_misrensis,?,?,?,?,?,?,?,?,?,?
Serapia_eocaena,?,?,0,?,?,?,?,?,?,?
Shoshonius_cooperi,1,0,0,0,2,?,?,0,?,?
Siamopithecus_eocaenus,?,?,0,?,?,?,?,0,?,?
Smilodectes_gracilis,1,0,0,0,0,0,1,1,0,0
Steinius_spp,1,1,0,0,3,?,?,1&2,?,?
Taqah_propliopithecid,?,?,0,?,?,?,?,?,?,?
Tarsius_sirindhornae,2,?,0,?,?,?,?,1,?,?
Bownomomys_americana,1,1,0,1,3,?,?,2,?,?
Teilhardina_asiatica,1,?,0,0,3&4,0,0,0&1,0,?
Teilhardina_belgica,1,1,0,0,2&3,?,?,0&1,?,?
Teilhardina_brandti,1,0,0,?,?,?,?,0&1,0&1,?
Tetonius_sp,1,1,0,2,4,0,2,2,2,1
Ucayalipithecus_perdita,?,?,?,?,?,?,?,?,?,?
Vastanomys_gracilis,?,?,?,?,?,?,?,?,?,?
Vastanomys_major,?,?,?,?,?,?,?,?,?,?
Wadilemur_elegans,1,?,?,?,?,?,?,1,?,?
Washakius_insignis,1,0,0,0,2,0,?,0,?,1
Xanthorhysis_tabrumi,?,?,0,?,?,?,?,?,?,?
Yunnanadapis_folivorus,?,?,0,?,?,?,?,?,?,?
Nyctitheriidae,0,0,0,0,0,0,0,1,1,1
Paromomys,2,?,0,?,?,?,?,1,?,?
Elphidotarsius,0&1,?,0,?,?,?,?,2,2,1
Dermotherium_major,?,?,?,?,?,?,?,?,?,?
Dermotherium_chimaera,?,?,?,?,?,?,1,2,2,?
