species_name	fold	true_label_encoded	predicted_label_encoded	true_label_original	predicted_label_original	probability_class_0	probability_class_1
Sporopachydermia_lactativora	1	1	1	1	1	0.48376036	0.51623964
Glomus_cerebriforme	1	0	0	0	0	0.73564434	0.26435563
Peziza_echinospora	1	0	0	0	0	0.8218174	0.17818262
Lipomyces_kononenkoae	1	1	0	1	0	0.6061207	0.3938793
Exophiala_viscosa	1	0	0	0	0	0.85680646	0.14319354
Tilletia_walkeri	1	0	0	0	0	0.727162	0.27283803
Tuber_melanosporum	1	0	0	0	0	0.8415251	0.1584749
Rhynchosporium_commune	1	0	0	0	0	0.87282526	0.12717474
Kwoniella_bestiolae	1	1	1	1	1	0.31825948	0.6817405
Yarrowia_lipolytica	1	0	1	0	1	0.47991788	0.5200821
Lachancea_nothofagi	1	1	1	1	1	0.20969856	0.79030144
Terfezia_boudieri	1	0	0	0	0	0.85303164	0.1469684
Sphaerosporella_brunnea	1	0	0	0	0	0.86194927	0.13805072
Kalaharituber_pfeilii	1	0	0	0	0	0.8582685	0.14173147
Lipomyces_chichibuensis	1	1	0	1	0	0.590785	0.409215
Rhodotorula_paludigena	1	0	0	0	0	0.8425085	0.15749149
Saccharomyces_cerevisiae	2	1	1	1	1	0.17875743	0.8212426
Neurospora_crassa	2	0	0	0	0	0.87844104	0.121558964
Saccharomycopsis_selenospora	2	0	1	0	1	0.25030267	0.7496973
Pneumocystis_jirovecii	2	1	1	1	1	0.14286655	0.85713345
Boletus_edulis	2	0	0	0	0	0.86714923	0.13285075
Kwoniella_pini	2	1	1	1	1	0.16234958	0.8376504
Morchella_snyderi	2	0	0	0	0	0.8803743	0.11962568
Taphrina_deformans	2	0	0	0	0	0.7242633	0.27573666
Umbelopsis_vinacea	2	0	0	0	0	0.81133854	0.18866143
Abortiporus_biennis	2	0	0	0	0	0.85652494	0.14347506
Tortispora_agaves	2	1	0	1	0	0.57998157	0.42001843
Malassezia_restricta	2	1	1	1	1	0.13476539	0.8652346
Cryptococcus_amylolentus	2	0	1	0	1	0.23153758	0.7684624
Aspergillus_niger	2	0	0	0	0	0.8689513	0.13104868
Aureobasidium_melanogenum	2	0	0	0	0	0.8703389	0.12966108
Geopyxis_carbonaria	3	0	0	0	0	0.79398346	0.20601654
Trichoderma_asperellum	3	0	0	0	0	0.86616373	0.13383627
Neolecta_irregularis	3	0	0	0	0	0.5780872	0.42191276
Kalmanozyma_brasiliensis	3	1	0	1	0	0.84670883	0.15329117
Amorphotheca_resinae	3	0	0	0	0	0.8693715	0.13062851
Cronartium_quercuum	3	0	0	0	0	0.77446795	0.22553208
Microbotryum_saponariae	3	0	0	0	0	0.8524333	0.14756665
Kwoniella_dejecticola	3	1	1	1	1	0.30476248	0.6952375
Pyrenophora_teres	3	0	0	0	0	0.8714589	0.1285411
Exobasidium_rhododendri	3	0	0	0	0	0.8578189	0.14218108
Malassezia_japonica	3	1	1	1	1	0.18237507	0.8176249
Daedalea_quercina	3	0	0	0	0	0.8583664	0.1416336
Pleurotus_ostreatus	3	0	0	0	0	0.86824006	0.13175993
Schizosaccharomyces_pombe	3	1	1	1	1	0.13289034	0.86710966
Rhodotorula_graminis	3	0	0	0	0	0.8445794	0.15542062
Malassezia_sympodialis	4	1	1	1	1	0.1415512	0.8584488
Pneumocystis_carinii	4	1	1	1	1	0.13789195	0.86210805
Pholiota_conissans	4	0	0	0	0	0.877179	0.122820996
Puccinia_striiformis	4	0	0	0	0	0.8042954	0.19570455
Schizosaccharomyces_osmophilus	4	1	1	1	1	0.12772179	0.8722782
Candida_albicans	4	0	1	0	1	0.42361206	0.57638794
Ganoderma_leucocontextum	4	0	0	0	0	0.87389696	0.12610303
Calocera_cornea	4	0	0	0	0	0.80597717	0.19402285
Sporisorium_reilianum	4	0	0	0	0	0.5802839	0.4197161
Debaryomyces_udenii	4	1	1	1	1	0.35915524	0.64084476
Rhodotorula_toruloides	4	0	0	0	0	0.87528807	0.12471194
Alloascoidea_africana	4	0	0	0	0	0.57678556	0.42321444
Cutaneotrichosporon_oleaginosum	4	0	0	0	0	0.6468471	0.35315287
Penicillium_ucsense	4	0	0	0	0	0.87861794	0.12138206
Protomyces_lactucae	4	0	1	0	1	0.4492033	0.5507967
Schizosaccharomyces_octosporus	5	1	1	1	1	0.14792418	0.8520758
Acaromyces_ingoldii	5	0	0	0	0	0.7534668	0.24653322
Ustilago_maydis	5	0	0	0	0	0.63712066	0.36287934
Kwoniella_shandongensis	5	1	1	1	1	0.46543515	0.53456485
Rhodotorula_diobovata	5	0	0	0	0	0.84117985	0.15882014
Nakazawaea_anatomiae	5	1	1	1	1	0.31929106	0.68070894
Calocera_viscosa	5	0	0	0	0	0.816857	0.18314303
Melampsora_larici	5	0	0	0	0	0.80932254	0.19067746
Penicillium_canescens	5	0	0	0	0	0.8558409	0.14415906
Schizosaccharomyces_cryophilus	5	1	1	1	1	0.15336001	0.84664
Tirmania_nivea	5	0	0	0	0	0.8762465	0.123753496
Septoria_linicola	5	0	0	0	0	0.8552121	0.1447879
Moesziomyces_aphidis	5	0	0	0	0	0.63323766	0.36676234
Aureobasidium_pullulans	5	0	0	0	0	0.84800017	0.15199985
Aureobasidium_thailandense	5	0	0	0	0	0.8723935	0.12760653
Malassezia_sympodialis	6	1	1	1	1	0.15534753	0.8446525
Ustilago_maydis	6	0	1	0	1	0.47639376	0.52360624
Kwoniella_shandongensis	6	1	1	1	1	0.39905196	0.60094804
Neurospora_crassa	6	0	0	0	0	0.87943155	0.12056844
Puccinia_striiformis	6	0	0	0	0	0.8488916	0.15110838
Rhynchosporium_commune	6	0	0	0	0	0.87602586	0.12397414
Morchella_snyderi	6	0	0	0	0	0.88001287	0.11998711
Pyrenophora_teres	6	0	0	0	0	0.8792244	0.120775566
Ganoderma_leucocontextum	6	0	0	0	0	0.88079685	0.119203135
Sporisorium_reilianum	6	0	1	0	1	0.46668255	0.53331745
Malassezia_japonica	6	1	1	1	1	0.28683573	0.71316427
Tortispora_agaves	6	1	1	1	1	0.4459204	0.5540796
Cutaneotrichosporon_oleaginosum	6	0	0	0	0	0.6673504	0.3326496
Kalaharituber_pfeilii	6	0	0	0	0	0.8792244	0.120775566
Lipomyces_chichibuensis	6	1	1	1	1	0.389719	0.610281
Rhodotorula_graminis	6	0	0	0	0	0.8779465	0.12205353
Schizosaccharomyces_octosporus	7	1	1	1	1	0.14252251	0.8574775
Pneumocystis_carinii	7	1	1	1	1	0.1505748	0.8494252
Glomus_cerebriforme	7	0	0	0	0	0.72343487	0.27656513
Acaromyces_ingoldii	7	0	0	0	0	0.77928007	0.22071996
Cronartium_quercuum	7	0	0	0	0	0.7163872	0.2836128
Yarrowia_lipolytica	7	0	1	0	1	0.36806506	0.63193494
Nakazawaea_anatomiae	7	1	1	1	1	0.3227896	0.6772104
Calocera_viscosa	7	0	0	0	0	0.78713	0.21287002
Lachancea_nothofagi	7	1	1	1	1	0.18331611	0.8166839
Debaryomyces_udenii	7	1	1	1	1	0.4422874	0.5577126
Melampsora_larici	7	0	0	0	0	0.70018387	0.29981613
Daedalea_quercina	7	0	0	0	0	0.8485063	0.15149373
Pleurotus_ostreatus	7	0	0	0	0	0.85755146	0.14244854
Aspergillus_niger	7	0	0	0	0	0.8493986	0.1506014
Aureobasidium_thailandense	7	0	0	0	0	0.8707111	0.12928893
Peziza_echinospora	8	0	0	0	0	0.82975423	0.1702458
Saccharomyces_cerevisiae	8	1	1	1	1	0.16379863	0.83620137
Neolecta_irregularis	8	0	0	0	0	0.6212287	0.37877133
Lipomyces_kononenkoae	8	1	1	1	1	0.32322353	0.67677647
Saccharomycopsis_selenospora	8	0	1	0	1	0.17785674	0.82214326
Tilletia_walkeri	8	0	0	0	0	0.7500563	0.24994369
Pneumocystis_jirovecii	8	1	1	1	1	0.13764793	0.8623521
Microbotryum_saponariae	8	0	0	0	0	0.8302354	0.16976458
Kwoniella_bestiolae	8	1	1	1	1	0.32213128	0.6778687
Candida_albicans	8	0	1	0	1	0.2119956	0.7880044
Abortiporus_biennis	8	0	0	0	0	0.8696605	0.13033952
Sphaerosporella_brunnea	8	0	0	0	0	0.8714495	0.12855056
Septoria_linicola	8	0	0	0	0	0.8724208	0.12757923
Rhodotorula_paludigena	8	0	0	0	0	0.83323896	0.16676103
Aureobasidium_pullulans	8	0	0	0	0	0.83027595	0.16972405
Geopyxis_carbonaria	9	0	0	0	0	0.83317554	0.16682447
Trichoderma_asperellum	9	0	0	0	0	0.86173123	0.13826875
Kalmanozyma_brasiliensis	9	1	0	1	0	0.83487296	0.16512701
Tuber_melanosporum	9	0	0	0	0	0.8804402	0.119559824
Boletus_edulis	9	0	0	0	0	0.8666822	0.13331783
Kwoniella_pini	9	1	1	1	1	0.28626847	0.7137315
Kwoniella_dejecticola	9	1	1	1	1	0.2458955	0.7541045
Calocera_cornea	9	0	0	0	0	0.83545756	0.16454242
Rhodotorula_toruloides	9	0	0	0	0	0.8717092	0.1282908
Alloascoidea_africana	9	0	1	0	1	0.4588858	0.5411142
Terfezia_boudieri	9	0	0	0	0	0.86285466	0.13714536
Schizosaccharomyces_cryophilus	9	1	1	1	1	0.13599575	0.86400425
Penicillium_ucsense	9	0	0	0	0	0.87261033	0.12738968
Protomyces_lactucae	9	0	0	0	0	0.6935234	0.30647656
Moesziomyces_aphidis	9	0	0	0	0	0.86242694	0.13757308
Sporopachydermia_lactativora	10	1	1	1	1	0.40011692	0.5998831
Pholiota_conissans	10	0	0	0	0	0.8762768	0.12372321
Exophiala_viscosa	10	0	0	0	0	0.8474511	0.15254892
Amorphotheca_resinae	10	0	0	0	0	0.87243867	0.12756133
Rhodotorula_diobovata	10	0	0	0	0	0.80847096	0.19152902
Schizosaccharomyces_osmophilus	10	1	1	1	1	0.13412797	0.865872
Taphrina_deformans	10	0	0	0	0	0.6618366	0.33816338
Umbelopsis_vinacea	10	0	0	0	0	0.7504675	0.2495325
Exobasidium_rhododendri	10	0	0	0	0	0.7533932	0.24660684
Penicillium_canescens	10	0	0	0	0	0.860432	0.13956797
Tirmania_nivea	10	0	0	0	0	0.87132233	0.12867767
Schizosaccharomyces_pombe	10	1	1	1	1	0.15522861	0.8447714
Malassezia_restricta	10	1	1	1	1	0.12674546	0.87325454
Cryptococcus_amylolentus	10	0	1	0	1	0.24015945	0.75984055
Aureobasidium_melanogenum	10	0	0	0	0	0.865009	0.13499098
Geopyxis_carbonaria	11	0	0	0	0	0.7832713	0.21672872
Peziza_echinospora	11	0	0	0	0	0.8220096	0.17799036
Lipomyces_kononenkoae	11	1	1	1	1	0.42079818	0.5792018
Neurospora_crassa	11	0	0	0	0	0.8713568	0.12864321
Exophiala_viscosa	11	0	0	0	0	0.8528939	0.1471061
Kalmanozyma_brasiliensis	11	1	0	1	0	0.81757534	0.18242465
Amorphotheca_resinae	11	0	0	0	0	0.8626151	0.13738489
Rhodotorula_diobovata	11	0	0	0	0	0.86878586	0.13121413
Rhynchosporium_commune	11	0	0	0	0	0.8654303	0.13456969
Kwoniella_dejecticola	11	1	1	1	1	0.2780571	0.7219429
Yarrowia_lipolytica	11	0	1	0	1	0.32213783	0.67786217
Lachancea_nothofagi	11	1	1	1	1	0.17862731	0.8213727
Cutaneotrichosporon_oleaginosum	11	0	0	0	0	0.55596757	0.44403246
Penicillium_ucsense	11	0	0	0	0	0.84674954	0.15325046
Lipomyces_chichibuensis	11	1	1	1	1	0.3980835	0.6019165
Aureobasidium_melanogenum	11	0	0	0	0	0.85456467	0.14543536
Sporopachydermia_lactativora	12	1	1	1	1	0.43190122	0.5680988
Malassezia_sympodialis	12	1	1	1	1	0.16741413	0.8325859
Glomus_cerebriforme	12	0	0	0	0	0.7025882	0.2974118
Acaromyces_ingoldii	12	0	0	0	0	0.81261814	0.18738183
Tuber_melanosporum	12	0	0	0	0	0.864683	0.13531704
Boletus_edulis	12	0	0	0	0	0.86120653	0.13879348
Taphrina_deformans	12	0	0	0	0	0.7148911	0.28510892
Kwoniella_bestiolae	12	1	1	1	1	0.24462724	0.75537276
Ganoderma_leucocontextum	12	0	0	0	0	0.8765423	0.123457655
Rhodotorula_toruloides	12	0	0	0	0	0.8388971	0.16110286
Tortispora_agaves	12	1	0	1	0	0.5694237	0.4305763
Sphaerosporella_brunnea	12	0	0	0	0	0.8761623	0.12383774
Kalaharituber_pfeilii	12	0	0	0	0	0.8800049	0.1199951
Malassezia_restricta	12	1	1	1	1	0.16178548	0.8382145
Aureobasidium_thailandense	12	0	0	0	0	0.87573934	0.12426065
Pholiota_conissans	13	0	0	0	0	0.87524164	0.12475837
Saccharomyces_cerevisiae	13	1	1	1	1	0.22082591	0.7791741
Neolecta_irregularis	13	0	0	0	0	0.6669034	0.33309665
Tilletia_walkeri	13	0	0	0	0	0.680313	0.31968704
Schizosaccharomyces_osmophilus	13	1	1	1	1	0.13421822	0.8657818
Cronartium_quercuum	13	0	0	0	0	0.8390712	0.16092877
Nakazawaea_anatomiae	13	1	1	1	1	0.24282861	0.7571714
Umbelopsis_vinacea	13	0	0	0	0	0.75701493	0.24298505
Exobasidium_rhododendri	13	0	0	0	0	0.77890515	0.22109486
Malassezia_japonica	13	1	1	1	1	0.17113465	0.82886535
Daedalea_quercina	13	0	0	0	0	0.87510055	0.12489947
Alloascoidea_africana	13	0	0	0	0	0.5272432	0.4727568
Septoria_linicola	13	0	0	0	0	0.869326	0.13067403
Protomyces_lactucae	13	0	0	0	0	0.52068317	0.47931683
Rhodotorula_graminis	13	0	0	0	0	0.82801217	0.17198783
Trichoderma_asperellum	14	0	0	0	0	0.8767887	0.1232113
Ustilago_maydis	14	0	0	0	0	0.7078367	0.2921633
Pneumocystis_jirovecii	14	1	1	1	1	0.13333118	0.8666688
Morchella_snyderi	14	0	0	0	0	0.8772644	0.12273564
Candida_albicans	14	0	1	0	1	0.36788726	0.63211274
Pyrenophora_teres	14	0	0	0	0	0.87510175	0.12489823
Debaryomyces_udenii	14	1	1	1	1	0.34054714	0.65945286
Melampsora_larici	14	0	0	0	0	0.7548531	0.24514687
Penicillium_canescens	14	0	0	0	0	0.8695988	0.13040118
Terfezia_boudieri	14	0	0	0	0	0.87386185	0.12613814
Schizosaccharomyces_cryophilus	14	1	1	1	1	0.13978648	0.8602135
Schizosaccharomyces_pombe	14	1	1	1	1	0.1334098	0.8665902
Cryptococcus_amylolentus	14	0	1	0	1	0.2326501	0.7673499
Rhodotorula_paludigena	14	0	0	0	0	0.81306046	0.18693952
Aureobasidium_pullulans	14	0	0	0	0	0.82252735	0.17747267
Schizosaccharomyces_octosporus	15	1	1	1	1	0.1272791	0.8727209
Pneumocystis_carinii	15	1	1	1	1	0.13546163	0.8645384
Kwoniella_shandongensis	15	1	0	1	0	0.61891544	0.3810846
Puccinia_striiformis	15	0	0	0	0	0.78090113	0.21909885
Saccharomycopsis_selenospora	15	0	1	0	1	0.17244601	0.827554
Kwoniella_pini	15	1	1	1	1	0.29272515	0.70727485
Microbotryum_saponariae	15	0	0	0	0	0.8446136	0.15538637
Calocera_viscosa	15	0	0	0	0	0.8093822	0.19061783
Calocera_cornea	15	0	0	0	0	0.8053187	0.19468127
Sporisorium_reilianum	15	0	0	0	0	0.6266123	0.3733877
Abortiporus_biennis	15	0	0	0	0	0.85392505	0.14607495
Tirmania_nivea	15	0	0	0	0	0.87886006	0.12113996
Pleurotus_ostreatus	15	0	0	0	0	0.86594385	0.13405615
Aspergillus_niger	15	0	0	0	0	0.8583101	0.1416899
Moesziomyces_aphidis	15	0	0	0	0	0.6541153	0.34588465
Trichoderma_asperellum	16	0	0	0	0	0.8676578	0.13234223
Kalmanozyma_brasiliensis	16	1	0	1	0	0.8238744	0.17612559
Kwoniella_bestiolae	16	1	1	1	1	0.3959568	0.6040432
Kwoniella_dejecticola	16	1	1	1	1	0.3765468	0.6234532
Calocera_viscosa	16	0	0	0	0	0.83136004	0.16863994
Lachancea_nothofagi	16	1	1	1	1	0.15710205	0.84289795
Exobasidium_rhododendri	16	0	0	0	0	0.8607988	0.13920121
Abortiporus_biennis	16	0	0	0	0	0.87263024	0.12736975
Cutaneotrichosporon_oleaginosum	16	0	0	0	0	0.64120805	0.35879192
Schizosaccharomyces_cryophilus	16	1	1	1	1	0.14782077	0.8521792
Kalaharituber_pfeilii	16	0	0	0	0	0.87782073	0.12217925
Pleurotus_ostreatus	16	0	0	0	0	0.8681551	0.13184488
Moesziomyces_aphidis	16	0	0	0	0	0.8478485	0.15215151
Rhodotorula_paludigena	16	0	0	0	0	0.83531404	0.16468595
Aureobasidium_pullulans	16	0	0	0	0	0.814977	0.18502301
Aureobasidium_thailandense	16	0	0	0	0	0.87067837	0.12932162
Schizosaccharomyces_octosporus	17	1	1	1	1	0.14227265	0.85772735
Geopyxis_carbonaria	17	0	0	0	0	0.8583072	0.1416928
Kwoniella_shandongensis	17	1	1	1	1	0.49921912	0.5007809
Tuber_melanosporum	17	0	0	0	0	0.8619242	0.13807583
Rhynchosporium_commune	17	0	0	0	0	0.87612283	0.12387718
Morchella_snyderi	17	0	0	0	0	0.87670106	0.12329896
Taphrina_deformans	17	0	0	0	0	0.67334896	0.32665104
Pyrenophora_teres	17	0	0	0	0	0.8769368	0.123063184
Nakazawaea_anatomiae	17	1	1	1	1	0.36195552	0.6380445
Sporisorium_reilianum	17	0	0	0	0	0.67187256	0.32812744
Debaryomyces_udenii	17	1	0	1	0	0.5215795	0.4784205
Melampsora_larici	17	0	0	0	0	0.8063341	0.1936659
Septoria_linicola	17	0	0	0	0	0.8716155	0.12838446
Schizosaccharomyces_pombe	17	1	1	1	1	0.16076702	0.839233
Cryptococcus_amylolentus	17	0	1	0	1	0.4285738	0.5714262
Malassezia_sympodialis	18	1	1	1	1	0.15116537	0.84883463
Peziza_echinospora	18	0	0	0	0	0.7680841	0.2319159
Lipomyces_kononenkoae	18	1	1	1	1	0.2892264	0.7107736
Tilletia_walkeri	18	0	0	0	0	0.74401414	0.2559859
Schizosaccharomyces_osmophilus	18	1	1	1	1	0.13528472	0.8647153
Boletus_edulis	18	0	0	0	0	0.85013723	0.1498628
Candida_albicans	18	0	1	0	1	0.21263492	0.7873651
Yarrowia_lipolytica	18	0	1	0	1	0.39439315	0.60560685
Ganoderma_leucocontextum	18	0	0	0	0	0.8644439	0.13555607
Calocera_cornea	18	0	0	0	0	0.77487195	0.22512807
Tortispora_agaves	18	1	0	1	0	0.5728892	0.4271108
Daedalea_quercina	18	0	0	0	0	0.84638536	0.15361463
Sphaerosporella_brunnea	18	0	0	0	0	0.8767271	0.123272896
Penicillium_ucsense	18	0	0	0	0	0.8660112	0.13398881
Rhodotorula_graminis	18	0	0	0	0	0.8267554	0.1732446
Pneumocystis_carinii	19	1	1	1	1	0.13931787	0.86068213
Glomus_cerebriforme	19	0	0	0	0	0.79317373	0.20682625
Acaromyces_ingoldii	19	0	0	0	0	0.83059627	0.16940375
Saccharomyces_cerevisiae	19	1	1	1	1	0.2861327	0.7138673
Neolecta_irregularis	19	0	0	0	0	0.74285614	0.25714383
Exophiala_viscosa	19	0	0	0	0	0.8490229	0.15097709
Rhodotorula_diobovata	19	0	0	0	0	0.85684127	0.14315875
Cronartium_quercuum	19	0	0	0	0	0.830834	0.16916604
Kwoniella_pini	19	1	1	1	1	0.16912484	0.83087516
Rhodotorula_toruloides	19	0	0	0	0	0.8545095	0.1454905
Terfezia_boudieri	19	0	0	0	0	0.8631607	0.1368393
Tirmania_nivea	19	0	0	0	0	0.8761149	0.12388509
Protomyces_lactucae	19	0	1	0	1	0.31478304	0.68521696
Malassezia_restricta	19	1	1	1	1	0.13872701	0.861273
Aspergillus_niger	19	0	0	0	0	0.8090674	0.19093257
Sporopachydermia_lactativora	20	1	1	1	1	0.21627164	0.78372836
Pholiota_conissans	20	0	0	0	0	0.87563455	0.12436543
Ustilago_maydis	20	0	0	0	0	0.69225097	0.30774903
Neurospora_crassa	20	0	0	0	0	0.8772997	0.12270028
Puccinia_striiformis	20	0	0	0	0	0.76291025	0.23708975
Saccharomycopsis_selenospora	20	0	1	0	1	0.21483153	0.78516847
Amorphotheca_resinae	20	0	0	0	0	0.875359	0.124640994
Pneumocystis_jirovecii	20	1	1	1	1	0.13245082	0.8675492
Microbotryum_saponariae	20	0	0	0	0	0.8237909	0.17620909
Umbelopsis_vinacea	20	0	0	0	0	0.8008947	0.19910534
Malassezia_japonica	20	1	1	1	1	0.15898722	0.8410128
Penicillium_canescens	20	0	0	0	0	0.8656992	0.13430084
Alloascoidea_africana	20	0	1	0	1	0.42198837	0.57801163
Lipomyces_chichibuensis	20	1	1	1	1	0.30600792	0.6939921
Aureobasidium_melanogenum	20	0	0	0	0	0.86557835	0.13442166
Sporopachydermia_lactativora	21	1	1	1	1	0.2555955	0.7444045
Glomus_cerebriforme	21	0	0	0	0	0.6668526	0.33314738
Saccharomyces_cerevisiae	21	1	1	1	1	0.17791122	0.8220888
Kwoniella_shandongensis	21	1	1	1	1	0.42028564	0.57971436
Lipomyces_kononenkoae	21	1	1	1	1	0.3164658	0.6835342
Puccinia_striiformis	21	0	0	0	0	0.74618685	0.25381318
Saccharomycopsis_selenospora	21	0	1	0	1	0.22935587	0.7706441
Tilletia_walkeri	21	0	0	0	0	0.677173	0.32282695
Microbotryum_saponariae	21	0	0	0	0	0.78689396	0.21310605
Taphrina_deformans	21	0	0	0	0	0.66087896	0.33912104
Candida_albicans	21	0	1	0	1	0.2722705	0.7277295
Calocera_viscosa	21	0	0	0	0	0.81003475	0.18996528
Lachancea_nothofagi	21	1	1	1	1	0.16293788	0.8370621
Kalaharituber_pfeilii	21	0	0	0	0	0.87646455	0.12353547
Rhodotorula_graminis	21	0	0	0	0	0.8169826	0.1830174
Aureobasidium_melanogenum	21	0	0	0	0	0.8724058	0.12759417
Pholiota_conissans	22	0	0	0	0	0.868886	0.13111398
Peziza_echinospora	22	0	0	0	0	0.78044283	0.2195572
Tuber_melanosporum	22	0	0	0	0	0.8596605	0.14033951
Cronartium_quercuum	22	0	0	0	0	0.79498017	0.2050198
Pneumocystis_jirovecii	22	1	1	1	1	0.15205234	0.84794766
Kwoniella_pini	22	1	1	1	1	0.23342514	0.76657486
Morchella_snyderi	22	0	0	0	0	0.8704468	0.12955318
Nakazawaea_anatomiae	22	1	1	1	1	0.24826312	0.7517369
Ganoderma_leucocontextum	22	0	0	0	0	0.87007654	0.12992348
Malassezia_japonica	22	1	1	1	1	0.16954309	0.8304569
Tortispora_agaves	22	1	0	1	0	0.6073643	0.39263567
Alloascoidea_africana	22	0	1	0	1	0.4224097	0.5775903
Cutaneotrichosporon_oleaginosum	22	0	0	0	0	0.6324841	0.36751592
Terfezia_boudieri	22	0	0	0	0	0.85762227	0.14237772
Penicillium_ucsense	22	0	0	0	0	0.864517	0.13548303
Schizosaccharomyces_octosporus	23	1	1	1	1	0.18331838	0.8166816
Malassezia_sympodialis	23	1	1	1	1	0.17545891	0.8245411
Ustilago_maydis	23	0	0	0	0	0.5691792	0.4308208
Exophiala_viscosa	23	0	0	0	0	0.8343146	0.16568545
Schizosaccharomyces_osmophilus	23	1	1	1	1	0.18443233	0.8155677
Rhynchosporium_commune	23	0	0	0	0	0.86212504	0.13787496
Pyrenophora_teres	23	0	0	0	0	0.86847675	0.13152325
Yarrowia_lipolytica	23	0	1	0	1	0.369398	0.630602
Exobasidium_rhododendri	23	0	0	0	0	0.7421392	0.25786075
Daedalea_quercina	23	0	0	0	0	0.87253875	0.12746125
Schizosaccharomyces_cryophilus	23	1	1	1	1	0.19797885	0.80202115
Septoria_linicola	23	0	0	0	0	0.8612898	0.1387102
Moesziomyces_aphidis	23	0	0	0	0	0.59117246	0.40882754
Rhodotorula_paludigena	23	0	0	0	0	0.82300425	0.17699572
Aureobasidium_pullulans	23	0	0	0	0	0.8294727	0.17052726
Pneumocystis_carinii	24	1	1	1	1	0.1641736	0.8358264
Acaromyces_ingoldii	24	0	0	0	0	0.79244155	0.20755845
Neurospora_crassa	24	0	0	0	0	0.87434447	0.1256555
Rhodotorula_diobovata	24	0	0	0	0	0.8298384	0.17016162
Kwoniella_dejecticola	24	1	1	1	1	0.34880894	0.65119106
Calocera_cornea	24	0	0	0	0	0.7639783	0.23602168
Melampsora_larici	24	0	0	0	0	0.7514146	0.2485854
Abortiporus_biennis	24	0	0	0	0	0.8552927	0.14470729
Tirmania_nivea	24	0	0	0	0	0.870891	0.12910905
Sphaerosporella_brunnea	24	0	0	0	0	0.87554324	0.12445678
Pleurotus_ostreatus	24	0	0	0	0	0.8645444	0.13545561
Protomyces_lactucae	24	0	0	0	0	0.5848112	0.41518876
Malassezia_restricta	24	1	1	1	1	0.15606582	0.8439342
Lipomyces_chichibuensis	24	1	1	1	1	0.3121689	0.6878311
Aspergillus_niger	24	0	0	0	0	0.84088284	0.15911715
Geopyxis_carbonaria	25	0	0	0	0	0.778156	0.22184403
Trichoderma_asperellum	25	0	0	0	0	0.874565	0.12543496
Neolecta_irregularis	25	0	0	0	0	0.55789924	0.4421008
Kalmanozyma_brasiliensis	25	1	0	1	0	0.8710616	0.12893839
Amorphotheca_resinae	25	0	0	0	0	0.8792645	0.120735526
Boletus_edulis	25	0	0	0	0	0.8779685	0.12203151
Kwoniella_bestiolae	25	1	1	1	1	0.14527577	0.8547242
Umbelopsis_vinacea	25	0	0	0	0	0.853927	0.14607295
Sporisorium_reilianum	25	0	0	0	0	0.87693405	0.12306597
Debaryomyces_udenii	25	1	0	1	0	0.57132286	0.42867714
Rhodotorula_toruloides	25	0	0	0	0	0.8793898	0.120610185
Penicillium_canescens	25	0	0	0	0	0.830099	0.16990101
Schizosaccharomyces_pombe	25	1	1	1	1	0.15275955	0.84724045
Cryptococcus_amylolentus	25	0	1	0	1	0.34232724	0.65767276
Aureobasidium_thailandense	25	0	0	0	0	0.8680562	0.1319438
Sporopachydermia_lactativora	26	1	1	1	1	0.334045	0.665955
Malassezia_sympodialis	26	1	1	1	1	0.17676121	0.8232388
Pneumocystis_carinii	26	1	1	1	1	0.15473163	0.84526837
Ustilago_maydis	26	0	0	0	0	0.7378489	0.2621511
Exophiala_viscosa	26	0	0	0	0	0.85186017	0.14813983
Kwoniella_dejecticola	26	1	1	1	1	0.26057076	0.73942924
Umbelopsis_vinacea	26	0	0	0	0	0.8356855	0.16431448
Exobasidium_rhododendri	26	0	0	0	0	0.75730705	0.24269295
Daedalea_quercina	26	0	0	0	0	0.86969924	0.13030075
Penicillium_ucsense	26	0	0	0	0	0.85741794	0.14258207
Pleurotus_ostreatus	26	0	0	0	0	0.8666785	0.13332155
Cryptococcus_amylolentus	26	0	1	0	1	0.3077054	0.6922946
Lipomyces_chichibuensis	26	1	1	1	1	0.37906587	0.6209341
Rhodotorula_graminis	26	0	0	0	0	0.8297242	0.17027578
Aspergillus_niger	26	0	0	0	0	0.8516206	0.14837939
Rhodotorula_paludigena	26	0	0	0	0	0.8100261	0.1899739
Schizosaccharomyces_octosporus	27	1	1	1	1	0.15167403	0.84832597
Acaromyces_ingoldii	27	0	0	0	0	0.817171	0.18282905
Saccharomyces_cerevisiae	27	1	1	1	1	0.18669039	0.8133096
Neurospora_crassa	27	0	0	0	0	0.871573	0.128427
Puccinia_striiformis	27	0	0	0	0	0.7382077	0.2617923
Saccharomycopsis_selenospora	27	0	1	0	1	0.22841793	0.77158207
Tuber_melanosporum	27	0	0	0	0	0.86734545	0.13265456
Morchella_snyderi	27	0	0	0	0	0.87685424	0.12314575
Nakazawaea_anatomiae	27	1	1	1	1	0.26089752	0.7391025
Calocera_viscosa	27	0	0	0	0	0.8015588	0.19844119
Tortispora_agaves	27	1	0	1	0	0.57479334	0.42520666
Penicillium_canescens	27	0	0	0	0	0.8667662	0.1332338
Terfezia_boudieri	27	0	0	0	0	0.85025	0.14974998
Schizosaccharomyces_cryophilus	27	1	1	1	1	0.17503834	0.82496166
Sphaerosporella_brunnea	27	0	0	0	0	0.8725456	0.12745443
Pholiota_conissans	28	0	0	0	0	0.8689569	0.13104305
Tilletia_walkeri	28	0	0	0	0	0.60247535	0.39752465
Schizosaccharomyces_osmophilus	28	1	1	1	1	0.13115251	0.8688475
Cronartium_quercuum	28	0	0	0	0	0.7795129	0.22048712
Boletus_edulis	28	0	0	0	0	0.86124605	0.13875397
Microbotryum_saponariae	28	0	0	0	0	0.81514525	0.18485473
Pyrenophora_teres	28	0	0	0	0	0.87716585	0.12283416
Sporisorium_reilianum	28	0	0	0	0	0.634199	0.36580098
Debaryomyces_udenii	28	1	1	1	1	0.45378542	0.5462146
Cutaneotrichosporon_oleaginosum	28	0	1	0	1	0.48920542	0.5107946
Schizosaccharomyces_pombe	28	1	1	1	1	0.14624095	0.85375905
Protomyces_lactucae	28	0	1	0	1	0.44544375	0.55455625
Malassezia_restricta	28	1	1	1	1	0.1355589	0.8644411
Aureobasidium_melanogenum	28	0	0	0	0	0.863602	0.13639803
Aureobasidium_pullulans	28	0	0	0	0	0.841441	0.15855902
Trichoderma_asperellum	29	0	0	0	0	0.86928844	0.13071157
Neolecta_irregularis	29	0	0	0	0	0.6178186	0.3821814
Kwoniella_shandongensis	29	1	0	1	0	0.52892476	0.47107524
Kalmanozyma_brasiliensis	29	1	0	1	0	0.8566082	0.1433918
Rhodotorula_diobovata	29	0	0	0	0	0.86374813	0.13625188
Rhynchosporium_commune	29	0	0	0	0	0.86483383	0.1351662
Pneumocystis_jirovecii	29	1	1	1	1	0.13922858	0.8607714
Candida_albicans	29	0	1	0	1	0.32719463	0.67280537
Lachancea_nothofagi	29	1	1	1	1	0.15320706	0.84679294
Ganoderma_leucocontextum	29	0	0	0	0	0.86717916	0.13282086
Abortiporus_biennis	29	0	0	0	0	0.8716103	0.1283897
Tirmania_nivea	29	0	0	0	0	0.8735054	0.12649457
Kalaharituber_pfeilii	29	0	0	0	0	0.8693197	0.13068031
Septoria_linicola	29	0	0	0	0	0.8698436	0.13015643
Moesziomyces_aphidis	29	0	0	0	0	0.8685074	0.13149263
Glomus_cerebriforme	30	0	0	0	0	0.7539334	0.2460666
Geopyxis_carbonaria	30	0	0	0	0	0.8599429	0.14005707
Peziza_echinospora	30	0	0	0	0	0.852274	0.14772598
Lipomyces_kononenkoae	30	1	1	1	1	0.32636148	0.6736385
Amorphotheca_resinae	30	0	0	0	0	0.8787465	0.1212535
Kwoniella_pini	30	1	1	1	1	0.3644756	0.6355244
Taphrina_deformans	30	0	0	0	0	0.5964954	0.40350464
Kwoniella_bestiolae	30	1	1	1	1	0.38896024	0.61103976
Yarrowia_lipolytica	30	0	1	0	1	0.382383	0.617617
Calocera_cornea	30	0	0	0	0	0.8030467	0.19695328
Malassezia_japonica	30	1	1	1	1	0.15782762	0.8421724
Melampsora_larici	30	0	0	0	0	0.80111647	0.1988835
Rhodotorula_toruloides	30	0	0	0	0	0.85398483	0.1460152
Alloascoidea_africana	30	0	1	0	1	0.41718107	0.5828189
Aureobasidium_thailandense	30	0	0	0	0	0.8745284	0.12547158
Trichoderma_asperellum	31	0	0	0	0	0.8749823	0.12501772
Kwoniella_shandongensis	31	1	1	1	1	0.4927914	0.5072086
Exophiala_viscosa	31	0	0	0	0	0.8636315	0.13636853
Saccharomycopsis_selenospora	31	0	1	0	1	0.17726457	0.8227354
Amorphotheca_resinae	31	0	0	0	0	0.8774074	0.122592635
Schizosaccharomyces_osmophilus	31	1	1	1	1	0.1375488	0.8624512
Pneumocystis_jirovecii	31	1	1	1	1	0.13067102	0.869329
Microbotryum_saponariae	31	0	0	0	0	0.801312	0.19868797
Umbelopsis_vinacea	31	0	0	0	0	0.8260323	0.1739677
Abortiporus_biennis	31	0	0	0	0	0.8708571	0.12914285
Tortispora_agaves	31	1	1	1	1	0.43244326	0.56755674
Terfezia_boudieri	31	0	0	0	0	0.87188685	0.12811312
Sphaerosporella_brunnea	31	0	0	0	0	0.8695872	0.13041282
Schizosaccharomyces_pombe	31	1	1	1	1	0.14533126	0.85466874
Rhodotorula_paludigena	31	0	0	0	0	0.8116526	0.18834741
Aureobasidium_melanogenum	31	0	0	0	0	0.8717286	0.12827142
Peziza_echinospora	32	0	0	0	0	0.8457483	0.15425168
Lipomyces_kononenkoae	32	1	1	1	1	0.3586598	0.6413402
Puccinia_striiformis	32	0	0	0	0	0.8251533	0.1748467
Tuber_melanosporum	32	0	0	0	0	0.8622673	0.13773268
Rhynchosporium_commune	32	0	0	0	0	0.8776017	0.1223983
Kwoniella_pini	32	1	1	1	1	0.16278368	0.8372163
Morchella_snyderi	32	0	0	0	0	0.8740699	0.12593009
Lachancea_nothofagi	32	1	1	1	1	0.17781895	0.82218105
Exobasidium_rhododendri	32	0	0	0	0	0.8110397	0.18896031
Debaryomyces_udenii	32	1	0	1	0	0.5260562	0.4739438
Rhodotorula_toruloides	32	0	0	0	0	0.863276	0.136724
Septoria_linicola	32	0	0	0	0	0.8675716	0.13242838
Malassezia_restricta	32	1	1	1	1	0.12356478	0.8764352
Cryptococcus_amylolentus	32	0	1	0	1	0.29017103	0.709829
Aureobasidium_pullulans	32	0	0	0	0	0.8503368	0.1496632
Malassezia_sympodialis	33	1	1	1	1	0.1955173	0.8044827
Glomus_cerebriforme	33	0	0	0	0	0.7948386	0.20516138
Kalmanozyma_brasiliensis	33	1	0	1	0	0.8260967	0.1739033
Rhodotorula_diobovata	33	0	0	0	0	0.8593551	0.1406449
Taphrina_deformans	33	0	0	0	0	0.788219	0.21178102
Kwoniella_bestiolae	33	1	1	1	1	0.2823938	0.7176062
Candida_albicans	33	0	1	0	1	0.29100102	0.708999
Calocera_viscosa	33	0	0	0	0	0.80044055	0.19955947
Calocera_cornea	33	0	0	0	0	0.7753105	0.22468945
Sporisorium_reilianum	33	0	0	0	0	0.83742404	0.16257599
Malassezia_japonica	33	1	1	1	1	0.21870834	0.78129166
Penicillium_canescens	33	0	0	0	0	0.8536129	0.14638707
Tirmania_nivea	33	0	0	0	0	0.8674636	0.13253644
Aspergillus_niger	33	0	0	0	0	0.84588534	0.15411468
Moesziomyces_aphidis	33	0	0	0	0	0.8393085	0.16069147
Schizosaccharomyces_octosporus	34	1	1	1	1	0.13302493	0.86697507
Neurospora_crassa	34	0	0	0	0	0.8773788	0.12262118
Cronartium_quercuum	34	0	0	0	0	0.80851877	0.19148125
Kwoniella_dejecticola	34	1	1	1	1	0.26584792	0.7341521
Pyrenophora_teres	34	0	0	0	0	0.8777151	0.12228491
Yarrowia_lipolytica	34	0	1	0	1	0.4534623	0.5465377
Nakazawaea_anatomiae	34	1	1	1	1	0.3318864	0.6681136
Ganoderma_leucocontextum	34	0	0	0	0	0.8664678	0.13353224
Penicillium_ucsense	34	0	0	0	0	0.8670635	0.13293645
Kalaharituber_pfeilii	34	0	0	0	0	0.8723892	0.1276108
Pleurotus_ostreatus	34	0	0	0	0	0.86106163	0.13893838
Protomyces_lactucae	34	0	0	0	0	0.5750538	0.4249462
Lipomyces_chichibuensis	34	1	1	1	1	0.32488334	0.67511666
Rhodotorula_graminis	34	0	0	0	0	0.85670924	0.14329077
Aureobasidium_thailandense	34	0	0	0	0	0.874824	0.12517603
Sporopachydermia_lactativora	35	1	1	1	1	0.2961806	0.7038194
Pneumocystis_carinii	35	1	1	1	1	0.14679444	0.85320556
Pholiota_conissans	35	0	0	0	0	0.8758154	0.1241846
Geopyxis_carbonaria	35	0	0	0	0	0.79386693	0.20613307
Acaromyces_ingoldii	35	0	0	0	0	0.78617185	0.21382816
Saccharomyces_cerevisiae	35	1	1	1	1	0.25482422	0.7451758
Ustilago_maydis	35	0	0	0	0	0.58794415	0.41205585
Neolecta_irregularis	35	0	0	0	0	0.5552573	0.44474265
Tilletia_walkeri	35	0	0	0	0	0.725157	0.274843
Boletus_edulis	35	0	0	0	0	0.86875445	0.13124554
Melampsora_larici	35	0	0	0	0	0.83865654	0.16134346
Daedalea_quercina	35	0	0	0	0	0.87464505	0.12535496
Alloascoidea_africana	35	0	0	0	0	0.5682353	0.43176472
Cutaneotrichosporon_oleaginosum	35	0	1	0	1	0.46358865	0.53641135
Schizosaccharomyces_cryophilus	35	1	1	1	1	0.14789724	0.85210276
Pneumocystis_carinii	36	1	1	1	1	0.17148471	0.8285153
Glomus_cerebriforme	36	0	0	0	0	0.7344971	0.26550296
Geopyxis_carbonaria	36	0	0	0	0	0.8505595	0.14944051
Trichoderma_asperellum	36	0	0	0	0	0.88001287	0.11998714
Ustilago_maydis	36	0	0	0	0	0.7047959	0.2952041
Exophiala_viscosa	36	0	0	0	0	0.86060655	0.13939343
Tilletia_walkeri	36	0	0	0	0	0.63442016	0.36557984
Rhodotorula_diobovata	36	0	0	0	0	0.81575406	0.18424594
Schizosaccharomyces_osmophilus	36	1	1	1	1	0.13041502	0.869585
Pneumocystis_jirovecii	36	1	1	1	1	0.17064983	0.8293502
Candida_albicans	36	0	1	0	1	0.3016079	0.6983921
Lachancea_nothofagi	36	1	1	1	1	0.14621365	0.85378635
Septoria_linicola	36	0	0	0	0	0.86856264	0.13143736
Pleurotus_ostreatus	36	0	0	0	0	0.87361765	0.12638234
Lipomyces_chichibuensis	36	1	1	1	1	0.33585697	0.664143
Rhodotorula_paludigena	36	0	0	0	0	0.7757417	0.2242583
Sporopachydermia_lactativora	37	1	1	1	1	0.34851074	0.65148926
Acaromyces_ingoldii	37	0	0	0	0	0.819262	0.18073794
Morchella_snyderi	37	0	0	0	0	0.8769446	0.12305541
Microbotryum_saponariae	37	0	0	0	0	0.83272654	0.16727345
Yarrowia_lipolytica	37	0	1	0	1	0.26021242	0.7397876
Debaryomyces_udenii	37	1	1	1	1	0.4471479	0.5528521
Malassezia_japonica	37	1	1	1	1	0.14583129	0.8541687
Tortispora_agaves	37	1	0	1	0	0.55283	0.44717005
Penicillium_canescens	37	0	0	0	0	0.8749214	0.12507863
Sphaerosporella_brunnea	37	0	0	0	0	0.8764253	0.12357469
Kalaharituber_pfeilii	37	0	0	0	0	0.8781054	0.12189463
Schizosaccharomyces_pombe	37	1	1	1	1	0.13035023	0.86964977
Aureobasidium_melanogenum	37	0	0	0	0	0.8562666	0.1437334
Aureobasidium_pullulans	37	0	0	0	0	0.8608589	0.13914111
Aureobasidium_thailandense	37	0	0	0	0	0.8720275	0.12797245
Schizosaccharomyces_octosporus	38	1	1	1	1	0.15857983	0.8414202
Peziza_echinospora	38	0	0	0	0	0.82189167	0.17810835
Neolecta_irregularis	38	0	0	0	0	0.59176016	0.4082398
Kwoniella_shandongensis	38	1	1	1	1	0.41919214	0.58080786
Puccinia_striiformis	38	0	0	0	0	0.57349324	0.42650676
Boletus_edulis	38	0	0	0	0	0.8674426	0.13255738
Nakazawaea_anatomiae	38	1	1	1	1	0.31757355	0.68242645
Calocera_viscosa	38	0	0	0	0	0.7422596	0.25774035
Calocera_cornea	38	0	0	0	0	0.71253085	0.28746912
Sporisorium_reilianum	38	0	0	0	0	0.7436142	0.25638583
Melampsora_larici	38	0	0	0	0	0.7313653	0.2686347
Daedalea_quercina	38	0	0	0	0	0.84374297	0.156257
Schizosaccharomyces_cryophilus	38	1	1	1	1	0.1580025	0.8419975
Tirmania_nivea	38	0	0	0	0	0.8654397	0.13456029
Cryptococcus_amylolentus	38	0	1	0	1	0.30143332	0.6985667
Saccharomyces_cerevisiae	39	1	1	1	1	0.15259612	0.8474039
Saccharomycopsis_selenospora	39	0	1	0	1	0.16733426	0.83266574
Kalmanozyma_brasiliensis	39	1	0	1	0	0.83399713	0.16600285
Cronartium_quercuum	39	0	0	0	0	0.7631178	0.23688222
Kwoniella_pini	39	1	1	1	1	0.40871108	0.5912889
Taphrina_deformans	39	0	0	0	0	0.7344152	0.26558483
Kwoniella_bestiolae	39	1	1	1	1	0.4174074	0.5825926
Pyrenophora_teres	39	0	0	0	0	0.8584598	0.14154023
Exobasidium_rhododendri	39	0	0	0	0	0.8518991	0.14810091
Abortiporus_biennis	39	0	0	0	0	0.8712624	0.12873764
Alloascoidea_africana	39	0	1	0	1	0.339051	0.660949
Cutaneotrichosporon_oleaginosum	39	0	0	0	0	0.6370702	0.3629298
Terfezia_boudieri	39	0	0	0	0	0.8584882	0.14151181
Penicillium_ucsense	39	0	0	0	0	0.8664669	0.13353314
Aspergillus_niger	39	0	0	0	0	0.82247025	0.17752977
Malassezia_sympodialis	40	1	1	1	1	0.16494495	0.83505505
Pholiota_conissans	40	0	0	0	0	0.8745265	0.12547351
Lipomyces_kononenkoae	40	1	1	1	1	0.3450709	0.6549291
Neurospora_crassa	40	0	0	0	0	0.8764227	0.12357728
Amorphotheca_resinae	40	0	0	0	0	0.87784183	0.12215818
Tuber_melanosporum	40	0	0	0	0	0.8443246	0.15567543
Rhynchosporium_commune	40	0	0	0	0	0.87415105	0.12584895
Kwoniella_dejecticola	40	1	1	1	1	0.26282734	0.73717266
Umbelopsis_vinacea	40	0	0	0	0	0.7733364	0.2266636
Ganoderma_leucocontextum	40	0	0	0	0	0.8700752	0.1299248
Rhodotorula_toruloides	40	0	0	0	0	0.8141784	0.18582158
Protomyces_lactucae	40	0	1	0	1	0.4785918	0.5214082
Malassezia_restricta	40	1	1	1	1	0.15402973	0.8459703
Rhodotorula_graminis	40	0	0	0	0	0.81417954	0.18582048
Moesziomyces_aphidis	40	0	0	0	0	0.73610127	0.26389873
Geopyxis_carbonaria	41	0	0	0	0	0.82025385	0.17974617
Ustilago_maydis	41	0	0	0	0	0.64549005	0.35450992
Lipomyces_kononenkoae	41	1	1	1	1	0.37949932	0.6205007
Rhodotorula_diobovata	41	0	0	0	0	0.84164995	0.15835004
Cronartium_quercuum	41	0	0	0	0	0.8140612	0.18593878
Pneumocystis_jirovecii	41	1	1	1	1	0.14880908	0.8511909
Boletus_edulis	41	0	0	0	0	0.86408293	0.13591707
Kwoniella_dejecticola	41	1	1	1	1	0.31695145	0.68304855
Pyrenophora_teres	41	0	0	0	0	0.8710579	0.12894209
Yarrowia_lipolytica	41	0	1	0	1	0.33310163	0.66689837
Lachancea_nothofagi	41	1	1	1	1	0.15701306	0.84298694
Daedalea_quercina	41	0	0	0	0	0.8703415	0.12965852
Alloascoidea_africana	41	0	1	0	1	0.32436603	0.67563397
Schizosaccharomyces_cryophilus	41	1	1	1	1	0.16722149	0.8327785
Kalaharituber_pfeilii	41	0	0	0	0	0.87118834	0.12881164
Aureobasidium_thailandense	41	0	0	0	0	0.8697511	0.13024887
Glomus_cerebriforme	42	0	0	0	0	0.81136477	0.18863526
Saccharomyces_cerevisiae	42	1	1	1	1	0.3090412	0.6909588
Kwoniella_shandongensis	42	1	0	1	0	0.65997803	0.34002194
Amorphotheca_resinae	42	0	0	0	0	0.8792084	0.12079161
Nakazawaea_anatomiae	42	1	1	1	1	0.3884219	0.6115781
Exobasidium_rhododendri	42	0	0	0	0	0.8098402	0.19015983
Debaryomyces_udenii	42	1	0	1	0	0.7174685	0.28253153
Terfezia_boudieri	42	0	0	0	0	0.8708867	0.1291133
Penicillium_ucsense	42	0	0	0	0	0.85843146	0.14156853
Septoria_linicola	42	0	0	0	0	0.87515724	0.124842785
Schizosaccharomyces_pombe	42	1	1	1	1	0.1429249	0.8570751
Protomyces_lactucae	42	0	1	0	1	0.38804317	0.61195683
Rhodotorula_graminis	42	0	0	0	0	0.86707807	0.13292193
Aspergillus_niger	42	0	0	0	0	0.8540877	0.14591227
Rhodotorula_paludigena	42	0	0	0	0	0.842597	0.15740296
Malassezia_sympodialis	43	1	1	1	1	0.17830753	0.82169247
Acaromyces_ingoldii	43	0	0	0	0	0.809302	0.19069804
Neolecta_irregularis	43	0	0	0	0	0.5708772	0.42912284
Neurospora_crassa	43	0	0	0	0	0.87269354	0.12730649
Puccinia_striiformis	43	0	0	0	0	0.77326125	0.22673875
Saccharomycopsis_selenospora	43	0	1	0	1	0.18600601	0.813994
Schizosaccharomyces_osmophilus	43	1	1	1	1	0.1367482	0.8632518
Rhynchosporium_commune	43	0	0	0	0	0.8751735	0.12482649
Umbelopsis_vinacea	43	0	0	0	0	0.7808729	0.2191271
Malassezia_japonica	43	1	1	1	1	0.18400681	0.8159932
Rhodotorula_toruloides	43	0	0	0	0	0.80522645	0.19477358
Tortispora_agaves	43	1	0	1	0	0.5287957	0.4712043
Sphaerosporella_brunnea	43	0	0	0	0	0.87919295	0.12080703
Pleurotus_ostreatus	43	0	0	0	0	0.86754274	0.13245723
Moesziomyces_aphidis	43	0	0	0	0	0.75853604	0.24146394
Schizosaccharomyces_octosporus	44	1	1	1	1	0.1241892	0.8758108
Pneumocystis_carinii	44	1	1	1	1	0.12940753	0.8705925
Peziza_echinospora	44	0	0	0	0	0.8086398	0.19136019
Kalmanozyma_brasiliensis	44	1	0	1	0	0.8740271	0.12597293
Tuber_melanosporum	44	0	0	0	0	0.8523304	0.14766961
Morchella_snyderi	44	0	0	0	0	0.872208	0.12779202
Microbotryum_saponariae	44	0	0	0	0	0.8719458	0.1280542
Candida_albicans	44	0	1	0	1	0.27174044	0.72825956
Calocera_viscosa	44	0	0	0	0	0.85391265	0.14608735
Ganoderma_leucocontextum	44	0	0	0	0	0.8740914	0.12590863
Sporisorium_reilianum	44	0	0	0	0	0.8740271	0.12597293
Melampsora_larici	44	0	0	0	0	0.8041487	0.19585134
Tirmania_nivea	44	0	0	0	0	0.87691396	0.12308603
Malassezia_restricta	44	1	1	1	1	0.12886423	0.8711358
Aureobasidium_pullulans	44	0	0	0	0	0.8391993	0.16080068
Sporopachydermia_lactativora	45	1	1	1	1	0.39792615	0.60207385
Pholiota_conissans	45	0	0	0	0	0.85638154	0.14361845
Trichoderma_asperellum	45	0	0	0	0	0.86730945	0.13269052
Exophiala_viscosa	45	0	0	0	0	0.85314137	0.14685863
Tilletia_walkeri	45	0	0	0	0	0.7019688	0.2980312
Kwoniella_pini	45	1	1	1	1	0.29595488	0.7040451
Taphrina_deformans	45	0	0	0	0	0.6704564	0.32954356
Kwoniella_bestiolae	45	1	1	1	1	0.30157048	0.6984295
Calocera_cornea	45	0	0	0	0	0.8000541	0.19994593
Abortiporus_biennis	45	0	0	0	0	0.86610514	0.13389485
Penicillium_canescens	45	0	0	0	0	0.85205245	0.14794756
Cutaneotrichosporon_oleaginosum	45	0	1	0	1	0.49650663	0.50349337
Cryptococcus_amylolentus	45	0	1	0	1	0.35957533	0.64042467
Lipomyces_chichibuensis	45	1	1	1	1	0.3691818	0.6308182
Aureobasidium_melanogenum	45	0	0	0	0	0.8699645	0.13003549
Saccharomyces_cerevisiae	46	1	1	1	1	0.32731587	0.67268413
Ustilago_maydis	46	0	0	0	0	0.6596527	0.3403473
Neurospora_crassa	46	0	0	0	0	0.87896204	0.12103795
Rhynchosporium_commune	46	0	0	0	0	0.87535584	0.124644175
Pneumocystis_jirovecii	46	1	1	1	1	0.17351782	0.8264822
Microbotryum_saponariae	46	0	0	0	0	0.78828096	0.21171902
Kwoniella_bestiolae	46	1	1	1	1	0.19908649	0.8009135
Nakazawaea_anatomiae	46	1	1	1	1	0.34777212	0.6522279
Umbelopsis_vinacea	46	0	0	0	0	0.76325744	0.23674256
Lachancea_nothofagi	46	1	1	1	1	0.20197886	0.79802114
Exobasidium_rhododendri	46	0	0	0	0	0.7706805	0.2293195
Rhodotorula_toruloides	46	0	0	0	0	0.82569325	0.17430672
Cutaneotrichosporon_oleaginosum	46	0	1	0	1	0.46054012	0.5394599
Pleurotus_ostreatus	46	0	0	0	0	0.87537706	0.12462295
Rhodotorula_graminis	46	0	0	0	0	0.8069577	0.1930423
Aureobasidium_thailandense	46	0	0	0	0	0.8785693	0.1214307
Sporopachydermia_lactativora	47	1	1	1	1	0.43508583	0.56491417
Pholiota_conissans	47	0	0	0	0	0.8738997	0.12610027
Peziza_echinospora	47	0	0	0	0	0.7032072	0.2967928
Puccinia_striiformis	47	0	0	0	0	0.68414414	0.3158559
Kalmanozyma_brasiliensis	47	1	0	1	0	0.8721175	0.12788247
Rhodotorula_diobovata	47	0	0	0	0	0.8769472	0.12305279
Yarrowia_lipolytica	47	0	1	0	1	0.26288295	0.73711705
Ganoderma_leucocontextum	47	0	0	0	0	0.8762359	0.12376408
Tortispora_agaves	47	1	0	1	0	0.79082894	0.20917103
Penicillium_canescens	47	0	0	0	0	0.87432176	0.12567824
Terfezia_boudieri	47	0	0	0	0	0.87783784	0.12216215
Septoria_linicola	47	0	0	0	0	0.87607735	0.12392265
Malassezia_restricta	47	1	1	1	1	0.12819773	0.8718023
Lipomyces_chichibuensis	47	1	1	1	1	0.23697633	0.7630237
Moesziomyces_aphidis	47	0	0	0	0	0.8752661	0.124733925
Schizosaccharomyces_octosporus	48	1	1	1	1	0.1235742	0.8764258
Malassezia_sympodialis	48	1	1	1	1	0.12832183	0.8716782
Neolecta_irregularis	48	0	0	0	0	0.6380125	0.36198747
Saccharomycopsis_selenospora	48	0	1	0	1	0.22282803	0.77717197
Amorphotheca_resinae	48	0	0	0	0	0.8798784	0.12012157
Tuber_melanosporum	48	0	0	0	0	0.8641038	0.13589619
Kwoniella_pini	48	1	1	1	1	0.15954226	0.84045774
Calocera_viscosa	48	0	0	0	0	0.83231604	0.16768399
Debaryomyces_udenii	48	1	1	1	1	0.49603468	0.5039653
Abortiporus_biennis	48	0	0	0	0	0.8766355	0.12336449
Tirmania_nivea	48	0	0	0	0	0.8614296	0.13857043
Kalaharituber_pfeilii	48	0	0	0	0	0.8692325	0.13076752
Cryptococcus_amylolentus	48	0	1	0	1	0.32921392	0.6707861
Aspergillus_niger	48	0	0	0	0	0.86127335	0.13872667
Aureobasidium_pullulans	48	0	0	0	0	0.81923395	0.18076603
Pneumocystis_carinii	49	1	1	1	1	0.1505664	0.8494336
Trichoderma_asperellum	49	0	0	0	0	0.8717307	0.12826934
Acaromyces_ingoldii	49	0	0	0	0	0.7749425	0.22505751
Lipomyces_kononenkoae	49	1	1	1	1	0.38806784	0.61193216
Exophiala_viscosa	49	0	0	0	0	0.8518218	0.14817825
Boletus_edulis	49	0	0	0	0	0.8487656	0.1512344
Kwoniella_dejecticola	49	1	1	1	1	0.34661758	0.6533824
Pyrenophora_teres	49	0	0	0	0	0.86591107	0.13408892
Sporisorium_reilianum	49	0	0	0	0	0.64037573	0.35962424
Melampsora_larici	49	0	0	0	0	0.78126544	0.21873455
Schizosaccharomyces_cryophilus	49	1	1	1	1	0.14392263	0.8560774
Sphaerosporella_brunnea	49	0	0	0	0	0.87139773	0.12860224
Penicillium_ucsense	49	0	0	0	0	0.8546297	0.14537032
Protomyces_lactucae	49	0	0	0	0	0.54478437	0.45521563
Aureobasidium_melanogenum	49	0	0	0	0	0.8413507	0.15864931
Glomus_cerebriforme	50	0	0	0	0	0.6660778	0.3339222
Geopyxis_carbonaria	50	0	0	0	0	0.84920967	0.15079032
Kwoniella_shandongensis	50	1	1	1	1	0.40269172	0.5973083
Tilletia_walkeri	50	0	0	0	0	0.71034455	0.28965542
Schizosaccharomyces_osmophilus	50	1	1	1	1	0.13188863	0.8681114
Cronartium_quercuum	50	0	0	0	0	0.78705835	0.21294165
Morchella_snyderi	50	0	0	0	0	0.8718189	0.12818107
Taphrina_deformans	50	0	0	0	0	0.6541029	0.34589705
Candida_albicans	50	0	1	0	1	0.23573011	0.7642699
Calocera_cornea	50	0	0	0	0	0.77811086	0.22188915
Malassezia_japonica	50	1	1	1	1	0.15133935	0.84866065
Daedalea_quercina	50	0	0	0	0	0.86439884	0.13560113
Alloascoidea_africana	50	0	1	0	1	0.35242093	0.6475791
Schizosaccharomyces_pombe	50	1	1	1	1	0.13640755	0.86359245
Rhodotorula_paludigena	50	0	0	0	0	0.8090328	0.19096717
Sporopachydermia_lactativora	51	1	1	1	1	0.32114577	0.6788542
Schizosaccharomyces_octosporus	51	1	1	1	1	0.13070387	0.86929613
Pholiota_conissans	51	0	0	0	0	0.8728655	0.12713452
Saccharomycopsis_selenospora	51	0	1	0	1	0.3276208	0.6723792
Amorphotheca_resinae	51	0	0	0	0	0.875243	0.12475701
Tuber_melanosporum	51	0	0	0	0	0.864466	0.135534
Morchella_snyderi	51	0	0	0	0	0.87168455	0.12831543
Candida_albicans	51	0	1	0	1	0.21594769	0.7840523
Yarrowia_lipolytica	51	0	1	0	1	0.21328634	0.78671366
Nakazawaea_anatomiae	51	1	1	1	1	0.352957	0.647043
Lachancea_nothofagi	51	1	1	1	1	0.13892758	0.8610724
Rhodotorula_toruloides	51	0	0	0	0	0.85697687	0.14302312
Schizosaccharomyces_cryophilus	51	1	1	1	1	0.14070666	0.85929334
Kalaharituber_pfeilii	51	0	0	0	0	0.87371314	0.12628688
Pleurotus_ostreatus	51	0	0	0	0	0.8692055	0.13079455
Aureobasidium_pullulans	51	0	0	0	0	0.7994767	0.20052333
Pneumocystis_carinii	52	1	1	1	1	0.13385004	0.86614996
Peziza_echinospora	52	0	0	0	0	0.78131104	0.21868895
Acaromyces_ingoldii	52	0	0	0	0	0.85530674	0.14469329
Saccharomyces_cerevisiae	52	1	1	1	1	0.19999832	0.8000017
Neolecta_irregularis	52	0	0	0	0	0.50000834	0.49999166
Kalmanozyma_brasiliensis	52	1	0	1	0	0.85576195	0.14423807
Rhodotorula_diobovata	52	0	0	0	0	0.8524631	0.14753684
Schizosaccharomyces_osmophilus	52	1	1	1	1	0.12828141	0.8717186
Boletus_edulis	52	0	0	0	0	0.8568677	0.14313234
Kwoniella_bestiolae	52	1	1	1	1	0.23342967	0.7665703
Pyrenophora_teres	52	0	0	0	0	0.8728608	0.12713918
Ganoderma_leucocontextum	52	0	0	0	0	0.861349	0.138651
Calocera_cornea	52	0	0	0	0	0.7837075	0.21629249
Alloascoidea_africana	52	0	1	0	1	0.4312089	0.5687911
Cutaneotrichosporon_oleaginosum	52	0	0	0	0	0.60215366	0.39784637
Lipomyces_kononenkoae	53	1	0	1	0	0.6609665	0.3390335
Neurospora_crassa	53	0	0	0	0	0.88079685	0.11920315
Tilletia_walkeri	53	0	0	0	0	0.78189504	0.21810493
Cronartium_quercuum	53	0	0	0	0	0.8348369	0.16516311
Rhynchosporium_commune	53	0	0	0	0	0.87849194	0.121508084
Pneumocystis_jirovecii	53	1	1	1	1	0.12573695	0.87426305
Calocera_viscosa	53	0	0	0	0	0.7510123	0.24898767
Tortispora_agaves	53	1	0	1	0	0.52244604	0.47755396
Terfezia_boudieri	53	0	0	0	0	0.86353976	0.13646026
Tirmania_nivea	53	0	0	0	0	0.8731307	0.12686929
Sphaerosporella_brunnea	53	0	0	0	0	0.87849194	0.121508084
Penicillium_ucsense	53	0	0	0	0	0.87796843	0.12203154
Cryptococcus_amylolentus	53	0	1	0	1	0.17484987	0.82515013
Lipomyces_chichibuensis	53	1	0	1	0	0.62745893	0.3725411
Aspergillus_niger	53	0	0	0	0	0.86754745	0.13245256
Geopyxis_carbonaria	54	0	0	0	0	0.8670009	0.1329991
Trichoderma_asperellum	54	0	0	0	0	0.86121243	0.13878755
Kwoniella_shandongensis	54	1	0	1	0	0.6882199	0.3117801
Exophiala_viscosa	54	0	0	0	0	0.8507895	0.14921051
Kwoniella_pini	54	1	0	1	0	0.54840827	0.45159176
Taphrina_deformans	54	0	0	0	0	0.55622697	0.44377303
Kwoniella_dejecticola	54	1	0	1	0	0.6167463	0.3832537
Umbelopsis_vinacea	54	0	0	0	0	0.8418494	0.1581506
Exobasidium_rhododendri	54	0	0	0	0	0.7532414	0.2467586
Malassezia_japonica	54	1	1	1	1	0.2127521	0.7872479
Melampsora_larici	54	0	0	0	0	0.859274	0.14072597
Abortiporus_biennis	54	0	0	0	0	0.8369862	0.16301379
Septoria_linicola	54	0	0	0	0	0.8637024	0.13629757
Moesziomyces_aphidis	54	0	0	0	0	0.7549241	0.2450759
Aureobasidium_melanogenum	54	0	0	0	0	0.827535	0.17246503
Malassezia_sympodialis	55	1	1	1	1	0.15654474	0.84345526
Glomus_cerebriforme	55	0	0	0	0	0.7026117	0.29738832
Ustilago_maydis	55	0	0	0	0	0.73360777	0.26639223
Puccinia_striiformis	55	0	0	0	0	0.7644987	0.23550129
Microbotryum_saponariae	55	0	0	0	0	0.71707594	0.28292403
Sporisorium_reilianum	55	0	0	0	0	0.725399	0.27460098
Debaryomyces_udenii	55	1	0	1	0	0.5153959	0.48460412
Daedalea_quercina	55	0	0	0	0	0.86676115	0.13323885
Penicillium_canescens	55	0	0	0	0	0.87208277	0.12791725
Schizosaccharomyces_pombe	55	1	1	1	1	0.14031363	0.8596864
Protomyces_lactucae	55	0	1	0	1	0.31715417	0.68284583
Malassezia_restricta	55	1	1	1	1	0.15156811	0.8484319
Rhodotorula_graminis	55	0	0	0	0	0.7564383	0.2435617
Rhodotorula_paludigena	55	0	0	0	0	0.73942816	0.2605718
Aureobasidium_thailandense	55	0	0	0	0	0.8708143	0.12918565
Schizosaccharomyces_octosporus	56	1	1	1	1	0.13587052	0.8641295
Malassezia_sympodialis	56	1	1	1	1	0.12935632	0.8706437
Saccharomyces_cerevisiae	56	1	1	1	1	0.24189013	0.75810987
Exophiala_viscosa	56	0	0	0	0	0.8571344	0.14286561
Tilletia_walkeri	56	0	0	0	0	0.6785746	0.32142538
Tuber_melanosporum	56	0	0	0	0	0.86803347	0.13196652
Candida_albicans	56	0	1	0	1	0.28261775	0.71738225
Nakazawaea_anatomiae	56	1	1	1	1	0.27950203	0.72049797
Calocera_viscosa	56	0	0	0	0	0.7609727	0.23902734
Calocera_cornea	56	0	0	0	0	0.7485509	0.2514491
Rhodotorula_toruloides	56	0	0	0	0	0.8401509	0.15984909
Daedalea_quercina	56	0	0	0	0	0.8642094	0.13579057
Tirmania_nivea	56	0	0	0	0	0.86702514	0.13297488
Schizosaccharomyces_pombe	56	1	1	1	1	0.13570118	0.8642988
Moesziomyces_aphidis	56	0	0	0	0	0.7029364	0.29706362
Aureobasidium_thailandense	56	0	0	0	0	0.8745755	0.12542453
Glomus_cerebriforme	57	0	0	0	0	0.7387182	0.2612818
Peziza_echinospora	57	0	0	0	0	0.8423536	0.15764639
Kwoniella_shandongensis	57	1	1	1	1	0.45056278	0.5494372
Kalmanozyma_brasiliensis	57	1	0	1	0	0.8572931	0.14270687
Pneumocystis_jirovecii	57	1	1	1	1	0.12501001	0.87499
Morchella_snyderi	57	0	0	0	0	0.878309	0.12169098
Microbotryum_saponariae	57	0	0	0	0	0.8724048	0.12759517
Lachancea_nothofagi	57	1	1	1	1	0.14691627	0.8530837
Sporisorium_reilianum	57	0	0	0	0	0.85465145	0.14534858
Abortiporus_biennis	57	0	0	0	0	0.8793898	0.120610185
Cutaneotrichosporon_oleaginosum	57	0	0	0	0	0.6289085	0.37109146
Penicillium_ucsense	57	0	0	0	0	0.8761623	0.12383771
Septoria_linicola	57	0	0	0	0	0.8761623	0.12383771
Cryptococcus_amylolentus	57	0	1	0	1	0.31119657	0.68880343
Lipomyces_chichibuensis	57	1	1	1	1	0.25564927	0.74435073
Trichoderma_asperellum	58	0	0	0	0	0.8792645	0.120735526
Acaromyces_ingoldii	58	0	0	0	0	0.84204644	0.15795355
Lipomyces_kononenkoae	58	1	1	1	1	0.31165797	0.68834203
Amorphotheca_resinae	58	0	0	0	0	0.88079685	0.119203135
Schizosaccharomyces_osmophilus	58	1	1	1	1	0.12822723	0.87177277
Cronartium_quercuum	58	0	0	0	0	0.85988206	0.14011796
Rhynchosporium_commune	58	0	0	0	0	0.8792645	0.120735526
Boletus_edulis	58	0	0	0	0	0.8800328	0.11996723
Pyrenophora_teres	58	0	0	0	0	0.87849194	0.121508084
Debaryomyces_udenii	58	1	0	1	0	0.6315367	0.3684633
Malassezia_japonica	58	1	1	1	1	0.19429833	0.8057017
Sphaerosporella_brunnea	58	0	0	0	0	0.875359	0.124640994
Rhodotorula_graminis	58	0	0	0	0	0.8536656	0.14633442
Rhodotorula_paludigena	58	0	0	0	0	0.8399447	0.1600553
Aureobasidium_melanogenum	58	0	0	0	0	0.8704149	0.12958507
Sporopachydermia_lactativora	59	1	1	1	1	0.32986742	0.6701326
Geopyxis_carbonaria	59	0	0	0	0	0.86757433	0.1324257
Puccinia_striiformis	59	0	0	0	0	0.62200356	0.37799644
Saccharomycopsis_selenospora	59	0	1	0	1	0.31712788	0.6828721
Kwoniella_pini	59	1	1	1	1	0.23998773	0.76001227
Taphrina_deformans	59	0	0	0	0	0.7019943	0.2980057
Yarrowia_lipolytica	59	0	1	0	1	0.3551681	0.6448319
Umbelopsis_vinacea	59	0	0	0	0	0.8261534	0.1738466
Exobasidium_rhododendri	59	0	0	0	0	0.79606026	0.20393975
Melampsora_larici	59	0	0	0	0	0.7305786	0.2694214
Tortispora_agaves	59	1	0	1	0	0.5402162	0.45978382
Penicillium_canescens	59	0	0	0	0	0.86578095	0.13421904
Schizosaccharomyces_cryophilus	59	1	1	1	1	0.14628744	0.85371256
Kalaharituber_pfeilii	59	0	0	0	0	0.875946	0.12405403
Protomyces_lactucae	59	0	0	0	0	0.61989534	0.38010463
Pneumocystis_carinii	60	1	1	1	1	0.14335114	0.85664886
Pholiota_conissans	60	0	0	0	0	0.8730922	0.12690784
Ustilago_maydis	60	0	0	0	0	0.70409286	0.2959071
Neolecta_irregularis	60	0	0	0	0	0.7116844	0.2883156
Neurospora_crassa	60	0	0	0	0	0.8799053	0.12009471
Rhodotorula_diobovata	60	0	0	0	0	0.8473977	0.15260233
Kwoniella_bestiolae	60	1	1	1	1	0.41231924	0.58768076
Kwoniella_dejecticola	60	1	1	1	1	0.39166594	0.60833406
Ganoderma_leucocontextum	60	0	0	0	0	0.86901677	0.1309832
Alloascoidea_africana	60	0	1	0	1	0.37505704	0.62494296
Terfezia_boudieri	60	0	0	0	0	0.86893034	0.13106966
Pleurotus_ostreatus	60	0	0	0	0	0.86928546	0.1307145
Malassezia_restricta	60	1	1	1	1	0.14956409	0.8504359
Aspergillus_niger	60	0	0	0	0	0.85696065	0.14303936
Aureobasidium_pullulans	60	0	0	0	0	0.81164145	0.18835853
Schizosaccharomyces_octosporus	61	1	1	1	1	0.14044929	0.8595507
Malassezia_sympodialis	61	1	1	1	1	0.14435458	0.8556454
Geopyxis_carbonaria	61	0	0	0	0	0.85192597	0.148074
Rhodotorula_diobovata	61	0	0	0	0	0.85077167	0.14922835
Rhynchosporium_commune	61	0	0	0	0	0.87066567	0.1293343
Pneumocystis_jirovecii	61	1	1	1	1	0.13852346	0.86147654
Kwoniella_pini	61	1	1	1	1	0.29881203	0.70118797
Kwoniella_bestiolae	61	1	1	1	1	0.2764886	0.7235114
Pyrenophora_teres	61	0	0	0	0	0.8739747	0.1260253
Exobasidium_rhododendri	61	0	0	0	0	0.8061975	0.19380245
Abortiporus_biennis	61	0	0	0	0	0.8688904	0.13110961
Tirmania_nivea	61	0	0	0	0	0.87398326	0.12601677
Penicillium_ucsense	61	0	0	0	0	0.87301236	0.12698765
Pleurotus_ostreatus	61	0	0	0	0	0.8725608	0.12743919
Rhodotorula_graminis	61	0	0	0	0	0.84715337	0.15284665
Aureobasidium_thailandense	61	0	0	0	0	0.8764224	0.12357757
Pneumocystis_carinii	62	1	1	1	1	0.14691883	0.85308117
Peziza_echinospora	62	0	0	0	0	0.8062073	0.19379269
Kwoniella_shandongensis	62	1	0	1	0	0.5401677	0.45983228
Exophiala_viscosa	62	0	0	0	0	0.8557862	0.14421377
Puccinia_striiformis	62	0	0	0	0	0.7673273	0.23267269
Tuber_melanosporum	62	0	0	0	0	0.862815	0.13718495
Schizosaccharomyces_osmophilus	62	1	1	1	1	0.12871581	0.8712842
Candida_albicans	62	0	1	0	1	0.33603352	0.6639665
Yarrowia_lipolytica	62	0	1	0	1	0.3177634	0.6822366
Umbelopsis_vinacea	62	0	0	0	0	0.77226377	0.22773625
Lachancea_nothofagi	62	1	1	1	1	0.15596229	0.8440377
Sphaerosporella_brunnea	62	0	0	0	0	0.8680738	0.13192621
Kalaharituber_pfeilii	62	0	0	0	0	0.8711202	0.1288798
Lipomyces_chichibuensis	62	1	1	1	1	0.25764585	0.74235415
Rhodotorula_paludigena	62	0	0	0	0	0.8467967	0.15320331
Sporopachydermia_lactativora	63	1	1	1	1	0.2258107	0.7741893
Pholiota_conissans	63	0	0	0	0	0.86492646	0.13507356
Saccharomyces_cerevisiae	63	1	1	1	1	0.20564544	0.79435456
Ustilago_maydis	63	0	0	0	0	0.7371561	0.2628439
Saccharomycopsis_selenospora	63	0	1	0	1	0.26617783	0.73382217
Tilletia_walkeri	63	0	0	0	0	0.6044035	0.39559647
Taphrina_deformans	63	0	0	0	0	0.625682	0.37431803
Ganoderma_leucocontextum	63	0	0	0	0	0.87141335	0.12858665
Malassezia_japonica	63	1	1	1	1	0.14899051	0.8510095
Melampsora_larici	63	0	0	0	0	0.72098225	0.27901775
Daedalea_quercina	63	0	0	0	0	0.8671997	0.13280028
Penicillium_canescens	63	0	0	0	0	0.8550414	0.14495859
Schizosaccharomyces_pombe	63	1	1	1	1	0.13987768	0.8601223
Protomyces_lactucae	63	0	1	0	1	0.3833412	0.6166588
Cryptococcus_amylolentus	63	0	1	0	1	0.27240258	0.7275974
Neolecta_irregularis	64	0	0	0	0	0.5520958	0.4479042
Lipomyces_kononenkoae	64	1	1	1	1	0.3154726	0.6845274
Neurospora_crassa	64	0	0	0	0	0.8785206	0.12147941
Kalmanozyma_brasiliensis	64	1	0	1	0	0.87187445	0.12812553
Morchella_snyderi	64	0	0	0	0	0.87963855	0.120361455
Microbotryum_saponariae	64	0	0	0	0	0.8753201	0.12467992
Calocera_cornea	64	0	0	0	0	0.78425777	0.21574222
Debaryomyces_udenii	64	1	1	1	1	0.37691176	0.62308824
Rhodotorula_toruloides	64	0	0	0	0	0.87676793	0.12323207
Tortispora_agaves	64	1	0	1	0	0.70104206	0.2989579
Alloascoidea_africana	64	0	1	0	1	0.416134	0.583866
Cutaneotrichosporon_oleaginosum	64	0	0	0	0	0.62331796	0.376682
Terfezia_boudieri	64	0	0	0	0	0.84419656	0.15580343
Moesziomyces_aphidis	64	0	0	0	0	0.8743041	0.12569587
Aureobasidium_pullulans	64	0	0	0	0	0.82038945	0.17961054
Glomus_cerebriforme	65	0	0	0	0	0.72723126	0.27276874
Trichoderma_asperellum	65	0	0	0	0	0.8715264	0.1284736
Acaromyces_ingoldii	65	0	0	0	0	0.7672912	0.23270878
Amorphotheca_resinae	65	0	0	0	0	0.869892	0.13010798
Cronartium_quercuum	65	0	0	0	0	0.7983742	0.2016258
Boletus_edulis	65	0	0	0	0	0.86712444	0.13287553
Kwoniella_dejecticola	65	1	1	1	1	0.3520072	0.6479928
Nakazawaea_anatomiae	65	1	1	1	1	0.2663415	0.7336585
Calocera_viscosa	65	0	0	0	0	0.782769	0.21723096
Sporisorium_reilianum	65	0	0	0	0	0.63218427	0.36781576
Schizosaccharomyces_cryophilus	65	1	1	1	1	0.15623438	0.8437656
Septoria_linicola	65	0	0	0	0	0.87131864	0.12868136
Malassezia_restricta	65	1	1	1	1	0.13974941	0.8602506
Aspergillus_niger	65	0	0	0	0	0.8323855	0.1676145
Aureobasidium_melanogenum	65	0	0	0	0	0.8565695	0.1434305
Sporopachydermia_lactativora	66	1	1	1	1	0.30195045	0.69804955
Pneumocystis_carinii	66	1	1	1	1	0.13054699	0.869453
Kalmanozyma_brasiliensis	66	1	0	1	0	0.85974	0.14025998
Amorphotheca_resinae	66	0	0	0	0	0.8656755	0.13432448
Kwoniella_pini	66	1	1	1	1	0.20203394	0.79796606
Morchella_snyderi	66	0	0	0	0	0.8688258	0.1311742
Microbotryum_saponariae	66	0	0	0	0	0.8546561	0.14534388
Kwoniella_bestiolae	66	1	1	1	1	0.20831335	0.79168665
Yarrowia_lipolytica	66	0	1	0	1	0.32697576	0.67302424
Calocera_cornea	66	0	0	0	0	0.82890326	0.17109674
Melampsora_larici	66	0	0	0	0	0.7757543	0.22424574
Cutaneotrichosporon_oleaginosum	66	0	1	0	1	0.44271278	0.5572872
Terfezia_boudieri	66	0	0	0	0	0.8594211	0.14057893
Septoria_linicola	66	0	0	0	0	0.86388004	0.13611996
Cryptococcus_amylolentus	66	0	1	0	1	0.25760537	0.7423946
Aureobasidium_melanogenum	66	0	0	0	0	0.86388004	0.13611996
Schizosaccharomyces_octosporus	67	1	1	1	1	0.13482916	0.86517084
Malassezia_sympodialis	67	1	1	1	1	0.15835106	0.84164894
Ustilago_maydis	67	0	0	0	0	0.75916785	0.24083216
Neurospora_crassa	67	0	0	0	0	0.87880486	0.12119515
Saccharomycopsis_selenospora	67	0	1	0	1	0.17300522	0.8269948
Rhodotorula_diobovata	67	0	0	0	0	0.78410697	0.21589302
Schizosaccharomyces_osmophilus	67	1	1	1	1	0.13781399	0.862186
Debaryomyces_udenii	67	1	0	1	0	0.50195557	0.49804443
Malassezia_japonica	67	1	1	1	1	0.18561286	0.81438714
Rhodotorula_toruloides	67	0	0	0	0	0.76003176	0.23996824
Abortiporus_biennis	67	0	0	0	0	0.85197526	0.14802472
Daedalea_quercina	67	0	0	0	0	0.8667756	0.13322441
Protomyces_lactucae	67	0	1	0	1	0.35653824	0.64346176
Aspergillus_niger	67	0	0	0	0	0.8552417	0.14475828
Aureobasidium_pullulans	67	0	0	0	0	0.84559596	0.15440401
Geopyxis_carbonaria	68	0	0	0	0	0.8260352	0.17396478
Neolecta_irregularis	68	0	0	0	0	0.60878104	0.39121896
Lipomyces_kononenkoae	68	1	1	1	1	0.37883288	0.6211671
Tuber_melanosporum	68	0	0	0	0	0.836184	0.163816
Taphrina_deformans	68	0	0	0	0	0.6520262	0.34797385
Kwoniella_dejecticola	68	1	1	1	1	0.37417996	0.62582004
Candida_albicans	68	0	1	0	1	0.25559115	0.74440885
Nakazawaea_anatomiae	68	1	1	1	1	0.2935723	0.7064277
Calocera_viscosa	68	0	0	0	0	0.73248637	0.26751366
Ganoderma_leucocontextum	68	0	0	0	0	0.872373	0.12762702
Sporisorium_reilianum	68	0	0	0	0	0.68540806	0.31459194
Tirmania_nivea	68	0	0	0	0	0.85333407	0.14666595
Sphaerosporella_brunnea	68	0	0	0	0	0.8734779	0.12652214
Kalaharituber_pfeilii	68	0	0	0	0	0.8591831	0.14081693
Malassezia_restricta	68	1	1	1	1	0.15022159	0.8497784
Glomus_cerebriforme	69	0	0	0	0	0.6712134	0.32878658
Peziza_echinospora	69	0	0	0	0	0.79711115	0.20288888
Trichoderma_asperellum	69	0	0	0	0	0.8766315	0.12336847
Exophiala_viscosa	69	0	0	0	0	0.8728211	0.12717892
Puccinia_striiformis	69	0	0	0	0	0.7442664	0.25573358
Cronartium_quercuum	69	0	0	0	0	0.7598326	0.24016736
Pneumocystis_jirovecii	69	1	1	1	1	0.13996965	0.86003035
Boletus_edulis	69	0	0	0	0	0.8676642	0.13233581
Pyrenophora_teres	69	0	0	0	0	0.8777275	0.12227251
Umbelopsis_vinacea	69	0	0	0	0	0.7823545	0.21764551
Tortispora_agaves	69	1	0	1	0	0.6621063	0.3378937
Schizosaccharomyces_pombe	69	1	1	1	1	0.18925071	0.8107493
Lipomyces_chichibuensis	69	1	1	1	1	0.24406552	0.7559345
Rhodotorula_graminis	69	0	0	0	0	0.8618634	0.13813661
Rhodotorula_paludigena	69	0	0	0	0	0.76261806	0.23738192
Pholiota_conissans	70	0	0	0	0	0.86152273	0.13847725
Acaromyces_ingoldii	70	0	0	0	0	0.6831348	0.31686524
Saccharomyces_cerevisiae	70	1	1	1	1	0.26811844	0.73188156
Kwoniella_shandongensis	70	1	1	1	1	0.4879254	0.5120746
Tilletia_walkeri	70	0	0	0	0	0.6325363	0.3674637
Rhynchosporium_commune	70	0	0	0	0	0.8722427	0.12775733
Lachancea_nothofagi	70	1	1	1	1	0.17259175	0.82740825
Exobasidium_rhododendri	70	0	0	0	0	0.68697643	0.31302357
Penicillium_canescens	70	0	0	0	0	0.8271991	0.17280093
Alloascoidea_africana	70	0	1	0	1	0.4817148	0.5182852
Schizosaccharomyces_cryophilus	70	1	1	1	1	0.14621061	0.8537894
Penicillium_ucsense	70	0	0	0	0	0.81324005	0.18675992
Pleurotus_ostreatus	70	0	0	0	0	0.86206865	0.13793133
Moesziomyces_aphidis	70	0	0	0	0	0.63587767	0.36412233
Aureobasidium_thailandense	70	0	0	0	0	0.86082625	0.13917373
Trichoderma_asperellum	71	0	0	0	0	0.87795264	0.12204739
Saccharomyces_cerevisiae	71	1	1	1	1	0.21440357	0.78559643
Kwoniella_shandongensis	71	1	1	1	1	0.43756366	0.56243634
Neurospora_crassa	71	0	0	0	0	0.88079584	0.11920418
Puccinia_striiformis	71	0	0	0	0	0.7801968	0.2198032
Tilletia_walkeri	71	0	0	0	0	0.81519926	0.18480073
Yarrowia_lipolytica	71	0	1	0	1	0.36409432	0.6359057
Tortispora_agaves	71	1	1	1	1	0.49384892	0.5061511
Schizosaccharomyces_cryophilus	71	1	1	1	1	0.12574154	0.87425846
Tirmania_nivea	71	0	0	0	0	0.8793815	0.12061854
Septoria_linicola	71	0	0	0	0	0.8750567	0.12494332
Pleurotus_ostreatus	71	0	0	0	0	0.87602955	0.12397045
Malassezia_restricta	71	1	1	1	1	0.125013	0.874987
Aspergillus_niger	71	0	0	0	0	0.86777294	0.13222705
Rhodotorula_paludigena	71	0	0	0	0	0.8109797	0.18902026
Aureobasidium_pullulans	71	0	0	0	0	0.8653914	0.1346086
Pneumocystis_carinii	72	1	1	1	1	0.13244766	0.86755234
Pholiota_conissans	72	0	0	0	0	0.86743593	0.13256405
Acaromyces_ingoldii	72	0	0	0	0	0.77024317	0.22975685
Exophiala_viscosa	72	0	0	0	0	0.851068	0.14893195
Rhodotorula_diobovata	72	0	0	0	0	0.85129905	0.14870098
Kwoniella_pini	72	1	1	1	1	0.25351876	0.74648124
Kwoniella_dejecticola	72	1	1	1	1	0.26540267	0.7345973
Pyrenophora_teres	72	0	0	0	0	0.87634456	0.12365547
Nakazawaea_anatomiae	72	1	1	1	1	0.30443382	0.6955662
Ganoderma_leucocontextum	72	0	0	0	0	0.87384164	0.12615839
Exobasidium_rhododendri	72	0	0	0	0	0.7584368	0.24156319
Abortiporus_biennis	72	0	0	0	0	0.87080973	0.12919025
Kalaharituber_pfeilii	72	0	0	0	0	0.87760174	0.12239828
Schizosaccharomyces_pombe	72	1	1	1	1	0.16604203	0.83395797
Cryptococcus_amylolentus	72	0	1	0	1	0.3218122	0.6781878
Peziza_echinospora	73	0	0	0	0	0.8721382	0.1278618
Lipomyces_kononenkoae	73	1	0	1	0	0.73313487	0.2668651
Rhynchosporium_commune	73	0	0	0	0	0.8800328	0.11996722
Debaryomyces_udenii	73	1	1	1	1	0.4945643	0.5054357
Malassezia_japonica	73	1	1	1	1	0.18652987	0.8134701
Rhodotorula_toruloides	73	0	0	0	0	0.8688847	0.1311153
Daedalea_quercina	73	0	0	0	0	0.8800328	0.11996722
Cutaneotrichosporon_oleaginosum	73	0	1	0	1	0.44542658	0.5545734
Terfezia_boudieri	73	0	0	0	0	0.8792645	0.120735526
Sphaerosporella_brunnea	73	0	0	0	0	0.8800328	0.11996722
Lipomyces_chichibuensis	73	1	0	1	0	0.72234195	0.27765805
Rhodotorula_graminis	73	0	0	0	0	0.8688847	0.13111529
Moesziomyces_aphidis	73	0	0	0	0	0.7136599	0.2863401
Aureobasidium_melanogenum	73	0	0	0	0	0.8611031	0.13889688
Aureobasidium_thailandense	73	0	0	0	0	0.88079685	0.119203135
Schizosaccharomyces_octosporus	74	1	1	1	1	0.13690275	0.86309725
Malassezia_sympodialis	74	1	1	1	1	0.15283376	0.84716624
Glomus_cerebriforme	74	0	0	0	0	0.71710014	0.2828999
Ustilago_maydis	74	0	0	0	0	0.84672916	0.15327086
Kalmanozyma_brasiliensis	74	1	0	1	0	0.8101418	0.18985817
Cronartium_quercuum	74	0	0	0	0	0.737828	0.262172
Pneumocystis_jirovecii	74	1	1	1	1	0.14153081	0.8584692
Boletus_edulis	74	0	0	0	0	0.8730869	0.1269131
Microbotryum_saponariae	74	0	0	0	0	0.83587027	0.1641297
Umbelopsis_vinacea	74	0	0	0	0	0.76564765	0.23435238
Sporisorium_reilianum	74	0	0	0	0	0.84889597	0.15110405
Melampsora_larici	74	0	0	0	0	0.7377628	0.26223716
Alloascoidea_africana	74	0	0	0	0	0.5209242	0.47907576
Penicillium_ucsense	74	0	0	0	0	0.8724775	0.12752253
Protomyces_lactucae	74	0	0	0	0	0.6210207	0.37897933
Sporopachydermia_lactativora	75	1	1	1	1	0.2200886	0.7799114
Geopyxis_carbonaria	75	0	0	0	0	0.80899185	0.19100817
Neolecta_irregularis	75	0	0	0	0	0.6024094	0.39759058
Saccharomycopsis_selenospora	75	0	1	0	1	0.21099335	0.78900665
Amorphotheca_resinae	75	0	0	0	0	0.86835515	0.13164485
Tuber_melanosporum	75	0	0	0	0	0.83835757	0.16164242
Schizosaccharomyces_osmophilus	75	1	1	1	1	0.1330682	0.8669318
Morchella_snyderi	75	0	0	0	0	0.8575729	0.14242706
Taphrina_deformans	75	0	0	0	0	0.6741123	0.3258877
Kwoniella_bestiolae	75	1	1	1	1	0.31241083	0.68758917
Candida_albicans	75	0	1	0	1	0.20979607	0.7902039
Calocera_viscosa	75	0	0	0	0	0.7758193	0.22418068
Lachancea_nothofagi	75	1	1	1	1	0.15823394	0.84176606
Calocera_cornea	75	0	0	0	0	0.76176697	0.23823303
Penicillium_canescens	75	0	0	0	0	0.8634293	0.1365707
Geopyxis_carbonaria	76	0	0	0	0	0.8366518	0.16334821
Trichoderma_asperellum	76	0	0	0	0	0.8780373	0.121962726
Saccharomycopsis_selenospora	76	0	1	0	1	0.1688447	0.8311553
Cronartium_quercuum	76	0	0	0	0	0.82193786	0.17806216
Pneumocystis_jirovecii	76	1	1	1	1	0.12852329	0.8714767
Boletus_edulis	76	0	0	0	0	0.87700045	0.12299954
Microbotryum_saponariae	76	0	0	0	0	0.8259264	0.17407355
Kwoniella_dejecticola	76	1	1	1	1	0.28418434	0.71581566
Lachancea_nothofagi	76	1	1	1	1	0.13357401	0.866426
Malassezia_japonica	76	1	1	1	1	0.3593654	0.6406346
Melampsora_larici	76	0	0	0	0	0.822025	0.17797498
Abortiporus_biennis	76	0	0	0	0	0.8355191	0.16448091
Kalaharituber_pfeilii	76	0	0	0	0	0.8784315	0.12156848
Septoria_linicola	76	0	0	0	0	0.87416756	0.12583242
Schizosaccharomyces_pombe	76	1	1	1	1	0.13214016	0.86785984
Aureobasidium_thailandense	76	0	0	0	0	0.88079685	0.119203135
Sporopachydermia_lactativora	77	1	1	1	1	0.2655602	0.7344398
Tilletia_walkeri	77	0	0	0	0	0.6880531	0.31194693
Rhynchosporium_commune	77	0	0	0	0	0.87352383	0.12647617
Kwoniella_pini	77	1	1	1	1	0.37279433	0.62720567
Kwoniella_bestiolae	77	1	1	1	1	0.37110883	0.62889117
Yarrowia_lipolytica	77	0	1	0	1	0.37752062	0.6224794
Ganoderma_leucocontextum	77	0	0	0	0	0.8729895	0.12701052
Exobasidium_rhododendri	77	0	0	0	0	0.7537983	0.24620168
Rhodotorula_toruloides	77	0	0	0	0	0.7993753	0.20062473
Alloascoidea_africana	77	0	1	0	1	0.39982766	0.60017234
Schizosaccharomyces_cryophilus	77	1	1	1	1	0.15644068	0.8435593
Pleurotus_ostreatus	77	0	0	0	0	0.8581118	0.14188822
Cryptococcus_amylolentus	77	0	1	0	1	0.41214985	0.58785015
Lipomyces_chichibuensis	77	1	1	1	1	0.34641278	0.6535872
Rhodotorula_paludigena	77	0	0	0	0	0.77564144	0.22435854
Saccharomyces_cerevisiae	78	1	1	1	1	0.19551021	0.8044898
Ustilago_maydis	78	0	0	0	0	0.866211	0.13378899
Kalmanozyma_brasiliensis	78	1	0	1	0	0.86537516	0.13462481
Amorphotheca_resinae	78	0	0	0	0	0.8784909	0.1215091
Tuber_melanosporum	78	0	0	0	0	0.87825286	0.12174713
Candida_albicans	78	0	0	0	0	0.5259707	0.47402927
Nakazawaea_anatomiae	78	1	1	1	1	0.47912878	0.5208712
Umbelopsis_vinacea	78	0	0	0	0	0.85524213	0.1447579
Calocera_viscosa	78	0	0	0	0	0.7627018	0.23729818
Calocera_cornea	78	0	0	0	0	0.7605108	0.23948917
Debaryomyces_udenii	78	1	1	1	1	0.46998048	0.5300195
Daedalea_quercina	78	0	0	0	0	0.8647383	0.1352617
Cutaneotrichosporon_oleaginosum	78	0	1	0	1	0.4839465	0.5160535
Sphaerosporella_brunnea	78	0	0	0	0	0.87637824	0.12362178
Rhodotorula_graminis	78	0	0	0	0	0.8791042	0.120895796
Schizosaccharomyces_octosporus	79	1	1	1	1	0.15244132	0.8475587
Glomus_cerebriforme	79	0	0	0	0	0.6853123	0.31468773
Pholiota_conissans	79	0	0	0	0	0.8662391	0.1337609
Acaromyces_ingoldii	79	0	0	0	0	0.778304	0.22169605
Neolecta_irregularis	79	0	0	0	0	0.5986583	0.40134165
Neurospora_crassa	79	0	0	0	0	0.8710389	0.12896106
Schizosaccharomyces_osmophilus	79	1	1	1	1	0.15850514	0.84149486
Morchella_snyderi	79	0	0	0	0	0.87466997	0.12533003
Pyrenophora_teres	79	0	0	0	0	0.87282604	0.12717396
Tortispora_agaves	79	1	0	1	0	0.5618417	0.4381583
Penicillium_canescens	79	0	0	0	0	0.85859287	0.14140712
Tirmania_nivea	79	0	0	0	0	0.86118406	0.13881594
Malassezia_restricta	79	1	1	1	1	0.13394523	0.8660548
Aspergillus_niger	79	0	0	0	0	0.84258515	0.15741487
Moesziomyces_aphidis	79	0	0	0	0	0.7452754	0.25472465
Malassezia_sympodialis	80	1	1	1	1	0.1279378	0.8720622
Pneumocystis_carinii	80	1	1	1	1	0.1252206	0.8747794
Peziza_echinospora	80	0	0	0	0	0.8703848	0.12961517
Kwoniella_shandongensis	80	1	0	1	0	0.6446441	0.35535592
Lipomyces_kononenkoae	80	1	1	1	1	0.3014481	0.6985519
Exophiala_viscosa	80	0	0	0	0	0.8615161	0.13848387
Puccinia_striiformis	80	0	0	0	0	0.8454467	0.15455332
Rhodotorula_diobovata	80	0	0	0	0	0.872934	0.127066
Taphrina_deformans	80	0	0	0	0	0.66327524	0.33672473
Sporisorium_reilianum	80	0	0	0	0	0.7123147	0.2876853
Terfezia_boudieri	80	0	0	0	0	0.8798784	0.12012157
Penicillium_ucsense	80	0	0	0	0	0.87580574	0.12419428
Protomyces_lactucae	80	0	1	0	1	0.30172116	0.69827884
Aureobasidium_melanogenum	80	0	0	0	0	0.87382907	0.12617095
Aureobasidium_pullulans	80	0	0	0	0	0.86720586	0.13279413
Schizosaccharomyces_octosporus	81	1	1	1	1	0.14462501	0.855375
Pneumocystis_carinii	81	1	1	1	1	0.13477135	0.86522865
Lipomyces_kononenkoae	81	1	1	1	1	0.41933262	0.5806674
Tuber_melanosporum	81	0	0	0	0	0.85353	0.14647001
Boletus_edulis	81	0	0	0	0	0.86205053	0.13794948
Kwoniella_dejecticola	81	1	1	1	1	0.18779647	0.8122035
Exobasidium_rhododendri	81	0	0	0	0	0.7398585	0.2601415
Abortiporus_biennis	81	0	0	0	0	0.86102855	0.13897146
Penicillium_canescens	81	0	0	0	0	0.8726632	0.12733681
Alloascoidea_africana	81	0	1	0	1	0.39388716	0.60611284
Pleurotus_ostreatus	81	0	0	0	0	0.85867155	0.14132847
Schizosaccharomyces_pombe	81	1	1	1	1	0.14681041	0.8531896
Protomyces_lactucae	81	0	0	0	0	0.5845839	0.41541615
Cryptococcus_amylolentus	81	0	1	0	1	0.22106934	0.77893066
Rhodotorula_graminis	81	0	0	0	0	0.8085895	0.1914105
Moesziomyces_aphidis	81	0	0	0	0	0.68061477	0.31938523
Saccharomyces_cerevisiae	82	1	1	1	1	0.17642576	0.82357424
Ustilago_maydis	82	0	0	0	0	0.8519998	0.14800018
Exophiala_viscosa	82	0	0	0	0	0.8591152	0.14088482
Saccharomycopsis_selenospora	82	0	1	0	1	0.18754661	0.8124534
Kalmanozyma_brasiliensis	82	1	0	1	0	0.82891214	0.17108788
Tilletia_walkeri	82	0	0	0	0	0.7362095	0.2637905
Pneumocystis_jirovecii	82	1	1	1	1	0.13617128	0.8638287
Kwoniella_bestiolae	82	1	1	1	1	0.27011633	0.7298837
Calocera_viscosa	82	0	0	0	0	0.8345027	0.16549733
Lachancea_nothofagi	82	1	1	1	1	0.15628988	0.8437101
Melampsora_larici	82	0	0	0	0	0.7337231	0.2662769
Daedalea_quercina	82	0	0	0	0	0.86582035	0.13417964
Terfezia_boudieri	82	0	0	0	0	0.8696503	0.13034971
Penicillium_ucsense	82	0	0	0	0	0.8621085	0.13789147
Aspergillus_niger	82	0	0	0	0	0.77635306	0.22364692
Glomus_cerebriforme	83	0	0	0	0	0.7906956	0.20930438
Peziza_echinospora	83	0	0	0	0	0.8607013	0.13929865
Trichoderma_asperellum	83	0	0	0	0	0.87849194	0.121508084
Kwoniella_shandongensis	83	1	0	1	0	0.68352807	0.31647193
Puccinia_striiformis	83	0	0	0	0	0.81229216	0.18770783
Schizosaccharomyces_osmophilus	83	1	1	1	1	0.12813169	0.8718683
Rhynchosporium_commune	83	0	0	0	0	0.86638486	0.13361515
Kwoniella_pini	83	1	1	1	1	0.22803539	0.7719646
Taphrina_deformans	83	0	0	0	0	0.65807045	0.34192953
Calocera_cornea	83	0	0	0	0	0.83980113	0.16019885
Malassezia_japonica	83	1	1	1	1	0.18152606	0.81847394
Rhodotorula_toruloides	83	0	0	0	0	0.8535037	0.14649631
Sphaerosporella_brunnea	83	0	0	0	0	0.87693405	0.12306597
Kalaharituber_pfeilii	83	0	0	0	0	0.874565	0.12543496
Aureobasidium_thailandense	83	0	0	0	0	0.8777151	0.12228488
Malassezia_sympodialis	84	1	1	1	1	0.1898545	0.8101455
Pholiota_conissans	84	0	0	0	0	0.86191815	0.13808185
Geopyxis_carbonaria	84	0	0	0	0	0.7841299	0.21587008
Acaromyces_ingoldii	84	0	0	0	0	0.8078511	0.1921489
Neolecta_irregularis	84	0	0	0	0	0.59005105	0.40994895
Amorphotheca_resinae	84	0	0	0	0	0.86331296	0.13668704
Rhodotorula_diobovata	84	0	0	0	0	0.8009188	0.19908117
Pyrenophora_teres	84	0	0	0	0	0.8691039	0.13089612
Sporisorium_reilianum	84	0	0	0	0	0.72224057	0.2777594
Debaryomyces_udenii	84	1	1	1	1	0.41055155	0.58944845
Schizosaccharomyces_cryophilus	84	1	1	1	1	0.14618617	0.8538138
Tirmania_nivea	84	0	0	0	0	0.86035305	0.13964695
Malassezia_restricta	84	1	1	1	1	0.18163705	0.81836295
Rhodotorula_paludigena	84	0	0	0	0	0.8029399	0.19706012
Aureobasidium_pullulans	84	0	0	0	0	0.7893417	0.21065831
Sporopachydermia_lactativora	85	1	0	1	0	0.73645914	0.26354083
Neurospora_crassa	85	0	0	0	0	0.8786326	0.12136739
Cronartium_quercuum	85	0	0	0	0	0.8394668	0.1605332
Morchella_snyderi	85	0	0	0	0	0.8803976	0.119602375
Microbotryum_saponariae	85	0	0	0	0	0.83892226	0.16107772
Candida_albicans	85	0	1	0	1	0.16577351	0.8342265
Yarrowia_lipolytica	85	0	1	0	1	0.178132	0.821868
Nakazawaea_anatomiae	85	1	0	1	0	0.7498121	0.25018784
Umbelopsis_vinacea	85	0	0	0	0	0.8537053	0.14629474
Ganoderma_leucocontextum	85	0	0	0	0	0.87900114	0.120998845
Tortispora_agaves	85	1	0	1	0	0.7834461	0.21655393
Cutaneotrichosporon_oleaginosum	85	0	1	0	1	0.23883939	0.7611606
Septoria_linicola	85	0	0	0	0	0.8803976	0.119602375
Lipomyces_chichibuensis	85	1	1	1	1	0.30100453	0.6989955
Aureobasidium_melanogenum	85	0	0	0	0	0.8725104	0.12748963
Sporopachydermia_lactativora	86	1	1	1	1	0.25838256	0.74161744
Glomus_cerebriforme	86	0	0	0	0	0.7345009	0.2654991
Neolecta_irregularis	86	0	0	0	0	0.6485157	0.35148427
Rhynchosporium_commune	86	0	0	0	0	0.8738419	0.12615809
Taphrina_deformans	86	0	0	0	0	0.77549416	0.22450583
Yarrowia_lipolytica	86	0	1	0	1	0.3855397	0.6144603
Calocera_viscosa	86	0	0	0	0	0.7635391	0.23646091
Lachancea_nothofagi	86	1	1	1	1	0.16327292	0.8367271
Sporisorium_reilianum	86	0	0	0	0	0.59027064	0.40972933
Exobasidium_rhododendri	86	0	0	0	0	0.78447807	0.21552192
Terfezia_boudieri	86	0	0	0	0	0.8731428	0.1268572
Schizosaccharomyces_cryophilus	86	1	1	1	1	0.14824289	0.8517571
Penicillium_ucsense	86	0	0	0	0	0.8567179	0.14328212
Malassezia_restricta	86	1	1	1	1	0.12881196	0.87118804
Lipomyces_chichibuensis	86	1	1	1	1	0.33637035	0.66362965
Aureobasidium_thailandense	86	0	0	0	0	0.8670746	0.13292542
Pneumocystis_carinii	87	1	1	1	1	0.14270455	0.85729545
Peziza_echinospora	87	0	0	0	0	0.8225272	0.17747276
Saccharomyces_cerevisiae	87	1	1	1	1	0.2298665	0.7701335
Exophiala_viscosa	87	0	0	0	0	0.8528236	0.14717636
Puccinia_striiformis	87	0	0	0	0	0.7095816	0.29041842
Kalmanozyma_brasiliensis	87	1	0	1	0	0.8580695	0.1419305
Nakazawaea_anatomiae	87	1	1	1	1	0.40722287	0.59277713
Umbelopsis_vinacea	87	0	0	0	0	0.83690774	0.16309223
Calocera_cornea	87	0	0	0	0	0.79716134	0.20283869
Malassezia_japonica	87	1	1	1	1	0.18231952	0.8176805
Alloascoidea_africana	87	0	0	0	0	0.6565462	0.34345382
Sphaerosporella_brunnea	87	0	0	0	0	0.8767915	0.12320849
Pleurotus_ostreatus	87	0	0	0	0	0.8697292	0.13027076
Protomyces_lactucae	87	0	0	0	0	0.7160926	0.28390744
Moesziomyces_aphidis	87	0	0	0	0	0.87501436	0.12498562
Malassezia_sympodialis	88	1	1	1	1	0.13904846	0.86095154
Geopyxis_carbonaria	88	0	0	0	0	0.8403124	0.1596876
Saccharomycopsis_selenospora	88	0	1	0	1	0.18855178	0.8114482
Amorphotheca_resinae	88	0	0	0	0	0.876624	0.12337602
Tilletia_walkeri	88	0	0	0	0	0.7164669	0.2835331
Rhodotorula_diobovata	88	0	0	0	0	0.85586536	0.14413464
Pneumocystis_jirovecii	88	1	1	1	1	0.13567114	0.86432886
Boletus_edulis	88	0	0	0	0	0.86487013	0.13512988
Morchella_snyderi	88	0	0	0	0	0.8787537	0.12124629
Microbotryum_saponariae	88	0	0	0	0	0.81113374	0.18886627
Kwoniella_dejecticola	88	1	1	1	1	0.18364418	0.8163558
Abortiporus_biennis	88	0	0	0	0	0.86942613	0.13057387
Kalaharituber_pfeilii	88	0	0	0	0	0.8787537	0.12124629
Schizosaccharomyces_pombe	88	1	1	1	1	0.1419931	0.8580069
Aureobasidium_melanogenum	88	0	0	0	0	0.8700236	0.12997638
Schizosaccharomyces_octosporus	89	1	1	1	1	0.15549946	0.84450054
Trichoderma_asperellum	89	0	0	0	0	0.8728022	0.12719782
Ustilago_maydis	89	0	0	0	0	0.7073959	0.29260412
Lipomyces_kononenkoae	89	1	1	1	1	0.35284114	0.64715886
Tuber_melanosporum	89	0	0	0	0	0.8627581	0.13724189
Schizosaccharomyces_osmophilus	89	1	1	1	1	0.15930027	0.84069973
Candida_albicans	89	0	1	0	1	0.31750607	0.6824939
Debaryomyces_udenii	89	1	1	1	1	0.31118023	0.68881977
Melampsora_larici	89	0	0	0	0	0.76956123	0.23043878
Rhodotorula_toruloides	89	0	0	0	0	0.81739205	0.18260795
Daedalea_quercina	89	0	0	0	0	0.8543771	0.14562292
Penicillium_canescens	89	0	0	0	0	0.8710209	0.12897907
Cryptococcus_amylolentus	89	0	1	0	1	0.28167486	0.71832514
Rhodotorula_graminis	89	0	0	0	0	0.8118568	0.1881432
Aureobasidium_pullulans	89	0	0	0	0	0.83423996	0.16576003
Pholiota_conissans	90	0	0	0	0	0.87602687	0.12397313
Acaromyces_ingoldii	90	0	0	0	0	0.81111944	0.18888055
Kwoniella_shandongensis	90	1	0	1	0	0.6452651	0.3547349
Neurospora_crassa	90	0	0	0	0	0.87861794	0.12138204
Cronartium_quercuum	90	0	0	0	0	0.85164285	0.14835712
Kwoniella_pini	90	1	1	1	1	0.49029386	0.50970614
Kwoniella_bestiolae	90	1	1	1	1	0.46175772	0.5382423
Pyrenophora_teres	90	0	0	0	0	0.8686711	0.13132887
Ganoderma_leucocontextum	90	0	0	0	0	0.8662549	0.13374507
Tortispora_agaves	90	1	0	1	0	0.51136744	0.4886326
Cutaneotrichosporon_oleaginosum	90	0	0	0	0	0.7482747	0.25172532
Tirmania_nivea	90	0	0	0	0	0.8778188	0.122181155
Septoria_linicola	90	0	0	0	0	0.8579205	0.14207947
Aspergillus_niger	90	0	0	0	0	0.8569467	0.14305331
Rhodotorula_paludigena	90	0	0	0	0	0.8100425	0.18995751
Malassezia_sympodialis	91	1	1	1	1	0.17542166	0.82457834
Geopyxis_carbonaria	91	0	0	0	0	0.8318218	0.16817823
Saccharomyces_cerevisiae	91	1	1	1	1	0.18888837	0.8111116
Exophiala_viscosa	91	0	0	0	0	0.8510104	0.14898962
Saccharomycopsis_selenospora	91	0	1	0	1	0.2194817	0.7805183
Tuber_melanosporum	91	0	0	0	0	0.851887	0.148113
Pneumocystis_jirovecii	91	1	1	1	1	0.14882916	0.85117084
Microbotryum_saponariae	91	0	0	0	0	0.8050174	0.19498259
Pyrenophora_teres	91	0	0	0	0	0.8728142	0.12718584
Lachancea_nothofagi	91	1	1	1	1	0.15475279	0.8452472
Exobasidium_rhododendri	91	0	0	0	0	0.77667326	0.22332674
Rhodotorula_toruloides	91	0	0	0	0	0.79237866	0.20762134
Tirmania_nivea	91	0	0	0	0	0.87171966	0.12828034
Malassezia_restricta	91	1	1	1	1	0.16699463	0.83300537
Aspergillus_niger	91	0	0	0	0	0.8313332	0.1686668
Aureobasidium_thailandense	91	0	0	0	0	0.8693783	0.1306217
Schizosaccharomyces_octosporus	92	1	1	1	1	0.15609026	0.84390974
Glomus_cerebriforme	92	0	0	0	0	0.72727585	0.27272418
Acaromyces_ingoldii	92	0	0	0	0	0.7848777	0.2151223
Kwoniella_shandongensis	92	1	0	1	0	0.5904161	0.40958393
Amorphotheca_resinae	92	0	0	0	0	0.8742328	0.12576717
Schizosaccharomyces_osmophilus	92	1	1	1	1	0.15745777	0.84254223
Morchella_snyderi	92	0	0	0	0	0.87952536	0.12047463
Calocera_viscosa	92	0	0	0	0	0.8005929	0.19940707
Ganoderma_leucocontextum	92	0	0	0	0	0.87506413	0.124935895
Sporisorium_reilianum	92	0	0	0	0	0.6075005	0.3924995
Schizosaccharomyces_pombe	92	1	1	1	1	0.15459013	0.84540987
Protomyces_lactucae	92	0	1	0	1	0.36465085	0.63534915
Lipomyces_chichibuensis	92	1	1	1	1	0.28705877	0.7129412
Rhodotorula_graminis	92	0	0	0	0	0.8435304	0.15646957
Aureobasidium_pullulans	92	0	0	0	0	0.85016143	0.14983858
Sporopachydermia_lactativora	93	1	1	1	1	0.30205166	0.69794834
Pneumocystis_carinii	93	1	1	1	1	0.14332944	0.85667056
Neolecta_irregularis	93	0	0	0	0	0.5979502	0.40204978
Kalmanozyma_brasiliensis	93	1	0	1	0	0.84864426	0.15135571
Rhodotorula_diobovata	93	0	0	0	0	0.8595835	0.14041649
Cronartium_quercuum	93	0	0	0	0	0.80053174	0.19946824
Rhynchosporium_commune	93	0	0	0	0	0.8681861	0.13181388
Kwoniella_pini	93	1	1	1	1	0.2599045	0.7400955
Yarrowia_lipolytica	93	0	1	0	1	0.29031914	0.70968086
Abortiporus_biennis	93	0	0	0	0	0.8764147	0.1235853
Terfezia_boudieri	93	0	0	0	0	0.8586143	0.14138567
Sphaerosporella_brunnea	93	0	0	0	0	0.87154907	0.12845092
Penicillium_ucsense	93	0	0	0	0	0.8423768	0.15762316
Kalaharituber_pfeilii	93	0	0	0	0	0.85225415	0.14774583
Aureobasidium_melanogenum	93	0	0	0	0	0.87184954	0.1281505
Trichoderma_asperellum	94	0	0	0	0	0.8718929	0.12810704
Lipomyces_kononenkoae	94	1	1	1	1	0.4264207	0.5735793
Neurospora_crassa	94	0	0	0	0	0.8778587	0.12214129
Puccinia_striiformis	94	0	0	0	0	0.7628485	0.23715147
Tilletia_walkeri	94	0	0	0	0	0.67900074	0.32099926
Boletus_edulis	94	0	0	0	0	0.85308003	0.14691998
Taphrina_deformans	94	0	0	0	0	0.6146232	0.3853768
Kwoniella_bestiolae	94	1	1	1	1	0.3053463	0.6946537
Kwoniella_dejecticola	94	1	1	1	1	0.34127623	0.6587238
Umbelopsis_vinacea	94	0	0	0	0	0.77711785	0.22288212
Malassezia_japonica	94	1	1	1	1	0.17552531	0.8244747
Daedalea_quercina	94	0	0	0	0	0.8650012	0.13499877
Cutaneotrichosporon_oleaginosum	94	0	0	0	0	0.547315	0.452685
Cryptococcus_amylolentus	94	0	1	0	1	0.29915518	0.7008448
Moesziomyces_aphidis	94	0	0	0	0	0.7215816	0.27841845
Pholiota_conissans	95	0	0	0	0	0.8632166	0.13678342
Peziza_echinospora	95	0	0	0	0	0.76055807	0.23944192
Ustilago_maydis	95	0	0	0	0	0.7586242	0.24137582
Candida_albicans	95	0	1	0	1	0.25765628	0.7423437
Nakazawaea_anatomiae	95	1	1	1	1	0.23107058	0.7689294
Calocera_cornea	95	0	0	0	0	0.70243907	0.29756093
Debaryomyces_udenii	95	1	1	1	1	0.26389503	0.73610497
Melampsora_larici	95	0	0	0	0	0.7222972	0.2777028
Tortispora_agaves	95	1	0	1	0	0.65118957	0.34881043
Penicillium_canescens	95	0	0	0	0	0.87094057	0.12905943
Alloascoidea_africana	95	0	1	0	1	0.31589204	0.68410796
Schizosaccharomyces_cryophilus	95	1	1	1	1	0.15507144	0.84492856
Septoria_linicola	95	0	0	0	0	0.8755895	0.1244105
Pleurotus_ostreatus	95	0	0	0	0	0.86311585	0.13688417
Rhodotorula_paludigena	95	0	0	0	0	0.7902927	0.20970732
Sporopachydermia_lactativora	96	1	1	1	1	0.16777956	0.83222044
Schizosaccharomyces_octosporus	96	1	1	1	1	0.13801187	0.8619881
Pneumocystis_carinii	96	1	1	1	1	0.13216066	0.86783934
Pholiota_conissans	96	0	0	0	0	0.87130505	0.12869494
Saccharomycopsis_selenospora	96	0	1	0	1	0.1876412	0.8123588
Tilletia_walkeri	96	0	0	0	0	0.74220145	0.25779855
Tuber_melanosporum	96	0	0	0	0	0.87796426	0.12203571
Rhynchosporium_commune	96	0	0	0	0	0.87786007	0.12213994
Morchella_snyderi	96	0	0	0	0	0.8803811	0.11961891
Debaryomyces_udenii	96	1	1	1	1	0.48492908	0.5150709
Rhodotorula_toruloides	96	0	0	0	0	0.8184118	0.18158814
Alloascoidea_africana	96	0	0	0	0	0.5116173	0.48838273
Cutaneotrichosporon_oleaginosum	96	0	0	0	0	0.58743	0.41257003
Schizosaccharomyces_pombe	96	1	1	1	1	0.13038808	0.8696119
Aureobasidium_pullulans	96	0	0	0	0	0.75499994	0.24500006
Aureobasidium_thailandense	96	0	0	0	0	0.87544036	0.12455963
Acaromyces_ingoldii	97	0	0	0	0	0.7914511	0.20854889
Saccharomyces_cerevisiae	97	1	1	1	1	0.21304953	0.78695047
Lipomyces_kononenkoae	97	1	1	1	1	0.31095237	0.68904763
Exophiala_viscosa	97	0	0	0	0	0.8374613	0.1625387
Amorphotheca_resinae	97	0	0	0	0	0.8741812	0.12581879
Schizosaccharomyces_osmophilus	97	1	1	1	1	0.12806952	0.8719305
Taphrina_deformans	97	0	0	0	0	0.5357624	0.4642376
Kwoniella_dejecticola	97	1	1	1	1	0.3529213	0.6470787
Candida_albicans	97	0	1	0	1	0.23168236	0.76831764
Terfezia_boudieri	97	0	0	0	0	0.87185854	0.12814146
Tirmania_nivea	97	0	0	0	0	0.8716818	0.1283182
Protomyces_lactucae	97	0	1	0	1	0.40327334	0.59672666
Malassezia_restricta	97	1	1	1	1	0.14299047	0.85700953
Rhodotorula_graminis	97	0	0	0	0	0.80102384	0.19897616
Aspergillus_niger	97	0	0	0	0	0.8155494	0.18445063
Neolecta_irregularis	98	0	0	0	0	0.6522243	0.34777573
Kwoniella_shandongensis	98	1	0	1	0	0.53173417	0.46826583
Rhodotorula_diobovata	98	0	0	0	0	0.86706924	0.13293079
Cronartium_quercuum	98	0	0	0	0	0.8474338	0.1525662
Pneumocystis_jirovecii	98	1	1	1	1	0.13407946	0.86592054
Kwoniella_pini	98	1	1	1	1	0.22798747	0.77201253
Yarrowia_lipolytica	98	0	1	0	1	0.35312217	0.6468778
Umbelopsis_vinacea	98	0	0	0	0	0.8255034	0.1744966
Calocera_viscosa	98	0	0	0	0	0.85312057	0.14687942
Sporisorium_reilianum	98	0	0	0	0	0.6219772	0.37802276
Exobasidium_rhododendri	98	0	0	0	0	0.79894507	0.20105492
Tortispora_agaves	98	1	1	1	1	0.4560839	0.5439161
Daedalea_quercina	98	0	0	0	0	0.87415713	0.12584287
Penicillium_ucsense	98	0	0	0	0	0.8718745	0.1281255
Pleurotus_ostreatus	98	0	0	0	0	0.8757353	0.12426472
Trichoderma_asperellum	99	0	0	0	0	0.8692188	0.13078117
Ustilago_maydis	99	0	0	0	0	0.6868897	0.3131103
Neurospora_crassa	99	0	0	0	0	0.8689726	0.1310274
Microbotryum_saponariae	99	0	0	0	0	0.791433	0.20856702
Pyrenophora_teres	99	0	0	0	0	0.86928976	0.13071027
Nakazawaea_anatomiae	99	1	1	1	1	0.29331505	0.70668495
Lachancea_nothofagi	99	1	1	1	1	0.19068027	0.80931973
Ganoderma_leucocontextum	99	0	0	0	0	0.8709425	0.12905751
Malassezia_japonica	99	1	1	1	1	0.16806686	0.83193314
Melampsora_larici	99	0	0	0	0	0.74651265	0.25348732
Schizosaccharomyces_cryophilus	99	1	1	1	1	0.15991753	0.84008247
Kalaharituber_pfeilii	99	0	0	0	0	0.8724172	0.12758276
Septoria_linicola	99	0	0	0	0	0.8668231	0.13317692
Moesziomyces_aphidis	99	0	0	0	0	0.68894756	0.3110524
Aureobasidium_melanogenum	99	0	0	0	0	0.8567229	0.1432771
Malassezia_sympodialis	100	1	1	1	1	0.1494224	0.8505776
Glomus_cerebriforme	100	0	0	0	0	0.74054646	0.2594535
Geopyxis_carbonaria	100	0	0	0	0	0.83978343	0.16021658
Peziza_echinospora	100	0	0	0	0	0.8433018	0.15669821
Puccinia_striiformis	100	0	0	0	0	0.7400551	0.25994492
Kalmanozyma_brasiliensis	100	1	0	1	0	0.8611244	0.13887563
Boletus_edulis	100	0	0	0	0	0.86355877	0.13644125
Kwoniella_bestiolae	100	1	1	1	1	0.20487142	0.7951286
Calocera_cornea	100	0	0	0	0	0.78121775	0.21878223
Abortiporus_biennis	100	0	0	0	0	0.87391514	0.12608485
Penicillium_canescens	100	0	0	0	0	0.8581989	0.14180109
Sphaerosporella_brunnea	100	0	0	0	0	0.8782332	0.121766806
Cryptococcus_amylolentus	100	0	1	0	1	0.2773232	0.7226768
Lipomyces_chichibuensis	100	1	1	1	1	0.24738646	0.75261354
Rhodotorula_paludigena	100	0	0	0	0	0.84195554	0.15804447
