OG	HG	Pucciniomycotina	Ustilaginomycotina	Agaricomycotina	Taphrinomycotina	Saccharomycotina	Pezizomycotina
OG0000006	HG_7	0	0	1	1	0	0
OG0000012	HG_13	1	0	0	1	0	0
OG0000051	HG_52	0	0	1	1	0	0
OG0000120	HG_121	1	0	1	0	0	0
OG0000244	HG_245	0	0	1	1	0	0
OG0000314	HG_315	0	0	1	1	0	0
OG0000475	HG_476	1	0	1	0	0	0
OG0000516	HG_517	1	0	0	1	0	0
OG0000631	HG_632	1	0	1	0	0	0
OG0000692	HG_693	1	0	1	0	0	0
OG0000720	HG_721	1	0	1	0	0	0
OG0000837	HG_838	0	0	1	0	0	1
OG0000914	HG_915	1	0	1	0	0	0
OG0000995	HG_996	1	0	1	0	0	0
OG0001002	HG_1003	0	0	1	0	1	0
OG0001413	HG_1414	1	0	1	0	0	0
OG0002985	HG_2986	1	0	0	1	0	0
OG0003163	HG_3164	0	1	0	0	1	0
OG0003686	HG_3687	0	0	0	1	1	0
OG0003708	HG_3709	0	0	1	1	0	0
OG0003948	HG_3949	0	0	1	0	1	0
OG0004157	HG_4158	1	0	1	0	0	0
OG0004315	HG_4316	0	0	0	1	1	0
OG0004371	HG_4372	1	0	1	0	0	0
OG0004439	HG_4440	1	0	1	0	0	0
OG0004560	HG_4561	0	0	1	0	1	0
OG0004583	HG_4584	1	0	0	1	0	0
OG0004907	HG_4908	1	0	0	1	0	0
OG0005005	HG_5006	1	0	1	0	0	0
OG0005046	HG_5047	1	0	1	0	0	0
OG0005152	HG_5153	0	1	1	0	0	0
OG0005204	HG_5205	0	0	1	1	0	0
OG0005333	HG_5334	0	0	1	0	0	1
OG0005340	HG_5341	0	0	1	0	0	1
OG0005370	HG_5371	0	0	1	1	0	0
OG0005467	HG_5468	0	0	1	0	1	0
OG0005484	HG_5485	0	0	1	1	0	0
OG0005497	HG_5498	0	0	1	0	0	1
OG0005788	HG_5789	0	0	1	1	0	0
OG0005789	HG_5790	0	0	1	0	1	0
OG0006155	HG_6156	0	0	1	1	0	0
OG0006159	HG_6160	1	0	1	0	0	0
OG0006169	HG_6170	1	0	1	0	0	0
OG0006275	HG_6276	0	0	0	1	0	1
OG0006439	HG_6440	1	0	0	0	0	1
OG0006477	HG_6478	1	0	1	0	0	0
OG0006611	HG_6612	1	0	0	0	0	1
OG0006671	HG_6672	1	0	1	0	0	0
OG0006713	HG_6714	1	0	0	1	0	0
OG0006851	HG_6852	1	0	1	0	0	0
OG0006882	HG_6883	0	0	0	1	0	1
OG0006959	HG_6960	0	0	1	1	0	0
OG0007078	HG_7079	0	0	0	1	1	0
OG0007090	HG_7091	0	0	0	1	1	0
OG0007100	HG_7101	0	0	0	1	1	0
OG0007148	HG_7149	0	0	0	1	0	1
OG0007267	HG_7268	0	0	0	1	1	0
OG0007391	HG_7392	0	0	1	0	0	1
OG0007469	HG_7470	0	0	0	1	0	1
OG0007544	HG_7545	1	0	0	0	0	1
OG0007577	HG_7578	0	0	0	1	1	0
OG0007580	HG_7581	0	0	0	1	1	0
OG0007594	HG_7595	0	0	0	1	1	0
OG0007605	HG_7606	0	0	0	1	1	0
OG0007622	HG_7623	0	0	0	1	1	0
OG0007631	HG_7632	0	0	0	1	1	0
OG0007675	HG_7676	1	0	0	0	0	1
OG0008462	HG_8463	1	0	1	0	0	0
OG0008710	HG_8711	0	0	1	1	0	0
OG0008815	HG_8816	0	1	0	1	0	0
OG0010178	HG_10179	1	0	1	0	0	0
OG0010184	HG_10185	1	0	1	0	0	0
OG0010186	HG_10187	1	0	1	0	0	0
OG0010189	HG_10190	1	0	1	0	0	0
OG0010439	HG_10440	1	0	0	0	0	1
OG0010599	HG_10600	1	0	1	0	0	0
OG0010645	HG_10646	0	0	0	1	0	1
OG0011542	HG_11543	1	0	0	1	0	0
OG0011964	HG_11965	0	0	1	1	0	0
OG0013543	HG_13544	1	0	0	0	0	1
OG0013557	HG_13558	1	0	0	0	0	1
OG0014802	HG_14803	1	0	0	0	0	1
OG0015647	HG_15648	0	0	0	1	0	1
OG0016376	HG_16377	1	0	0	1	0	0
OG0017739	HG_17740	0	0	0	1	0	1
