fold	accuracy	balanced_accuracy	f1_macro	precision_macro	recall_macro	mcc	best_inner_score	best_params	roc_auc_ovr_macro	pr_auc_macro
1	0.6875	0.6777777777777779	0.6363636363636364	0.6851851851851851	0.6777777777777779	0.5776177144209592	0.8688556360124987	"{""colsample_bynode"": 0.3, ""max_depth"": 2, ""min_child_weight"": 1, ""n_estimators"": 500, ""subsample"": 0.8}"	0.7787878787878788	0.7321428571428571
2	0.8	0.7777777777777778	0.7802197802197801	0.7936507936507936	0.7777777777777778	0.6967008556210249	0.7520723104056438	"{""colsample_bynode"": 0.6, ""max_depth"": 2, ""min_child_weight"": 1, ""n_estimators"": 300, ""subsample"": 0.6}"	0.9649270482603817	0.9375
3	0.8	0.7857142857142857	0.7799145299145299	0.7833333333333333	0.7857142857142857	0.6986956960477685	0.829040821197684	"{""colsample_bynode"": 0.3, ""max_depth"": 2, ""min_child_weight"": 1, ""n_estimators"": 300, ""subsample"": 0.6}"	0.8863636363636364	0.8163156288156287
4	0.9333333333333333	0.9166666666666666	0.9153439153439153	0.9333333333333332	0.9166666666666666	0.9021199601689408	0.8114359974009098	"{""colsample_bynode"": 0.3, ""max_depth"": 2, ""min_child_weight"": 1, ""n_estimators"": 500, ""subsample"": 0.6}"	0.9848484848484849	0.9666666666666665
5	0.8666666666666667	0.8333333333333334	0.8222222222222223	0.8888888888888888	0.8333333333333334	0.814618279426917	0.7488074742976704	"{""colsample_bynode"": 0.3, ""max_depth"": 3, ""min_child_weight"": 1, ""n_estimators"": 300, ""subsample"": 0.8}"	0.9545454545454546	0.9111111111111111
6	0.625	0.6111111111111112	0.5128205128205129	0.44642857142857145	0.6111111111111112	0.46984458640806714	0.7968562301895634	"{""colsample_bynode"": 0.6, ""max_depth"": 2, ""min_child_weight"": 1, ""n_estimators"": 500, ""subsample"": 0.6}"	0.8565656565656564	0.7353968253968254
7	0.9333333333333333	0.9166666666666666	0.9220779220779222	0.9444444444444445	0.9166666666666666	0.9041944301794651	0.7789750669007635	"{""colsample_bynode"": 0.3, ""max_depth"": 2, ""min_child_weight"": 1, ""n_estimators"": 300, ""subsample"": 0.8}"	1.0	1.0
8	0.7333333333333333	0.6666666666666666	0.5708061002178649	0.5	0.6666666666666666	0.625	0.7791801994588372	"{""colsample_bynode"": 0.3, ""max_depth"": 3, ""min_child_weight"": 1, ""n_estimators"": 300, ""subsample"": 0.6}"	0.9924242424242425	0.9833333333333333
9	0.8	0.7857142857142857	0.7799145299145299	0.7833333333333333	0.7857142857142857	0.6986956960477685	0.7536241650792735	"{""colsample_bynode"": 0.3, ""max_depth"": 3, ""min_child_weight"": 1, ""n_estimators"": 300, ""subsample"": 0.8}"	0.9166666666666666	0.8319444444444443
10	0.8666666666666667	0.8690476190476191	0.8539886039886039	0.85	0.8690476190476191	0.8014450631136167	0.6597855303737656	"{""colsample_bynode"": 0.6, ""max_depth"": 2, ""min_child_weight"": 1, ""n_estimators"": 300, ""subsample"": 0.6}"	0.9848484848484849	0.9722222222222222
11	0.625	0.611111111111111	0.5833333333333334	0.5793650793650793	0.611111111111111	0.44591260773834884	0.8351910549794966	"{""colsample_bynode"": 0.3, ""max_depth"": 2, ""min_child_weight"": 1, ""n_estimators"": 300, ""subsample"": 0.8}"	0.848989898989899	0.749047619047619
12	0.9333333333333333	0.9166666666666666	0.9220779220779222	0.9444444444444445	0.9166666666666666	0.9041944301794651	0.6993158257864139	"{""colsample_bynode"": 0.3, ""max_depth"": 2, ""min_child_weight"": 2, ""n_estimators"": 300, ""subsample"": 0.6}"	0.9848484848484849	0.9722222222222222
13	0.8	0.7857142857142857	0.7648351648351648	0.7777777777777777	0.7857142857142857	0.7083333333333334	0.7990088343029519	"{""colsample_bynode"": 0.3, ""max_depth"": 2, ""min_child_weight"": 2, ""n_estimators"": 300, ""subsample"": 0.6}"	0.9031385281385281	0.8512235449735449
14	0.8	0.8214285714285715	0.8059163059163059	0.8571428571428571	0.8214285714285715	0.7342836885096029	0.736896981014628	"{""colsample_bynode"": 0.6, ""max_depth"": 2, ""min_child_weight"": 1, ""n_estimators"": 500, ""subsample"": 0.8}"	0.9274891774891775	0.8310846560846561
15	0.8	0.7857142857142857	0.7723387723387724	0.8571428571428571	0.7857142857142857	0.7288689868556626	0.763166390617371	"{""colsample_bynode"": 0.3, ""max_depth"": 2, ""min_child_weight"": 1, ""n_estimators"": 300, ""subsample"": 0.8}"	0.9637445887445887	0.9416666666666665
16	0.5	0.4777777777777778	0.4444444444444444	0.4351851851851852	0.4777777777777778	0.24422747352320828	0.8680911680911682	"{""colsample_bynode"": 0.6, ""max_depth"": 2, ""min_child_weight"": 2, ""n_estimators"": 300, ""subsample"": 0.8}"	0.7247474747474748	0.6263420838420838
17	0.8	0.75	0.7188034188034188	0.8571428571428571	0.75	0.7249683790201822	0.6676583764819058	"{""colsample_bynode"": 0.6, ""max_depth"": 2, ""min_child_weight"": 2, ""n_estimators"": 300, ""subsample"": 0.8}"	0.9496969696969697	0.8912301587301587
18	0.7333333333333333	0.7023809523809524	0.6612276612276612	0.6904761904761904	0.7023809523809524	0.6216823711415945	0.7247354497354497	"{""colsample_bynode"": 0.3, ""max_depth"": 3, ""min_child_weight"": 1, ""n_estimators"": 300, ""subsample"": 0.8}"	0.9458874458874459	0.8757395382395382
19	0.8666666666666667	0.8333333333333334	0.8296296296296296	0.8916666666666666	0.8333333333333334	0.8051091587951025	0.712388773173087	"{""colsample_bynode"": 0.3, ""max_depth"": 2, ""min_child_weight"": 2, ""n_estimators"": 500, ""subsample"": 0.6}"	0.9469696969696969	0.9162037037037036
20	0.7333333333333333	0.7380952380952381	0.7106782106782106	0.746031746031746	0.7380952380952381	0.6293860187225168	0.7972632305965638	"{""colsample_bynode"": 0.3, ""max_depth"": 2, ""min_child_weight"": 1, ""n_estimators"": 300, ""subsample"": 0.8}"	0.9561688311688311	0.9249999999999999
21	0.8125	0.7999999999999999	0.7759462759462759	0.8571428571428571	0.7999999999999999	0.7478259807461838	0.7442965531200825	"{""colsample_bynode"": 0.3, ""max_depth"": 3, ""min_child_weight"": 1, ""n_estimators"": 500, ""subsample"": 0.6}"	0.9878787878787879	0.9777777777777779
22	0.8	0.7944444444444444	0.7962962962962963	0.8111111111111112	0.7944444444444444	0.7027027027027027	0.6715811965811965	"{""colsample_bynode"": 0.3, ""max_depth"": 2, ""min_child_weight"": 1, ""n_estimators"": 500, ""subsample"": 0.6}"	0.8671268237934905	0.7695887445887445
23	0.8666666666666667	0.8690476190476191	0.8539886039886039	0.85	0.8690476190476191	0.8014450631136167	0.7661631874222173	"{""colsample_bynode"": 0.3, ""max_depth"": 2, ""min_child_weight"": 2, ""n_estimators"": 300, ""subsample"": 0.8}"	0.941017316017316	0.9273809523809523
24	0.8	0.75	0.7090909090909091	0.8571428571428571	0.75	0.7349684152591671	0.8048584131917464	"{""colsample_bynode"": 0.3, ""max_depth"": 2, ""min_child_weight"": 2, ""n_estimators"": 300, ""subsample"": 0.6}"	0.8787878787878788	0.7996031746031745
25	0.8	0.7857142857142857	0.7723387723387724	0.8571428571428571	0.7857142857142857	0.7288689868556626	0.7726010917187388	"{""colsample_bynode"": 0.3, ""max_depth"": 3, ""min_child_weight"": 2, ""n_estimators"": 300, ""subsample"": 0.6}"	0.8787878787878788	0.8294108669108669
26	0.8125	0.7999999999999999	0.7759462759462759	0.8571428571428571	0.7999999999999999	0.7478259807461838	0.8487957690744068	"{""colsample_bynode"": 0.6, ""max_depth"": 2, ""min_child_weight"": 1, ""n_estimators"": 300, ""subsample"": 0.8}"	0.9762626262626263	0.9596825396825398
27	0.7333333333333333	0.7000000000000001	0.6965811965811967	0.7023809523809524	0.7000000000000001	0.5959463289819201	0.7406451573118239	"{""colsample_bynode"": 0.3, ""max_depth"": 2, ""min_child_weight"": 1, ""n_estimators"": 300, ""subsample"": 0.8}"	0.9118181818181817	0.8725252525252526
28	0.8666666666666667	0.8333333333333334	0.8296296296296296	0.8916666666666666	0.8333333333333334	0.8051091587951025	0.7571339336045217	"{""colsample_bynode"": 0.3, ""max_depth"": 3, ""min_child_weight"": 1, ""n_estimators"": 500, ""subsample"": 0.8}"	0.9924242424242425	0.9833333333333333
29	0.7333333333333333	0.7380952380952381	0.7106782106782106	0.746031746031746	0.7380952380952381	0.6293860187225168	0.8280592863926196	"{""colsample_bynode"": 0.3, ""max_depth"": 2, ""min_child_weight"": 2, ""n_estimators"": 300, ""subsample"": 0.8}"	0.9696969696969697	0.9388888888888888
30	0.4666666666666667	0.5119047619047619	0.4632996632996633	0.4984126984126984	0.5119047619047619	0.25175440748900674	0.8175044091710758	"{""colsample_bynode"": 0.6, ""max_depth"": 2, ""min_child_weight"": 2, ""n_estimators"": 500, ""subsample"": 0.8}"	0.7375541125541125	0.6554421768707482
31	0.75	0.7333333333333334	0.6825396825396827	0.8518518518518517	0.7333333333333334	0.692056992956813	0.8515858868800045	"{""colsample_bynode"": 0.3, ""max_depth"": 2, ""min_child_weight"": 1, ""n_estimators"": 300, ""subsample"": 0.8}"	0.9575757575757575	0.9422222222222222
32	0.8	0.8222222222222223	0.8053872053872054	0.8571428571428571	0.8222222222222223	0.7397954428741078	0.7623961483610605	"{""colsample_bynode"": 0.3, ""max_depth"": 3, ""min_child_weight"": 1, ""n_estimators"": 500, ""subsample"": 0.8}"	0.8689450056116722	0.7923076923076923
33	0.8	0.75	0.746031746031746	0.7555555555555555	0.75	0.6923246205947685	0.8508874930443557	"{""colsample_bynode"": 0.3, ""max_depth"": 2, ""min_child_weight"": 1, ""n_estimators"": 500, ""subsample"": 0.8}"	0.8484848484848485	0.7858585858585858
34	0.9333333333333333	0.9166666666666666	0.9153439153439153	0.9333333333333332	0.9166666666666666	0.9021199601689408	0.7215252182744444	"{""colsample_bynode"": 0.6, ""max_depth"": 3, ""min_child_weight"": 1, ""n_estimators"": 500, ""subsample"": 0.6}"	0.9848484848484849	0.9624999999999999
35	0.8	0.7857142857142857	0.7746031746031745	0.8412698412698413	0.7857142857142857	0.707431663712849	0.7558097312999275	"{""colsample_bynode"": 0.6, ""max_depth"": 2, ""min_child_weight"": 1, ""n_estimators"": 500, ""subsample"": 0.8}"	0.9788961038961039	0.956547619047619
36	0.75	0.7444444444444445	0.7261072261072261	0.7638888888888888	0.7444444444444445	0.6528761044362529	0.8225471085120208	"{""colsample_bynode"": 0.3, ""max_depth"": 2, ""min_child_weight"": 2, ""n_estimators"": 300, ""subsample"": 0.6}"	0.8929292929292929	0.8447474747474747
37	0.7333333333333333	0.7277777777777779	0.7277777777777779	0.7777777777777778	0.7277777777777779	0.6164962023950898	0.8249752426223015	"{""colsample_bynode"": 0.3, ""max_depth"": 3, ""min_child_weight"": 1, ""n_estimators"": 300, ""subsample"": 0.8}"	0.8821997755331089	0.8172619047619047
38	0.9333333333333333	0.9166666666666666	0.9153439153439153	0.9333333333333332	0.9166666666666666	0.9021199601689408	0.7383199159514949	"{""colsample_bynode"": 0.6, ""max_depth"": 3, ""min_child_weight"": 2, ""n_estimators"": 300, ""subsample"": 0.6}"	0.9545454545454546	0.9142857142857141
39	0.8	0.7857142857142857	0.7799145299145299	0.7833333333333333	0.7857142857142857	0.6986956960477685	0.7583419666753	"{""colsample_bynode"": 0.3, ""max_depth"": 3, ""min_child_weight"": 2, ""n_estimators"": 500, ""subsample"": 0.8}"	0.9242424242424242	0.835648148148148
40	0.8666666666666667	0.8333333333333334	0.8222222222222223	0.8888888888888888	0.8333333333333334	0.814618279426917	0.765299823633157	"{""colsample_bynode"": 0.6, ""max_depth"": 2, ""min_child_weight"": 1, ""n_estimators"": 500, ""subsample"": 0.8}"	0.9242424242424242	0.8842592592592592
41	0.875	0.8666666666666667	0.8666666666666667	0.8666666666666667	0.8666666666666667	0.8117647058823529	0.7828924162257495	"{""colsample_bynode"": 0.3, ""max_depth"": 2, ""min_child_weight"": 1, ""n_estimators"": 300, ""subsample"": 0.6}"	0.903030303030303	0.8177777777777777
42	0.8666666666666667	0.8333333333333334	0.8333333333333334	0.9047619047619048	0.8333333333333334	0.8176316179301714	0.7088961510530138	"{""colsample_bynode"": 0.3, ""max_depth"": 2, ""min_child_weight"": 1, ""n_estimators"": 300, ""subsample"": 0.8}"	0.9924242424242425	0.9833333333333334
43	0.6666666666666666	0.6547619047619048	0.611111111111111	0.6666666666666666	0.6547619047619048	0.5439926748615558	0.8272073605406939	"{""colsample_bynode"": 0.3, ""max_depth"": 2, ""min_child_weight"": 1, ""n_estimators"": 300, ""subsample"": 0.6}"	0.9166666666666666	0.8551587301587301
44	0.9333333333333333	0.9166666666666666	0.9153439153439153	0.9333333333333332	0.9166666666666666	0.9021199601689408	0.7147598340580797	"{""colsample_bynode"": 0.3, ""max_depth"": 2, ""min_child_weight"": 1, ""n_estimators"": 500, ""subsample"": 0.6}"	0.9924242424242425	0.9833333333333333
45	0.7333333333333333	0.7023809523809524	0.7023809523809524	0.7023809523809524	0.7023809523809524	0.5833333333333334	0.6922364672364673	"{""colsample_bynode"": 0.3, ""max_depth"": 2, ""min_child_weight"": 1, ""n_estimators"": 300, ""subsample"": 0.6}"	0.9231601731601732	0.8737528344671203
46	0.625	0.6111111111111112	0.611965811965812	0.6214285714285714	0.6111111111111112	0.43455460388333395	0.7745395605044728	"{""colsample_bynode"": 0.3, ""max_depth"": 3, ""min_child_weight"": 1, ""n_estimators"": 300, ""subsample"": 0.8}"	0.8338383838383839	0.758021978021978
47	0.8666666666666667	0.8333333333333334	0.8329448329448329	0.8968253968253969	0.8333333333333334	0.8105830694997388	0.7642857142857142	"{""colsample_bynode"": 0.3, ""max_depth"": 2, ""min_child_weight"": 1, ""n_estimators"": 300, ""subsample"": 0.8}"	1.0	1.0
48	0.7333333333333333	0.7023809523809524	0.698168498168498	0.7222222222222222	0.7023809523809524	0.6041666666666666	0.815418133065192	"{""colsample_bynode"": 0.6, ""max_depth"": 2, ""min_child_weight"": 1, ""n_estimators"": 300, ""subsample"": 0.6}"	0.8636363636363636	0.7960317460317459
49	0.7333333333333333	0.7023809523809524	0.6965811965811967	0.7000000000000001	0.7023809523809524	0.5959463289819201	0.7639612499261622	"{""colsample_bynode"": 0.6, ""max_depth"": 2, ""min_child_weight"": 1, ""n_estimators"": 500, ""subsample"": 0.6}"	0.8939393939393939	0.8412698412698413
50	0.8	0.7857142857142857	0.7724867724867724	0.7746031746031745	0.7857142857142857	0.6923246205947685	0.7158119658119658	"{""colsample_bynode"": 0.6, ""max_depth"": 3, ""min_child_weight"": 1, ""n_estimators"": 500, ""subsample"": 0.6}"	0.9637445887445888	0.9329365079365078
51	0.75	0.7555555555555555	0.7452991452991453	0.7916666666666666	0.7555555555555555	0.654846187598099	0.7503934451818869	"{""colsample_bynode"": 0.3, ""max_depth"": 2, ""min_child_weight"": 2, ""n_estimators"": 500, ""subsample"": 0.8}"	0.8762626262626262	0.8435449735449736
52	0.8	0.75	0.7230769230769231	0.875	0.75	0.7381732441968657	0.8036523208091836	"{""colsample_bynode"": 0.3, ""max_depth"": 2, ""min_child_weight"": 2, ""n_estimators"": 500, ""subsample"": 0.6}"	0.816060606060606	0.7755411255411255
53	0.8	0.75	0.7515873015873016	0.7638888888888888	0.75	0.6859943405700354	0.7669191919191919	"{""colsample_bynode"": 0.3, ""max_depth"": 3, ""min_child_weight"": 1, ""n_estimators"": 300, ""subsample"": 0.6}"	0.9090909090909092	0.8152116402116402
54	0.7333333333333333	0.7023809523809524	0.6984126984126983	0.707936507936508	0.7023809523809524	0.5874269508076824	0.7563527116158695	"{""colsample_bynode"": 0.6, ""max_depth"": 3, ""min_child_weight"": 1, ""n_estimators"": 300, ""subsample"": 0.8}"	0.8793290043290044	0.7861866969009825
55	0.8	0.75	0.7212962962962962	0.8592592592592593	0.75	0.7134453288712006	0.7699903038138333	"{""colsample_bynode"": 0.3, ""max_depth"": 3, ""min_child_weight"": 1, ""n_estimators"": 300, ""subsample"": 0.6}"	0.9848484848484849	0.9624999999999999
56	0.8125	0.7999999999999999	0.7802197802197801	0.875	0.7999999999999999	0.7589507177349952	0.752950752950753	"{""colsample_bynode"": 0.3, ""max_depth"": 2, ""min_child_weight"": 2, ""n_estimators"": 300, ""subsample"": 0.6}"	0.8545454545454545	0.8163817663817664
57	0.8	0.7944444444444444	0.7954545454545454	0.8055555555555555	0.7944444444444444	0.7027027027027027	0.7362718617620579	"{""colsample_bynode"": 0.3, ""max_depth"": 2, ""min_child_weight"": 2, ""n_estimators"": 300, ""subsample"": 0.6}"	0.978675645342312	0.9642857142857143
58	0.8	0.75	0.7212962962962962	0.8592592592592593	0.75	0.7134453288712006	0.75017431733118	"{""colsample_bynode"": 0.3, ""max_depth"": 2, ""min_child_weight"": 2, ""n_estimators"": 300, ""subsample"": 0.6}"	0.8912337662337663	0.843428760393046
59	0.8666666666666667	0.8690476190476191	0.8539886039886039	0.85	0.8690476190476191	0.8014450631136167	0.6182902790745928	"{""colsample_bynode"": 0.3, ""max_depth"": 2, ""min_child_weight"": 1, ""n_estimators"": 300, ""subsample"": 0.6}"	0.9637445887445888	0.9176587301587301
60	0.6666666666666666	0.6547619047619048	0.6481481481481481	0.6666666666666666	0.6547619047619048	0.5103103630798287	0.8343574181809476	"{""colsample_bynode"": 0.3, ""max_depth"": 2, ""min_child_weight"": 1, ""n_estimators"": 300, ""subsample"": 0.8}"	0.8728354978354979	0.7833994708994708
61	0.875	0.8777777777777779	0.8771043771043772	0.9047619047619048	0.8777777777777779	0.8274395882162112	0.7134080993730118	"{""colsample_bynode"": 0.3, ""max_depth"": 2, ""min_child_weight"": 2, ""n_estimators"": 500, ""subsample"": 0.6}"	0.9404040404040405	0.9074338624338624
62	0.8666666666666667	0.8333333333333334	0.8333333333333334	0.9047619047619048	0.8333333333333334	0.8176316179301714	0.7079478255948843	"{""colsample_bynode"": 0.3, ""max_depth"": 2, ""min_child_weight"": 1, ""n_estimators"": 300, ""subsample"": 0.8}"	0.9563636363636364	0.9198412698412698
63	0.7333333333333333	0.7023809523809524	0.7023809523809524	0.7023809523809524	0.7023809523809524	0.5833333333333334	0.7755696010597971	"{""colsample_bynode"": 0.3, ""max_depth"": 2, ""min_child_weight"": 1, ""n_estimators"": 500, ""subsample"": 0.6}"	0.8701298701298702	0.7722978080120937
64	0.6666666666666666	0.6547619047619048	0.6481481481481481	0.6666666666666666	0.6547619047619048	0.5103103630798287	0.7278579807991573	"{""colsample_bynode"": 0.3, ""max_depth"": 2, ""min_child_weight"": 1, ""n_estimators"": 300, ""subsample"": 0.8}"	0.8712121212121211	0.7740079365079365
65	0.8	0.75	0.7212962962962962	0.8592592592592593	0.75	0.7134453288712006	0.767523555449252	"{""colsample_bynode"": 0.3, ""max_depth"": 2, ""min_child_weight"": 2, ""n_estimators"": 300, ""subsample"": 0.6}"	0.9848484848484849	0.9722222222222222
66	0.75	0.7444444444444445	0.7474747474747474	0.7738095238095237	0.7444444444444445	0.636949898842695	0.829008464302582	"{""colsample_bynode"": 0.6, ""max_depth"": 3, ""min_child_weight"": 1, ""n_estimators"": 500, ""subsample"": 0.8}"	0.8606060606060607	0.7992063492063491
67	0.7333333333333333	0.6833333333333332	0.6666666666666666	0.6904761904761904	0.6833333333333332	0.606175165017196	0.8930664107134696	"{""colsample_bynode"": 0.6, ""max_depth"": 3, ""min_child_weight"": 2, ""n_estimators"": 300, ""subsample"": 0.8}"	0.8075757575757576	0.7372474747474747
68	0.8666666666666667	0.8690476190476191	0.8539886039886039	0.85	0.8690476190476191	0.8014450631136167	0.6326584434943568	"{""colsample_bynode"": 0.3, ""max_depth"": 3, ""min_child_weight"": 1, ""n_estimators"": 300, ""subsample"": 0.6}"	0.972943722943723	0.9519179894179893
69	0.8666666666666667	0.8690476190476191	0.8677248677248678	0.8857142857142857	0.8690476190476191	0.7972222903818547	0.7430934715248441	"{""colsample_bynode"": 0.3, ""max_depth"": 2, ""min_child_weight"": 1, ""n_estimators"": 500, ""subsample"": 0.8}"	0.9653679653679653	0.9428004535147392
70	0.8666666666666667	0.8333333333333334	0.8222222222222223	0.8888888888888888	0.8333333333333334	0.814618279426917	0.7119428979078101	"{""colsample_bynode"": 0.3, ""max_depth"": 2, ""min_child_weight"": 1, ""n_estimators"": 500, ""subsample"": 0.8}"	0.9924242424242425	0.9833333333333333
71	0.8125	0.8111111111111112	0.8030303030303031	0.8214285714285715	0.8111111111111112	0.7321947435294531	0.7108067132576936	"{""colsample_bynode"": 0.6, ""max_depth"": 3, ""min_child_weight"": 1, ""n_estimators"": 300, ""subsample"": 0.8}"	0.945959595959596	0.909126984126984
72	0.6666666666666666	0.6555555555555556	0.6572390572390573	0.6888888888888888	0.6555555555555556	0.5135135135135135	0.8602801519468186	"{""colsample_bynode"": 0.3, ""max_depth"": 2, ""min_child_weight"": 1, ""n_estimators"": 300, ""subsample"": 0.8}"	0.8281818181818181	0.779330808080808
73	0.8666666666666667	0.8333333333333334	0.8296296296296296	0.8916666666666666	0.8333333333333334	0.8051091587951025	0.8002023031434796	"{""colsample_bynode"": 0.6, ""max_depth"": 2, ""min_child_weight"": 1, ""n_estimators"": 300, ""subsample"": 0.8}"	0.9426406926406926	0.908078231292517
74	0.9333333333333333	0.9166666666666666	0.9153439153439153	0.9333333333333332	0.9166666666666666	0.9021199601689408	0.7491690408357075	"{""colsample_bynode"": 0.3, ""max_depth"": 2, ""min_child_weight"": 2, ""n_estimators"": 500, ""subsample"": 0.6}"	1.0	1.0
75	0.8	0.7857142857142857	0.7799145299145299	0.7833333333333333	0.7857142857142857	0.6986956960477685	0.7945286376658927	"{""colsample_bynode"": 0.6, ""max_depth"": 3, ""min_child_weight"": 1, ""n_estimators"": 500, ""subsample"": 0.8}"	0.9485930735930735	0.8898809523809522
76	0.6875	0.688888888888889	0.6848484848484849	0.688888888888889	0.688888888888889	0.5352941176470588	0.787497905144964	"{""colsample_bynode"": 0.3, ""max_depth"": 2, ""min_child_weight"": 2, ""n_estimators"": 300, ""subsample"": 0.8}"	0.9343434343434343	0.9087301587301587
77	0.7333333333333333	0.7222222222222222	0.712121212121212	0.7111111111111111	0.7222222222222222	0.6013513513513513	0.781675342201658	"{""colsample_bynode"": 0.3, ""max_depth"": 2, ""min_child_weight"": 1, ""n_estimators"": 500, ""subsample"": 0.6}"	0.9250841750841751	0.8701719576719578
78	0.8	0.75	0.746031746031746	0.7555555555555555	0.75	0.6923246205947685	0.7451833684031827	"{""colsample_bynode"": 0.3, ""max_depth"": 3, ""min_child_weight"": 2, ""n_estimators"": 300, ""subsample"": 0.6}"	0.9242424242424242	0.835648148148148
79	0.9333333333333333	0.9166666666666666	0.9153439153439153	0.9333333333333332	0.9166666666666666	0.9021199601689408	0.7434403105971734	"{""colsample_bynode"": 0.3, ""max_depth"": 2, ""min_child_weight"": 1, ""n_estimators"": 300, ""subsample"": 0.6}"	0.9848484848484849	0.9666666666666665
80	0.8	0.75	0.7111111111111111	0.8472222222222222	0.75	0.7184212081070995	0.7572714322714322	"{""colsample_bynode"": 0.3, ""max_depth"": 2, ""min_child_weight"": 1, ""n_estimators"": 300, ""subsample"": 0.8}"	0.9393939393939394	0.9125
81	0.8125	0.7999999999999999	0.7802197802197801	0.875	0.7999999999999999	0.7589507177349952	0.7885844662160454	"{""colsample_bynode"": 0.3, ""max_depth"": 3, ""min_child_weight"": 1, ""n_estimators"": 300, ""subsample"": 0.8}"	0.9696969696969697	0.9431746031746032
82	0.7333333333333333	0.6944444444444445	0.6744588744588745	0.8518518518518517	0.6944444444444445	0.6507686001624525	0.7758275674942342	"{""colsample_bynode"": 0.3, ""max_depth"": 2, ""min_child_weight"": 1, ""n_estimators"": 300, ""subsample"": 0.8}"	0.9469696969696969	0.8948412698412698
83	0.8	0.7857142857142857	0.7799145299145299	0.7833333333333333	0.7857142857142857	0.6986956960477685	0.7231206090855213	"{""colsample_bynode"": 0.6, ""max_depth"": 3, ""min_child_weight"": 1, ""n_estimators"": 300, ""subsample"": 0.8}"	0.9264069264069263	0.8849664224664223
84	0.8666666666666667	0.8333333333333334	0.8468253968253968	0.875	0.8333333333333334	0.7931809562841035	0.789673906340573	"{""colsample_bynode"": 0.3, ""max_depth"": 2, ""min_child_weight"": 1, ""n_estimators"": 500, ""subsample"": 0.6}"	0.9182900432900433	0.8263888888888888
85	0.8666666666666667	0.8690476190476191	0.8539886039886039	0.85	0.8690476190476191	0.8014450631136167	0.6939950028185322	"{""colsample_bynode"": 0.3, ""max_depth"": 2, ""min_child_weight"": 1, ""n_estimators"": 300, ""subsample"": 0.6}"	0.972943722943723	0.9616402116402116
86	0.6875	0.6666666666666666	0.656084656084656	0.6666666666666666	0.6666666666666666	0.5335783750799326	0.6977355003670792	"{""colsample_bynode"": 0.3, ""max_depth"": 3, ""min_child_weight"": 2, ""n_estimators"": 300, ""subsample"": 0.8}"	0.8848484848484848	0.8006878306878308
87	0.7333333333333333	0.6944444444444445	0.6744588744588745	0.8518518518518517	0.6944444444444445	0.6507686001624525	0.7327320827320828	"{""colsample_bynode"": 0.6, ""max_depth"": 3, ""min_child_weight"": 1, ""n_estimators"": 500, ""subsample"": 0.8}"	0.9327272727272727	0.8698412698412697
88	0.7333333333333333	0.7023809523809524	0.674074074074074	0.6833333333333332	0.7023809523809524	0.5875120888504802	0.7258158508158509	"{""colsample_bynode"": 0.3, ""max_depth"": 3, ""min_child_weight"": 2, ""n_estimators"": 500, ""subsample"": 0.8}"	0.9247835497835498	0.8703257060399917
89	0.7333333333333333	0.6666666666666666	0.5555555555555555	0.5	0.6666666666666666	0.6614378277661476	0.7687726942628904	"{""colsample_bynode"": 0.3, ""max_depth"": 3, ""min_child_weight"": 1, ""n_estimators"": 500, ""subsample"": 0.8}"	0.9772727272727272	0.9458333333333332
90	1.0	1.0	1.0	1.0	1.0	1.0	0.8375145484794607	"{""colsample_bynode"": 0.3, ""max_depth"": 3, ""min_child_weight"": 1, ""n_estimators"": 500, ""subsample"": 0.8}"	1.0	1.0
91	0.9375	0.9333333333333332	0.9326599326599326	0.9444444444444445	0.9333333333333332	0.9112585565374653	0.6780112044817926	"{""colsample_bynode"": 0.3, ""max_depth"": 2, ""min_child_weight"": 1, ""n_estimators"": 300, ""subsample"": 0.6}"	0.9636363636363635	0.945925925925926
92	0.7333333333333333	0.7111111111111111	0.7111111111111111	0.7111111111111111	0.7111111111111111	0.5945945945945946	0.8388990753541837	"{""colsample_bynode"": 0.3, ""max_depth"": 3, ""min_child_weight"": 1, ""n_estimators"": 300, ""subsample"": 0.8}"	0.9350392817059484	0.8761904761904761
93	0.7333333333333333	0.7023809523809524	0.6632478632478632	0.8333333333333334	0.7023809523809524	0.651069219847059	0.7318438823340784	"{""colsample_bynode"": 0.6, ""max_depth"": 2, ""min_child_weight"": 1, ""n_estimators"": 300, ""subsample"": 0.6}"	0.8955627705627704	0.8306878306878307
94	0.9333333333333333	0.9166666666666666	0.9153439153439153	0.9333333333333332	0.9166666666666666	0.9021199601689408	0.7135573490836649	"{""colsample_bynode"": 0.3, ""max_depth"": 2, ""min_child_weight"": 1, ""n_estimators"": 500, ""subsample"": 0.6}"	0.9924242424242425	0.9833333333333333
95	0.7333333333333333	0.7380952380952381	0.7277777777777779	0.75	0.7380952380952381	0.6164962023950898	0.6911948598739105	"{""colsample_bynode"": 0.6, ""max_depth"": 3, ""min_child_weight"": 1, ""n_estimators"": 500, ""subsample"": 0.8}"	0.8760822510822511	0.7719009826152683
96	0.625	0.6	0.5857142857142857	0.6055555555555555	0.6	0.43931850018140384	0.7143528336510793	"{""colsample_bynode"": 0.3, ""max_depth"": 3, ""min_child_weight"": 2, ""n_estimators"": 500, ""subsample"": 0.6}"	0.9272727272727272	0.871984126984127
97	0.7333333333333333	0.7277777777777779	0.7252525252525253	0.75	0.7277777777777779	0.6148648648648649	0.8397122485357779	"{""colsample_bynode"": 0.6, ""max_depth"": 3, ""min_child_weight"": 1, ""n_estimators"": 300, ""subsample"": 0.8}"	0.8727272727272729	0.796984126984127
98	0.7333333333333333	0.7023809523809524	0.6634920634920635	0.6746031746031745	0.7023809523809524	0.600245047998781	0.774158666315529	"{""colsample_bynode"": 0.6, ""max_depth"": 3, ""min_child_weight"": 1, ""n_estimators"": 500, ""subsample"": 0.8}"	0.929112554112554	0.8638888888888889
99	0.8	0.7857142857142857	0.7723387723387724	0.8571428571428571	0.7857142857142857	0.7288689868556626	0.7721781305114638	"{""colsample_bynode"": 0.6, ""max_depth"": 3, ""min_child_weight"": 2, ""n_estimators"": 300, ""subsample"": 0.6}"	0.9410173160173159	0.9102513227513227
100	0.8666666666666667	0.8690476190476191	0.8600732600732601	0.8888888888888888	0.8690476190476191	0.8125	0.7005540936913487	"{""colsample_bynode"": 0.3, ""max_depth"": 3, ""min_child_weight"": 2, ""n_estimators"": 500, ""subsample"": 0.6}"	0.9637445887445887	0.9416666666666665
