species_name	fold	true_label_encoded	predicted_label_encoded	true_label_original	predicted_label_original	probability_class_0	probability_class_1	probability_class_2
Sporopachydermia_lactativora	1	1	1	1	1	0.25253955	0.5186215	0.22883894
Lipomyces_kononenkoae	1	1	1	1	1	0.3578976	0.3769356	0.2651668
Tuber_melanosporum	1	0	0	0	0	0.72261494	0.13606215	0.14132287
Rhodotorula_diobovata	1	2	2	2	2	0.14802027	0.14298323	0.7089965
Kwoniella_bestiolae	1	1	1	1	1	0.120091975	0.7632722	0.11663586
Candida_albicans	1	2	1	2	1	0.14106643	0.65558404	0.20334953
Pyrenophora_teres	1	0	0	0	0	0.73414046	0.094922304	0.17093726
Umbelopsis_vinacea	1	0	0	0	0	0.5022887	0.24032788	0.25738338
Calocera_viscosa	1	0	0	0	0	0.70858127	0.16152391	0.12989482
Lachancea_nothofagi	1	1	1	1	1	0.122959755	0.7351178	0.14192243
Ganoderma_leucocontextum	1	0	0	0	0	0.8015043	0.09272091	0.105774835
Exobasidium_rhododendri	1	0	2	0	2	0.15365116	0.16449118	0.68185765
Alloascoidea_africana	1	2	1	2	1	0.19616275	0.48341537	0.32042184
Cutaneotrichosporon_oleaginosum	1	2	1	2	1	0.16376896	0.6259667	0.21026435
Cryptococcus_amylolentus	1	2	1	2	1	0.15658218	0.7138805	0.12953736
Lipomyces_chichibuensis	1	1	1	1	1	0.37384936	0.39135873	0.2347919
Glomus_cerebriforme	2	0	0	0	0	0.60659736	0.18749468	0.20590797
Acaromyces_ingoldii	2	2	0	2	0	0.3810852	0.25428772	0.36462706
Saccharomyces_cerevisiae	2	1	1	1	1	0.13279343	0.62642515	0.24078138
Ustilago_maydis	2	2	2	2	2	0.17819044	0.2833022	0.53850734
Exophiala_viscosa	2	2	0	2	0	0.53128934	0.13550146	0.3332092
Puccinia_striiformis	2	0	0	0	0	0.53455365	0.23281424	0.2326321
Tilletia_walkeri	2	0	2	0	2	0.29091695	0.32121673	0.38786632
Pneumocystis_jirovecii	2	1	1	1	1	0.10923876	0.7611933	0.12956794
Kwoniella_pini	2	1	1	1	1	0.15011954	0.6632109	0.18666954
Abortiporus_biennis	2	0	0	0	0	0.78146595	0.101193644	0.11734041
Tortispora_agaves	2	1	1	1	1	0.19921602	0.4636262	0.3371578
Penicillium_canescens	2	0	0	0	0	0.63793725	0.13206226	0.23000047
Septoria_linicola	2	0	0	0	0	0.554308	0.12158766	0.3241043
Malassezia_restricta	2	1	1	1	1	0.10114281	0.7631464	0.13571085
Rhodotorula_graminis	2	2	2	2	2	0.18376933	0.16434725	0.6518834
Neolecta_irregularis	3	0	1	0	1	0.32766387	0.4225295	0.24980669
Neurospora_crassa	3	0	0	0	0	0.72951293	0.10224492	0.16824214
Kalmanozyma_brasiliensis	3	1	2	1	2	0.13290371	0.12272625	0.74437004
Amorphotheca_resinae	3	0	0	0	0	0.6542584	0.12658857	0.21915309
Cronartium_quercuum	3	0	0	0	0	0.6117327	0.18606952	0.20219778
Rhynchosporium_commune	3	0	0	0	0	0.70018214	0.09645237	0.20336549
Microbotryum_saponariae	3	2	2	2	2	0.24854249	0.16793767	0.5835198
Kwoniella_dejecticola	3	1	1	1	1	0.144762	0.6471061	0.20813192
Yarrowia_lipolytica	3	2	1	2	1	0.17405185	0.56898105	0.25696713
Malassezia_japonica	3	1	1	1	1	0.12578052	0.7342216	0.13999785
Penicillium_ucsense	3	0	0	0	0	0.53006667	0.17183527	0.29809803
Schizosaccharomyces_pombe	3	1	1	1	1	0.10029016	0.7923847	0.10732521
Aspergillus_niger	3	0	0	0	0	0.5512954	0.16195455	0.28675008
Rhodotorula_paludigena	3	2	2	2	2	0.17629655	0.13983296	0.6838705
Aureobasidium_pullulans	3	2	2	2	2	0.29136595	0.17280735	0.5358267
Malassezia_sympodialis	4	1	1	1	1	0.11129765	0.7673275	0.12137486
Pneumocystis_carinii	4	1	1	1	1	0.117833674	0.7651228	0.11704355
Geopyxis_carbonaria	4	0	0	0	0	0.764111	0.10746146	0.12842761
Peziza_echinospora	4	0	0	0	0	0.7117397	0.14324307	0.1450172
Saccharomycopsis_selenospora	4	2	1	2	1	0.122457705	0.67311305	0.20442927
Schizosaccharomyces_osmophilus	4	1	1	1	1	0.09517052	0.80244637	0.10238312
Boletus_edulis	4	0	0	0	0	0.73427874	0.1259086	0.13981266
Morchella_snyderi	4	0	0	0	0	0.7517593	0.11010407	0.13813667
Sporisorium_reilianum	4	2	2	2	2	0.21370114	0.33884564	0.44745317
Debaryomyces_udenii	4	1	1	1	1	0.17120816	0.49125728	0.33753455
Melampsora_larici	4	0	0	0	0	0.59788895	0.2036602	0.19845088
Daedalea_quercina	4	0	0	0	0	0.7531464	0.11105976	0.1357938
Kalaharituber_pfeilii	4	0	0	0	0	0.7613537	0.1065191	0.13212721
Moesziomyces_aphidis	4	2	2	2	2	0.22166406	0.3149035	0.46343237
Aureobasidium_thailandense	4	2	2	2	2	0.3688569	0.14673378	0.48440924
Schizosaccharomyces_octosporus	5	1	1	1	1	0.0981043	0.80485827	0.09703739
Pholiota_conissans	5	0	0	0	0	0.79281867	0.097914174	0.10926717
Trichoderma_asperellum	5	0	0	0	0	0.7315406	0.11926828	0.14919111
Kwoniella_shandongensis	5	1	1	1	1	0.22856002	0.44402263	0.32741737
Taphrina_deformans	5	2	1	2	1	0.31276187	0.4765073	0.21073082
Nakazawaea_anatomiae	5	1	1	1	1	0.12958051	0.6546911	0.2157284
Calocera_cornea	5	0	0	0	0	0.711824	0.1241396	0.1640364
Rhodotorula_toruloides	5	2	2	2	2	0.12665021	0.119838096	0.7535117
Terfezia_boudieri	5	0	0	0	0	0.7042504	0.14116348	0.15458614
Schizosaccharomyces_cryophilus	5	1	1	1	1	0.0981536	0.8034252	0.09842123
Tirmania_nivea	5	0	0	0	0	0.749232	0.12542245	0.12534557
Sphaerosporella_brunnea	5	0	0	0	0	0.7935664	0.10207597	0.10435763
Pleurotus_ostreatus	5	0	0	0	0	0.80743694	0.09094644	0.10161658
Protomyces_lactucae	5	2	1	2	1	0.21029186	0.6134972	0.17621094
Aureobasidium_melanogenum	5	2	2	2	2	0.35474795	0.14301541	0.5022366
Malassezia_sympodialis	6	1	1	1	1	0.122859776	0.7437203	0.13341989
Kwoniella_shandongensis	6	1	1	1	1	0.20085639	0.41591242	0.38323125
Exophiala_viscosa	6	2	0	2	0	0.6230965	0.12323798	0.25366548
Puccinia_striiformis	6	0	0	0	0	0.55352885	0.2076249	0.23884623
Saccharomycopsis_selenospora	6	2	1	2	1	0.1115896	0.7351101	0.15330029
Taphrina_deformans	6	2	1	2	1	0.3189714	0.34375858	0.33727002
Yarrowia_lipolytica	6	2	1	2	1	0.16255991	0.5957042	0.24173586
Calocera_cornea	6	0	0	0	0	0.7066089	0.12391286	0.1694782
Exobasidium_rhododendri	6	0	2	0	2	0.21172033	0.19798869	0.590291
Malassezia_japonica	6	1	1	1	1	0.13554612	0.7198486	0.14460528
Abortiporus_biennis	6	0	0	0	0	0.78636366	0.097263955	0.11637246
Tortispora_agaves	6	1	1	1	1	0.17861782	0.6066057	0.2147765
Penicillium_canescens	6	0	0	0	0	0.6435908	0.11768687	0.23872234
Penicillium_ucsense	6	0	0	0	0	0.6751989	0.12089862	0.20390242
Lipomyces_chichibuensis	6	1	1	1	1	0.16192642	0.69664395	0.14142965
Aureobasidium_melanogenum	6	2	0	2	0	0.5420579	0.117175214	0.34076688
Schizosaccharomyces_octosporus	7	1	1	1	1	0.09645225	0.7992318	0.10431586
Pneumocystis_carinii	7	1	1	1	1	0.10651354	0.77705693	0.116429545
Peziza_echinospora	7	0	0	0	0	0.67426366	0.160768	0.1649683
Amorphotheca_resinae	7	0	0	0	0	0.6701077	0.14196895	0.18792337
Rhynchosporium_commune	7	0	0	0	0	0.7127713	0.09326103	0.19396767
Morchella_snyderi	7	0	0	0	0	0.70415777	0.13368416	0.16215809
Candida_albicans	7	2	1	2	1	0.1773626	0.44872245	0.3739149
Nakazawaea_anatomiae	7	1	1	1	1	0.16654618	0.5260606	0.30739322
Lachancea_nothofagi	7	1	1	1	1	0.10916071	0.70757097	0.18326834
Debaryomyces_udenii	7	1	1	1	1	0.17120169	0.48090056	0.3478978
Melampsora_larici	7	0	0	0	0	0.6502372	0.16775239	0.1820104
Rhodotorula_toruloides	7	2	2	2	2	0.2749918	0.18832833	0.53667986
Tirmania_nivea	7	0	0	0	0	0.6917204	0.14452314	0.16375639
Rhodotorula_graminis	7	2	2	2	2	0.25225398	0.2167029	0.5310431
Rhodotorula_paludigena	7	2	2	2	2	0.27915785	0.2101738	0.5106684
Glomus_cerebriforme	8	0	0	0	0	0.5573774	0.21919614	0.22342648
Geopyxis_carbonaria	8	0	0	0	0	0.76785564	0.11157141	0.120572954
Acaromyces_ingoldii	8	2	0	2	0	0.45978138	0.18326768	0.35695097
Saccharomyces_cerevisiae	8	1	1	1	1	0.13471378	0.66502404	0.20026217
Lipomyces_kononenkoae	8	1	1	1	1	0.23453318	0.56152767	0.20393918
Pneumocystis_jirovecii	8	1	1	1	1	0.118944734	0.7664789	0.1145764
Kwoniella_bestiolae	8	1	1	1	1	0.14918543	0.6456384	0.20517614
Pyrenophora_teres	8	0	0	0	0	0.6821268	0.111936495	0.20593672
Calocera_viscosa	8	0	0	0	0	0.6719426	0.15311578	0.17494163
Daedalea_quercina	8	0	0	0	0	0.7632696	0.11000536	0.12672503
Cutaneotrichosporon_oleaginosum	8	2	1	2	1	0.21330884	0.50574696	0.28094417
Septoria_linicola	8	0	0	0	0	0.58855635	0.11756024	0.29388338
Aspergillus_niger	8	0	0	0	0	0.6435569	0.14533618	0.2111069
Aureobasidium_pullulans	8	2	0	2	0	0.47360462	0.1471672	0.3792282
Aureobasidium_thailandense	8	2	0	2	0	0.49455953	0.1284347	0.37700576
Pholiota_conissans	9	0	0	0	0	0.8040864	0.09448777	0.10142579
Ustilago_maydis	9	2	2	2	2	0.18139951	0.16805723	0.6505432
Neolecta_irregularis	9	0	1	0	1	0.26322585	0.40964803	0.3271261
Kalmanozyma_brasiliensis	9	1	2	1	2	0.17286159	0.15204366	0.6750948
Tuber_melanosporum	9	0	0	0	0	0.7553113	0.12223229	0.12245647
Cronartium_quercuum	9	0	0	0	0	0.6945938	0.15514468	0.15026149
Kwoniella_pini	9	1	1	1	1	0.17693499	0.65058386	0.17248115
Microbotryum_saponariae	9	2	2	2	2	0.2487914	0.17043163	0.580777
Kwoniella_dejecticola	9	1	1	1	1	0.16360912	0.6709575	0.1654334
Sporisorium_reilianum	9	2	2	2	2	0.1837689	0.1616374	0.65459365
Schizosaccharomyces_cryophilus	9	1	1	1	1	0.09090839	0.8173795	0.091712095
Sphaerosporella_brunnea	9	0	0	0	0	0.799675	0.09614745	0.10417756
Kalaharituber_pfeilii	9	0	0	0	0	0.8064524	0.09311739	0.10043027
Pleurotus_ostreatus	9	0	0	0	0	0.8052357	0.09393171	0.10083259
Cryptococcus_amylolentus	9	2	1	2	1	0.23015572	0.5666292	0.20321508
Sporopachydermia_lactativora	10	1	1	1	1	0.14437595	0.62699366	0.22863041
Trichoderma_asperellum	10	0	0	0	0	0.7184082	0.106018454	0.17557333
Neurospora_crassa	10	0	0	0	0	0.752091	0.0997054	0.14820358
Tilletia_walkeri	10	0	2	0	2	0.27984595	0.32219866	0.39795545
Rhodotorula_diobovata	10	2	2	2	2	0.15142864	0.16399327	0.68457806
Schizosaccharomyces_osmophilus	10	1	1	1	1	0.0935187	0.80862504	0.09785632
Boletus_edulis	10	0	0	0	0	0.68746597	0.15183593	0.16069813
Umbelopsis_vinacea	10	0	0	0	0	0.422164	0.24394144	0.33389458
Ganoderma_leucocontextum	10	0	0	0	0	0.79090244	0.10268521	0.106412336
Alloascoidea_africana	10	2	2	2	2	0.21274623	0.3591322	0.42812157
Terfezia_boudieri	10	0	0	0	0	0.70994186	0.14593436	0.14412381
Schizosaccharomyces_pombe	10	1	1	1	1	0.11281756	0.77422374	0.11295873
Protomyces_lactucae	10	2	1	2	1	0.20208222	0.5172324	0.2806854
Malassezia_restricta	10	1	1	1	1	0.095309466	0.800978	0.103712566
Moesziomyces_aphidis	10	2	2	2	2	0.1720047	0.2199501	0.6080452
Pholiota_conissans	11	0	0	0	0	0.7996037	0.09283926	0.10755701
Trichoderma_asperellum	11	0	0	0	0	0.7608731	0.10797102	0.13115595
Lipomyces_kononenkoae	11	1	1	1	1	0.2886615	0.4730015	0.23833694
Exophiala_viscosa	11	2	0	2	0	0.47953877	0.10232058	0.4181407
Kalmanozyma_brasiliensis	11	1	2	1	2	0.11412673	0.1110271	0.7748462
Tuber_melanosporum	11	0	0	0	0	0.73618543	0.12232709	0.1414875
Rhodotorula_diobovata	11	2	2	2	2	0.14990748	0.13849244	0.71160007
Cronartium_quercuum	11	0	0	0	0	0.6188432	0.18518564	0.19597118
Kwoniella_dejecticola	11	1	1	1	1	0.11497676	0.7500984	0.1349248
Candida_albicans	11	2	1	2	1	0.14431834	0.66820884	0.18747285
Lachancea_nothofagi	11	1	1	1	1	0.10458136	0.7771123	0.11830633
Cutaneotrichosporon_oleaginosum	11	2	1	2	1	0.18189713	0.51125324	0.30684963
Terfezia_boudieri	11	0	0	0	0	0.74102175	0.11844029	0.14053796
Septoria_linicola	11	0	2	0	2	0.43053487	0.09871066	0.4707545
Protomyces_lactucae	11	2	1	2	1	0.22361057	0.48148778	0.2949017
Lipomyces_chichibuensis	11	1	1	1	1	0.27563408	0.49317843	0.23118745
Sporopachydermia_lactativora	12	1	1	1	1	0.19819987	0.4235274	0.3782727
Malassezia_sympodialis	12	1	1	1	1	0.14046665	0.69596064	0.1635727
Ustilago_maydis	12	2	2	2	2	0.1997011	0.2162004	0.5840985
Amorphotheca_resinae	12	0	0	0	0	0.64651716	0.13952953	0.21395329
Rhynchosporium_commune	12	0	0	0	0	0.6807511	0.10718102	0.2120679
Taphrina_deformans	12	2	1	2	1	0.3099101	0.35127342	0.33881652
Kwoniella_bestiolae	12	1	1	1	1	0.16957542	0.5594056	0.27101895
Ganoderma_leucocontextum	12	0	0	0	0	0.7467506	0.11183995	0.14140943
Abortiporus_biennis	12	0	0	0	0	0.7230071	0.11337208	0.16362087
Tortispora_agaves	12	1	1	1	1	0.22836116	0.39288792	0.37875095
Pleurotus_ostreatus	12	0	0	0	0	0.74442613	0.110886745	0.14468713
Malassezia_restricta	12	1	1	1	1	0.13865303	0.7008112	0.16053577
Rhodotorula_graminis	12	2	2	2	2	0.17444618	0.14801979	0.67753404
Aspergillus_niger	12	0	0	0	0	0.6216285	0.123232864	0.25513858
Aureobasidium_pullulans	12	2	2	2	2	0.38312525	0.14810982	0.46876496
Geopyxis_carbonaria	13	0	0	0	0	0.7518025	0.106643476	0.14155403
Acaromyces_ingoldii	13	2	2	2	2	0.37096563	0.23065315	0.39838126
Saccharomyces_cerevisiae	13	1	1	1	1	0.11610528	0.7145941	0.16930066
Puccinia_striiformis	13	0	0	0	0	0.47594118	0.29667798	0.22738086
Saccharomycopsis_selenospora	13	2	1	2	1	0.123126686	0.69321233	0.18366101
Tilletia_walkeri	13	0	2	0	2	0.30855176	0.28673953	0.4047087
Schizosaccharomyces_osmophilus	13	1	1	1	1	0.10496771	0.79189163	0.103140675
Microbotryum_saponariae	13	2	2	2	2	0.22782175	0.20579962	0.56637865
Yarrowia_lipolytica	13	2	1	2	1	0.18129744	0.6303856	0.18831696
Nakazawaea_anatomiae	13	1	1	1	1	0.14924875	0.63938254	0.21136872
Calocera_cornea	13	0	0	0	0	0.6144336	0.17736122	0.20820521
Malassezia_japonica	13	1	1	1	1	0.11337661	0.7563666	0.1302568
Daedalea_quercina	13	0	0	0	0	0.7513094	0.11988827	0.12880233
Penicillium_canescens	13	0	0	0	0	0.6306951	0.11577544	0.25352946
Tirmania_nivea	13	0	0	0	0	0.7316978	0.13283165	0.13547055
Glomus_cerebriforme	14	0	0	0	0	0.5126023	0.2102852	0.2771125
Peziza_echinospora	14	0	0	0	0	0.7946521	0.10236102	0.10298685
Neurospora_crassa	14	0	0	0	0	0.7717301	0.09766695	0.13060288
Pneumocystis_jirovecii	14	1	1	1	1	0.10108742	0.79195136	0.10696116
Pyrenophora_teres	14	0	0	0	0	0.74524015	0.09573643	0.15902339
Umbelopsis_vinacea	14	0	2	0	2	0.37170604	0.21120904	0.41708496
Sporisorium_reilianum	14	2	2	2	2	0.14291357	0.35535043	0.501736
Exobasidium_rhododendri	14	0	2	0	2	0.16709173	0.21817338	0.6147349
Debaryomyces_udenii	14	1	2	1	2	0.16686612	0.29722455	0.53590935
Schizosaccharomyces_cryophilus	14	1	1	1	1	0.09297061	0.8007415	0.10628793
Sphaerosporella_brunnea	14	0	0	0	0	0.7865592	0.08741409	0.12602662
Schizosaccharomyces_pombe	14	1	1	1	1	0.107611254	0.7722937	0.12009503
Moesziomyces_aphidis	14	2	2	2	2	0.15642586	0.31052902	0.5330451
Rhodotorula_paludigena	14	2	2	2	2	0.26494598	0.14542073	0.5896333
Aureobasidium_melanogenum	14	2	2	2	2	0.30639315	0.12577675	0.5678301
Schizosaccharomyces_octosporus	15	1	1	1	1	0.09402456	0.804525	0.10145036
Pneumocystis_carinii	15	1	1	1	1	0.103622355	0.78829646	0.108081214
Neolecta_irregularis	15	0	1	0	1	0.2880252	0.41296715	0.29900765
Kwoniella_shandongensis	15	1	1	1	1	0.2451874	0.4531835	0.30162907
Boletus_edulis	15	0	0	0	0	0.74609065	0.12661842	0.12729093
Kwoniella_pini	15	1	1	1	1	0.15083075	0.6693329	0.17983636
Morchella_snyderi	15	0	0	0	0	0.7614007	0.10397645	0.13462283
Calocera_viscosa	15	0	0	0	0	0.7523954	0.119801424	0.12780322
Melampsora_larici	15	0	0	0	0	0.63247854	0.19190185	0.17561965
Rhodotorula_toruloides	15	2	2	2	2	0.13398892	0.12461512	0.741396
Alloascoidea_africana	15	2	1	2	1	0.3095379	0.3775635	0.3128986
Penicillium_ucsense	15	0	0	0	0	0.5976155	0.17412257	0.22826196
Kalaharituber_pfeilii	15	0	0	0	0	0.80239224	0.09179425	0.10581352
Cryptococcus_amylolentus	15	2	1	2	1	0.21656276	0.5579729	0.22546434
Aureobasidium_thailandense	15	2	2	2	2	0.22959968	0.14483735	0.62556297
Acaromyces_ingoldii	16	2	0	2	0	0.53766733	0.17290442	0.28942826
Exophiala_viscosa	16	2	0	2	0	0.70611364	0.12274649	0.17113987
Kalmanozyma_brasiliensis	16	1	2	1	2	0.111125045	0.102267504	0.7866074
Amorphotheca_resinae	16	0	0	0	0	0.7721319	0.10407776	0.12379036
Tilletia_walkeri	16	0	2	0	2	0.34006852	0.2818796	0.37805194
Boletus_edulis	16	0	0	0	0	0.65515333	0.17911303	0.16573368
Kwoniella_dejecticola	16	1	1	1	1	0.1301695	0.67120034	0.19863021
Nakazawaea_anatomiae	16	1	1	1	1	0.13491072	0.5428063	0.32228297
Debaryomyces_udenii	16	1	2	1	2	0.19467328	0.26766706	0.53765965
Daedalea_quercina	16	0	0	0	0	0.7694648	0.11093281	0.11960242
Penicillium_ucsense	16	0	0	0	0	0.6185541	0.15269838	0.22874746
Protomyces_lactucae	16	2	1	2	1	0.16787148	0.54578054	0.286348
Lipomyces_chichibuensis	16	1	1	1	1	0.19738495	0.54510295	0.25751206
Aspergillus_niger	16	0	0	0	0	0.5884972	0.15307935	0.25842342
Aureobasidium_pullulans	16	2	0	2	0	0.562266	0.16367014	0.27406386
Aureobasidium_thailandense	16	2	0	2	0	0.55302715	0.14939135	0.29758152
Schizosaccharomyces_octosporus	17	1	1	1	1	0.0987223	0.80134887	0.09992888
Pneumocystis_carinii	17	1	1	1	1	0.11032785	0.7932946	0.096377574
Peziza_echinospora	17	0	0	0	0	0.66147655	0.22048187	0.11804155
Kwoniella_shandongensis	17	1	1	1	1	0.1717514	0.63903695	0.18921164
Taphrina_deformans	17	2	0	2	0	0.39975598	0.27445364	0.32579038
Candida_albicans	17	2	1	2	1	0.18430527	0.58922267	0.22647208
Lachancea_nothofagi	17	1	1	1	1	0.09937688	0.75214976	0.14847334
Ganoderma_leucocontextum	17	0	0	0	0	0.77477825	0.09532788	0.12989384
Abortiporus_biennis	17	0	0	0	0	0.78119653	0.096913725	0.12188977
Tortispora_agaves	17	1	1	1	1	0.24730235	0.37643057	0.37626702
Sphaerosporella_brunnea	17	0	0	0	0	0.7932994	0.092945784	0.11375481
Kalaharituber_pfeilii	17	0	0	0	0	0.79164463	0.10060611	0.10774922
Pleurotus_ostreatus	17	0	0	0	0	0.78964305	0.09848001	0.11187691
Cryptococcus_amylolentus	17	2	1	2	1	0.18076646	0.6526501	0.1665834
Rhodotorula_graminis	17	2	2	2	2	0.2375777	0.20793214	0.5544902
Trichoderma_asperellum	18	0	0	0	0	0.74697196	0.10994533	0.14308268
Ustilago_maydis	18	2	1	2	1	0.18002053	0.42317393	0.39680558
Puccinia_striiformis	18	0	0	0	0	0.58165973	0.21561913	0.2027212
Schizosaccharomyces_osmophilus	18	1	1	1	1	0.09112625	0.81713563	0.09173813
Kwoniella_pini	18	1	1	1	1	0.15580158	0.65205055	0.19214785
Morchella_snyderi	18	0	0	0	0	0.7994941	0.094449274	0.10605658
Microbotryum_saponariae	18	2	2	2	2	0.2605771	0.20636053	0.5330624
Kwoniella_bestiolae	18	1	1	1	1	0.1520652	0.65024424	0.19769053
Pyrenophora_teres	18	0	0	0	0	0.71011406	0.09138637	0.19849959
Sporisorium_reilianum	18	2	1	2	1	0.1766488	0.44343194	0.3799193
Exobasidium_rhododendri	18	0	2	0	2	0.1706203	0.22883296	0.6005467
Melampsora_larici	18	0	0	0	0	0.61518556	0.19595824	0.18885621
Penicillium_canescens	18	0	0	0	0	0.6537657	0.11715575	0.22907856
Cutaneotrichosporon_oleaginosum	18	2	1	2	1	0.25128755	0.498421	0.25029147
Schizosaccharomyces_pombe	18	1	1	1	1	0.115345165	0.76490927	0.11974554
Sporopachydermia_lactativora	19	1	1	1	1	0.15409732	0.5721444	0.2737583
Pholiota_conissans	19	0	0	0	0	0.7728749	0.10182404	0.12530106
Lipomyces_kononenkoae	19	1	1	1	1	0.21517557	0.5528175	0.23200688
Saccharomycopsis_selenospora	19	2	1	2	1	0.13818358	0.66171455	0.20010188
Cronartium_quercuum	19	0	0	0	0	0.54965955	0.22745499	0.22288544
Rhynchosporium_commune	19	0	0	0	0	0.63633204	0.11277369	0.2508943
Umbelopsis_vinacea	19	0	0	0	0	0.47334117	0.22761886	0.29903996
Calocera_viscosa	19	0	0	0	0	0.64757365	0.16008237	0.19234398
Malassezia_japonica	19	1	1	1	1	0.116272956	0.76011515	0.12361187
Rhodotorula_toruloides	19	2	2	2	2	0.1728737	0.15639998	0.6707263
Terfezia_boudieri	19	0	0	0	0	0.6577578	0.16655843	0.17568369
Schizosaccharomyces_cryophilus	19	1	1	1	1	0.10162781	0.7931885	0.10518365
Tirmania_nivea	19	0	0	0	0	0.6897502	0.15524743	0.15500236
Moesziomyces_aphidis	19	2	2	2	2	0.19328804	0.22899	0.57772195
Aureobasidium_melanogenum	19	2	0	2	0	0.45427334	0.12984985	0.4158768
Malassezia_sympodialis	20	1	1	1	1	0.11045426	0.7574637	0.13208205
Glomus_cerebriforme	20	0	0	0	0	0.5035793	0.23934533	0.25707534
Geopyxis_carbonaria	20	0	0	0	0	0.777165	0.10865225	0.11418277
Saccharomyces_cerevisiae	20	1	1	1	1	0.124065384	0.7165028	0.15943186
Neolecta_irregularis	20	0	1	0	1	0.24422014	0.45432433	0.30145556
Neurospora_crassa	20	0	0	0	0	0.77183884	0.092342615	0.13581853
Tuber_melanosporum	20	0	0	0	0	0.72221345	0.13300256	0.144784
Rhodotorula_diobovata	20	2	2	2	2	0.16677289	0.15380622	0.6794209
Pneumocystis_jirovecii	20	1	1	1	1	0.108112276	0.775348	0.116539724
Yarrowia_lipolytica	20	2	1	2	1	0.15576543	0.65437317	0.18986137
Calocera_cornea	20	0	0	0	0	0.73269874	0.12826677	0.1390345
Alloascoidea_africana	20	2	1	2	1	0.25418797	0.45290408	0.29290798
Septoria_linicola	20	0	2	0	2	0.4209493	0.11944404	0.45960668
Malassezia_restricta	20	1	1	1	1	0.10699763	0.75979865	0.13320374
Rhodotorula_paludigena	20	2	2	2	2	0.1633681	0.1805405	0.6560914
Malassezia_sympodialis	21	1	1	1	1	0.11746501	0.7661144	0.11642055
Pneumocystis_carinii	21	1	1	1	1	0.12167405	0.761024	0.11730195
Acaromyces_ingoldii	21	2	0	2	0	0.43279368	0.20895047	0.3582558
Kwoniella_shandongensis	21	1	1	1	1	0.20802924	0.49965942	0.29231137
Tuber_melanosporum	21	0	0	0	0	0.7635883	0.11491117	0.12150053
Schizosaccharomyces_osmophilus	21	1	1	1	1	0.09321106	0.8163585	0.09043039
Cronartium_quercuum	21	0	0	0	0	0.582028	0.2055182	0.21245383
Candida_albicans	21	2	1	2	1	0.1630368	0.5576842	0.279279
Ganoderma_leucocontextum	21	0	0	0	0	0.7693156	0.10367873	0.12700564
Debaryomyces_udenii	21	1	1	1	1	0.15970403	0.5800413	0.26025468
Abortiporus_biennis	21	0	0	0	0	0.7873544	0.09770496	0.11494059
Cutaneotrichosporon_oleaginosum	21	2	1	2	1	0.25518888	0.4283992	0.3164119
Terfezia_boudieri	21	0	0	0	0	0.7394889	0.11995358	0.14055756
Sphaerosporella_brunnea	21	0	0	0	0	0.79333794	0.09332235	0.11333972
Moesziomyces_aphidis	21	2	2	2	2	0.21983965	0.24031094	0.5398494
Aureobasidium_melanogenum	21	2	2	2	2	0.40753222	0.13587873	0.45658907
Pholiota_conissans	22	0	0	0	0	0.77693045	0.10048542	0.122584194
Trichoderma_asperellum	22	0	0	0	0	0.7382701	0.10946401	0.1522659
Exophiala_viscosa	22	2	0	2	0	0.56663257	0.12166385	0.31170356
Puccinia_striiformis	22	0	0	0	0	0.5754371	0.23698628	0.18757658
Kalmanozyma_brasiliensis	22	1	2	1	2	0.11418397	0.11434613	0.7714699
Pneumocystis_jirovecii	22	1	1	1	1	0.11073325	0.7740982	0.11516851
Morchella_snyderi	22	0	0	0	0	0.78759116	0.09507275	0.117336154
Microbotryum_saponariae	22	2	2	2	2	0.24634455	0.16921479	0.5844407
Kwoniella_bestiolae	22	1	1	1	1	0.15824354	0.6281877	0.21356875
Nakazawaea_anatomiae	22	1	1	1	1	0.16174653	0.54910034	0.28915313
Exobasidium_rhododendri	22	0	2	0	2	0.19422755	0.1694626	0.63630986
Septoria_linicola	22	0	0	0	0	0.5464448	0.11382683	0.33972842
Schizosaccharomyces_pombe	22	1	1	1	1	0.10102159	0.79248637	0.10649198
Rhodotorula_graminis	22	2	2	2	2	0.18894047	0.18063611	0.6304234
Aureobasidium_pullulans	22	2	2	2	2	0.3610993	0.14531976	0.4935809
Schizosaccharomyces_octosporus	23	1	1	1	1	0.10072966	0.78774303	0.11152725
Glomus_cerebriforme	23	0	0	0	0	0.55888647	0.23162283	0.20949073
Geopyxis_carbonaria	23	0	0	0	0	0.7286376	0.10324925	0.16811314
Saccharomyces_cerevisiae	23	1	1	1	1	0.10920381	0.73185176	0.1589444
Lipomyces_kononenkoae	23	1	1	1	1	0.2049335	0.6104788	0.18458769
Neurospora_crassa	23	0	0	0	0	0.69692814	0.117788315	0.18528354
Saccharomycopsis_selenospora	23	2	1	2	1	0.120742336	0.7041582	0.17509948
Tilletia_walkeri	23	0	2	0	2	0.2675119	0.27431476	0.45817336
Rhodotorula_diobovata	23	2	2	2	2	0.13990997	0.12409136	0.73599863
Rhynchosporium_commune	23	0	0	0	0	0.58785236	0.10634019	0.30580744
Boletus_edulis	23	0	0	0	0	0.7459916	0.124069765	0.12993869
Pyrenophora_teres	23	0	0	0	0	0.6544119	0.09675414	0.24883391
Sporisorium_reilianum	23	2	2	2	2	0.17047521	0.25121552	0.57830924
Malassezia_restricta	23	1	1	1	1	0.10432986	0.7886101	0.10706001
Aureobasidium_thailandense	23	2	2	2	2	0.32774562	0.12199541	0.55025893
Peziza_echinospora	24	0	0	0	0	0.687424	0.1869963	0.12557976
Ustilago_maydis	24	2	2	2	2	0.20285499	0.24525471	0.5518903
Amorphotheca_resinae	24	0	0	0	0	0.63945186	0.1458135	0.2147347
Kwoniella_pini	24	1	1	1	1	0.20256542	0.44718468	0.35024992
Kwoniella_dejecticola	24	1	1	1	1	0.20391433	0.45058718	0.34549847
Yarrowia_lipolytica	24	2	1	2	1	0.17742087	0.6464994	0.17607978
Umbelopsis_vinacea	24	0	0	0	0	0.4951431	0.22447711	0.2803798
Melampsora_larici	24	0	0	0	0	0.5643594	0.2168532	0.21878742
Tortispora_agaves	24	1	1	1	1	0.2431867	0.4822039	0.2746094
Daedalea_quercina	24	0	0	0	0	0.7673317	0.11580882	0.11685946
Alloascoidea_africana	24	2	1	2	1	0.19275609	0.5798751	0.22736882
Schizosaccharomyces_cryophilus	24	1	1	1	1	0.116513066	0.7645828	0.11890409
Tirmania_nivea	24	0	0	0	0	0.7093115	0.15174222	0.13894628
Kalaharituber_pfeilii	24	0	0	0	0	0.76056784	0.1192426	0.12018954
Protomyces_lactucae	24	2	1	2	1	0.25535673	0.38041994	0.36422327
Sporopachydermia_lactativora	25	1	1	1	1	0.18695444	0.46368578	0.34935984
Neolecta_irregularis	25	0	1	0	1	0.3302171	0.43750116	0.23228176
Taphrina_deformans	25	2	1	2	1	0.29035565	0.38560456	0.3240398
Calocera_viscosa	25	0	0	0	0	0.6122798	0.194747	0.19297323
Lachancea_nothofagi	25	1	1	1	1	0.124086946	0.6256769	0.25023615
Calocera_cornea	25	0	0	0	0	0.5869296	0.19644077	0.21662965
Malassezia_japonica	25	1	1	1	1	0.12181492	0.7571519	0.121033184
Rhodotorula_toruloides	25	2	2	2	2	0.20066495	0.15490225	0.64443284
Penicillium_canescens	25	0	0	0	0	0.5038392	0.11019292	0.38596785
Penicillium_ucsense	25	0	0	0	0	0.4407978	0.16323416	0.395968
Pleurotus_ostreatus	25	0	0	0	0	0.7775415	0.11714716	0.10531132
Cryptococcus_amylolentus	25	2	1	2	1	0.14250387	0.67258686	0.18490925
Lipomyces_chichibuensis	25	1	1	1	1	0.22733587	0.524273	0.24839112
Aspergillus_niger	25	0	0	0	0	0.45495087	0.14105298	0.40399614
Rhodotorula_paludigena	25	2	2	2	2	0.22422923	0.14443031	0.63134044
Pneumocystis_carinii	26	1	1	1	1	0.13473214	0.7410645	0.12420331
Saccharomyces_cerevisiae	26	1	1	1	1	0.13714841	0.6541066	0.20874497
Exophiala_viscosa	26	2	0	2	0	0.5501423	0.10900677	0.34085095
Amorphotheca_resinae	26	0	0	0	0	0.75471455	0.10708458	0.13820082
Pneumocystis_jirovecii	26	1	1	1	1	0.13345863	0.746165	0.1203764
Boletus_edulis	26	0	0	0	0	0.6877011	0.14243948	0.1698594
Morchella_snyderi	26	0	0	0	0	0.76792043	0.10457629	0.1275032
Taphrina_deformans	26	2	2	2	2	0.28442705	0.34757778	0.3679952
Yarrowia_lipolytica	26	2	1	2	1	0.1513408	0.64482623	0.203833
Umbelopsis_vinacea	26	0	0	0	0	0.45103753	0.20973033	0.33923215
Lachancea_nothofagi	26	1	1	1	1	0.12244819	0.67569846	0.20185335
Alloascoidea_africana	26	2	1	2	1	0.19965851	0.47063544	0.32970607
Tirmania_nivea	26	0	0	0	0	0.7529934	0.11801632	0.12899029
Pleurotus_ostreatus	26	0	0	0	0	0.8042837	0.09012753	0.1055888
Schizosaccharomyces_pombe	26	1	1	1	1	0.115670845	0.77086824	0.11346097
Moesziomyces_aphidis	26	2	2	2	2	0.15536737	0.20784701	0.6367856
Sporopachydermia_lactativora	27	1	2	1	2	0.2066818	0.34120232	0.4521159
Schizosaccharomyces_octosporus	27	1	1	1	1	0.091959596	0.80252296	0.10551745
Glomus_cerebriforme	27	0	0	0	0	0.51950604	0.27526033	0.20523363
Acaromyces_ingoldii	27	2	0	2	0	0.42610928	0.19119136	0.38269937
Kwoniella_pini	27	1	1	1	1	0.10694458	0.76867485	0.12438056
Microbotryum_saponariae	27	2	2	2	2	0.25354275	0.1765747	0.5698825
Nakazawaea_anatomiae	27	1	2	1	2	0.21142754	0.3534133	0.43515915
Calocera_viscosa	27	0	0	0	0	0.56902957	0.2130462	0.21792419
Calocera_cornea	27	0	0	0	0	0.54753673	0.21250193	0.23996128
Abortiporus_biennis	27	0	0	0	0	0.79170555	0.089830965	0.1184635
Terfezia_boudieri	27	0	0	0	0	0.69766337	0.12620567	0.17613094
Sphaerosporella_brunnea	27	0	0	0	0	0.7950802	0.09584887	0.10907099
Cryptococcus_amylolentus	27	2	1	2	1	0.14788353	0.6836605	0.16845597
Lipomyces_chichibuensis	27	1	1	1	1	0.197042	0.5656573	0.23730068
Rhodotorula_paludigena	27	2	2	2	2	0.24774735	0.12456547	0.6276872
Trichoderma_asperellum	28	0	0	0	0	0.7218263	0.1184006	0.15977311
Ustilago_maydis	28	2	2	2	2	0.15703744	0.20547213	0.63749045
Kwoniella_shandongensis	28	1	1	1	1	0.21195781	0.43988064	0.3481616
Tuber_melanosporum	28	0	0	0	0	0.7591523	0.11857741	0.1222703
Rhynchosporium_commune	28	0	0	0	0	0.68541944	0.09965025	0.21493028
Kwoniella_bestiolae	28	1	1	1	1	0.13829675	0.66231734	0.19938593
Ganoderma_leucocontextum	28	0	0	0	0	0.7993291	0.0924476	0.1082233
Malassezia_japonica	28	1	1	1	1	0.123698935	0.75922275	0.11707835
Penicillium_canescens	28	0	0	0	0	0.59035033	0.1335453	0.27610433
Cutaneotrichosporon_oleaginosum	28	2	1	2	1	0.26493385	0.40490055	0.3301656
Schizosaccharomyces_cryophilus	28	1	1	1	1	0.08948541	0.8194123	0.09110228
Penicillium_ucsense	28	0	0	0	0	0.62182575	0.15575072	0.22242351
Kalaharituber_pfeilii	28	0	0	0	0	0.79202676	0.09900266	0.108970575
Aureobasidium_pullulans	28	2	2	2	2	0.40028754	0.13921037	0.4605021
Aureobasidium_thailandense	28	2	0	2	0	0.46674687	0.12567547	0.4075777
Malassezia_sympodialis	29	1	1	1	1	0.13181503	0.72732043	0.14086449
Pholiota_conissans	29	0	0	0	0	0.8003809	0.09183039	0.10778872
Peziza_echinospora	29	0	0	0	0	0.7510175	0.13082087	0.1181616
Neolecta_irregularis	29	0	1	0	1	0.29599175	0.3597899	0.34421837
Lipomyces_kononenkoae	29	1	1	1	1	0.20276013	0.6143783	0.18286157
Neurospora_crassa	29	0	0	0	0	0.7104139	0.10363901	0.18594715
Rhodotorula_diobovata	29	2	2	2	2	0.21920879	0.17310962	0.6076816
Candida_albicans	29	2	1	2	1	0.18189368	0.507677	0.31042933
Pyrenophora_teres	29	0	0	0	0	0.7250164	0.10762929	0.1673543
Debaryomyces_udenii	29	1	1	1	1	0.16785713	0.55461407	0.27752876
Rhodotorula_toruloides	29	2	2	2	2	0.17178191	0.14246626	0.6857518
Septoria_linicola	29	0	2	0	2	0.33677673	0.1017682	0.5614551
Protomyces_lactucae	29	2	1	2	1	0.20897107	0.4969767	0.2940522
Malassezia_restricta	29	1	1	1	1	0.124475874	0.7378199	0.1377042
Aspergillus_niger	29	0	0	0	0	0.5550983	0.15612392	0.28877774
Geopyxis_carbonaria	30	0	0	0	0	0.77619666	0.08582744	0.13797593
Puccinia_striiformis	30	0	1	0	1	0.21671194	0.45858082	0.3247072
Saccharomycopsis_selenospora	30	2	1	2	1	0.10069421	0.7507347	0.14857113
Kalmanozyma_brasiliensis	30	1	2	1	2	0.10329638	0.10238763	0.79431605
Tilletia_walkeri	30	0	2	0	2	0.21945903	0.25018454	0.5303564
Schizosaccharomyces_osmophilus	30	1	1	1	1	0.09749868	0.8026628	0.09983852
Cronartium_quercuum	30	0	1	0	1	0.19332597	0.48947102	0.31720304
Kwoniella_dejecticola	30	1	1	1	1	0.123920456	0.70851356	0.167566
Sporisorium_reilianum	30	2	2	2	2	0.10289597	0.1015159	0.79558814
Exobasidium_rhododendri	30	0	2	0	2	0.1334688	0.12482199	0.74170923
Melampsora_larici	30	0	1	0	1	0.2161933	0.48988596	0.29392073
Tortispora_agaves	30	1	1	1	1	0.23758678	0.41078168	0.35163155
Daedalea_quercina	30	0	0	0	0	0.7721977	0.10990075	0.11790153
Rhodotorula_graminis	30	2	2	2	2	0.15523343	0.15578134	0.6889852
Aureobasidium_melanogenum	30	2	0	2	0	0.48136663	0.09770924	0.42092407
Schizosaccharomyces_octosporus	31	1	1	1	1	0.108928755	0.77960116	0.11147006
Malassezia_sympodialis	31	1	1	1	1	0.10771538	0.78158957	0.11069505
Lipomyces_kononenkoae	31	1	1	1	1	0.19920789	0.6154467	0.1853454
Tuber_melanosporum	31	0	0	0	0	0.72838324	0.13914004	0.13247667
Morchella_snyderi	31	0	0	0	0	0.76138073	0.11734264	0.1212766
Yarrowia_lipolytica	31	2	1	2	1	0.20678115	0.5184235	0.27479538
Abortiporus_biennis	31	0	0	0	0	0.81157494	0.09179886	0.096626215
Alloascoidea_africana	31	2	1	2	1	0.22992438	0.44791567	0.32215995
Cutaneotrichosporon_oleaginosum	31	2	1	2	1	0.21936092	0.5586823	0.22195682
Terfezia_boudieri	31	0	0	0	0	0.73217463	0.13388894	0.13393645
Schizosaccharomyces_cryophilus	31	1	1	1	1	0.10952189	0.7784011	0.11207703
Kalaharituber_pfeilii	31	0	0	0	0	0.78436935	0.10138886	0.11424184
Schizosaccharomyces_pombe	31	1	1	1	1	0.12509863	0.74730253	0.12759882
Cryptococcus_amylolentus	31	2	1	2	1	0.12716669	0.74954444	0.12328893
Aspergillus_niger	31	0	0	0	0	0.7203231	0.12478905	0.15488786
Aureobasidium_melanogenum	31	2	2	2	2	0.30952057	0.13350755	0.55697185
Pneumocystis_carinii	32	1	1	1	1	0.10111396	0.79185325	0.107032806
Acaromyces_ingoldii	32	2	2	2	2	0.18181327	0.13431937	0.6838674
Kalmanozyma_brasiliensis	32	1	2	1	2	0.093538344	0.10264596	0.8038157
Tilletia_walkeri	32	0	2	0	2	0.27321798	0.33597106	0.39081094
Rhodotorula_diobovata	32	2	2	2	2	0.15396671	0.1501121	0.6959212
Schizosaccharomyces_osmophilus	32	1	1	1	1	0.08848682	0.82056147	0.090951696
Cronartium_quercuum	32	0	0	0	0	0.6127249	0.2024495	0.18482566
Taphrina_deformans	32	2	2	2	2	0.26059756	0.31199858	0.42740384
Nakazawaea_anatomiae	32	1	1	1	1	0.16914667	0.5138646	0.31698874
Umbelopsis_vinacea	32	0	0	0	0	0.4473348	0.20316505	0.34950015
Lachancea_nothofagi	32	1	1	1	1	0.11121349	0.7204811	0.16830541
Exobasidium_rhododendri	32	0	2	0	2	0.15129596	0.13612244	0.7125816
Rhodotorula_toruloides	32	2	2	2	2	0.14174946	0.13574997	0.7225006
Tirmania_nivea	32	0	0	0	0	0.7969239	0.10013146	0.10294463
Pleurotus_ostreatus	32	0	0	0	0	0.81666857	0.089429274	0.09390215
Sporopachydermia_lactativora	33	1	1	1	1	0.16137862	0.5855966	0.25302476
Geopyxis_carbonaria	33	0	0	0	0	0.7893733	0.092167504	0.11845924
Peziza_echinospora	33	0	0	0	0	0.7620839	0.12626776	0.111648336
Saccharomyces_cerevisiae	33	1	1	1	1	0.116076104	0.75728124	0.12664266
Kwoniella_shandongensis	33	1	1	1	1	0.18274294	0.5846023	0.2326548
Puccinia_striiformis	33	0	0	0	0	0.66584706	0.18596861	0.14818428
Saccharomycopsis_selenospora	33	2	1	2	1	0.13757065	0.69911134	0.16331802
Amorphotheca_resinae	33	0	0	0	0	0.6176419	0.13979839	0.24255972
Rhynchosporium_commune	33	0	0	0	0	0.6769331	0.087190725	0.23587617
Candida_albicans	33	2	1	2	1	0.13790281	0.68023723	0.18185997
Calocera_viscosa	33	0	0	0	0	0.6914758	0.12549517	0.18302897
Sporisorium_reilianum	33	2	2	2	2	0.15164615	0.19364993	0.6547039
Tortispora_agaves	33	1	2	1	2	0.21655324	0.39075854	0.3926882
Penicillium_canescens	33	0	0	0	0	0.6546695	0.1111936	0.23413686
Rhodotorula_paludigena	33	2	2	2	2	0.17564529	0.122297734	0.702057
Glomus_cerebriforme	34	0	0	0	0	0.56098473	0.22668928	0.21232602
Trichoderma_asperellum	34	0	0	0	0	0.6894121	0.12179799	0.18878987
Ustilago_maydis	34	2	2	2	2	0.21151736	0.35043713	0.43804553
Microbotryum_saponariae	34	2	2	2	2	0.2885204	0.20840086	0.50307876
Kwoniella_bestiolae	34	1	1	1	1	0.15737493	0.634123	0.20850207
Ganoderma_leucocontextum	34	0	0	0	0	0.78151155	0.09756786	0.12092058
Debaryomyces_udenii	34	1	2	1	2	0.16259503	0.36770353	0.4697014
Daedalea_quercina	34	0	0	0	0	0.76356477	0.10222524	0.13420998
Sphaerosporella_brunnea	34	0	0	0	0	0.7920465	0.092976645	0.11497684
Penicillium_ucsense	34	0	0	0	0	0.5454322	0.16791685	0.2866509
Septoria_linicola	34	0	0	0	0	0.5067154	0.14398809	0.34929648
Malassezia_restricta	34	1	1	1	1	0.116643585	0.7633828	0.11997364
Lipomyces_chichibuensis	34	1	1	1	1	0.2057122	0.59081066	0.20347716
Moesziomyces_aphidis	34	2	2	2	2	0.23567908	0.3221715	0.44214937
Aureobasidium_thailandense	34	2	2	2	2	0.30281243	0.13661201	0.56057554
Pholiota_conissans	35	0	0	0	0	0.75299394	0.10856222	0.13844378
Neolecta_irregularis	35	0	1	0	1	0.30644107	0.37744066	0.3161182
Neurospora_crassa	35	0	0	0	0	0.7785739	0.08693274	0.13449338
Exophiala_viscosa	35	2	0	2	0	0.6795669	0.10047639	0.21995668
Pneumocystis_jirovecii	35	1	1	1	1	0.10302334	0.7900151	0.10696151
Boletus_edulis	35	0	0	0	0	0.69970256	0.14190333	0.15839411
Kwoniella_pini	35	1	1	1	1	0.16225669	0.63621664	0.2015267
Kwoniella_dejecticola	35	1	1	1	1	0.15050817	0.66148794	0.18800388
Pyrenophora_teres	35	0	0	0	0	0.74225223	0.09907518	0.15867256
Calocera_cornea	35	0	0	0	0	0.73336804	0.10208064	0.16455133
Malassezia_japonica	35	1	1	1	1	0.10565964	0.770205	0.12413534
Melampsora_larici	35	0	0	0	0	0.72874296	0.13021497	0.14104214
Protomyces_lactucae	35	2	1	2	1	0.17622432	0.5841772	0.2395985
Rhodotorula_graminis	35	2	2	2	2	0.14958341	0.1550945	0.69532204
Aureobasidium_pullulans	35	2	2	2	2	0.26910922	0.19048017	0.54041064
Pneumocystis_carinii	36	1	1	1	1	0.13621925	0.7475083	0.11627252
Ustilago_maydis	36	2	2	2	2	0.16730393	0.24389218	0.5888039
Lipomyces_kononenkoae	36	1	1	1	1	0.22067276	0.5961504	0.18317688
Puccinia_striiformis	36	0	0	0	0	0.5615106	0.22546124	0.21302812
Schizosaccharomyces_osmophilus	36	1	1	1	1	0.10442002	0.802215	0.093365
Rhynchosporium_commune	36	0	0	0	0	0.6312288	0.10709563	0.2616756
Morchella_snyderi	36	0	0	0	0	0.7727955	0.10463725	0.12256724
Kwoniella_bestiolae	36	1	1	1	1	0.16676025	0.54945123	0.28378856
Pyrenophora_teres	36	0	0	0	0	0.6596394	0.09747501	0.24288559
Yarrowia_lipolytica	36	2	1	2	1	0.1944374	0.61429	0.1912726
Exobasidium_rhododendri	36	0	2	0	2	0.20146614	0.23155281	0.5669811
Alloascoidea_africana	36	2	1	2	1	0.24924424	0.49578133	0.25497445
Penicillium_ucsense	36	0	0	0	0	0.58970284	0.14250353	0.26779363
Protomyces_lactucae	36	2	1	2	1	0.23372942	0.47326934	0.29300126
Malassezia_restricta	36	1	1	1	1	0.11865391	0.7677407	0.11360535
Aureobasidium_melanogenum	36	2	2	2	2	0.34696087	0.1473861	0.505653
Geopyxis_carbonaria	37	0	0	0	0	0.80474114	0.09441809	0.100840785
Trichoderma_asperellum	37	0	0	0	0	0.7733657	0.10356699	0.12306731
Acaromyces_ingoldii	37	2	2	2	2	0.31725836	0.16152018	0.5212214
Exophiala_viscosa	37	2	0	2	0	0.5954295	0.13880879	0.26576176
Kalmanozyma_brasiliensis	37	1	2	1	2	0.102482915	0.100406595	0.79711044
Tilletia_walkeri	37	0	2	0	2	0.2980668	0.2617433	0.44018993
Kwoniella_dejecticola	37	1	1	1	1	0.1175063	0.7463674	0.13612628
Calocera_cornea	37	0	0	0	0	0.7464737	0.12375595	0.12977032
Debaryomyces_udenii	37	1	2	1	2	0.15592445	0.3854434	0.45863217
Malassezia_japonica	37	1	1	1	1	0.11633818	0.76522446	0.11843735
Rhodotorula_toruloides	37	2	2	2	2	0.17412156	0.14263672	0.6832418
Penicillium_canescens	37	0	0	0	0	0.70404214	0.1312585	0.16469932
Schizosaccharomyces_cryophilus	37	1	1	1	1	0.08980437	0.8191584	0.09103719
Tirmania_nivea	37	0	0	0	0	0.78172535	0.10661295	0.111661695
Rhodotorula_graminis	37	2	2	2	2	0.16818286	0.14389196	0.68792516
Saccharomyces_cerevisiae	38	1	1	1	1	0.11910006	0.6795319	0.2013681
Amorphotheca_resinae	38	0	0	0	0	0.6724399	0.14438705	0.18317306
Tuber_melanosporum	38	0	0	0	0	0.7445651	0.122648574	0.13278632
Cronartium_quercuum	38	0	0	0	0	0.4941537	0.31413528	0.191711
Pneumocystis_jirovecii	38	1	1	1	1	0.12691471	0.75524163	0.11784367
Microbotryum_saponariae	38	2	2	2	2	0.23302868	0.16112924	0.60584205
Taphrina_deformans	38	2	2	2	2	0.31369263	0.33717245	0.34913492
Candida_albicans	38	2	1	2	1	0.14841764	0.5870702	0.26451218
Umbelopsis_vinacea	38	0	0	0	0	0.50377506	0.20714442	0.2890805
Lachancea_nothofagi	38	1	1	1	1	0.10621256	0.7130232	0.18076429
Ganoderma_leucocontextum	38	0	0	0	0	0.7860249	0.101034306	0.11294077
Tortispora_agaves	38	1	1	1	1	0.21365131	0.42141858	0.36493012
Daedalea_quercina	38	0	0	0	0	0.7726873	0.10846301	0.11884966
Septoria_linicola	38	0	0	0	0	0.49591568	0.10828504	0.39579934
Aureobasidium_pullulans	38	2	2	2	2	0.36152253	0.14195086	0.49652663
Pholiota_conissans	39	0	0	0	0	0.7877095	0.10296463	0.10932594
Peziza_echinospora	39	0	0	0	0	0.78216624	0.11468952	0.10314423
Neolecta_irregularis	39	0	1	0	1	0.28553703	0.43216288	0.28230008
Kwoniella_shandongensis	39	1	2	1	2	0.21109329	0.34283954	0.4460672
Saccharomycopsis_selenospora	39	2	1	2	1	0.13084611	0.63513637	0.23401754
Rhodotorula_diobovata	39	2	2	2	2	0.12627047	0.122483015	0.7512465
Boletus_edulis	39	0	0	0	0	0.684385	0.16878119	0.14683384
Kwoniella_pini	39	1	1	1	1	0.17364348	0.5364905	0.28986603
Nakazawaea_anatomiae	39	1	1	1	1	0.14930438	0.5532673	0.29742834
Sporisorium_reilianum	39	2	2	2	2	0.22899845	0.3008556	0.47014594
Kalaharituber_pfeilii	39	0	0	0	0	0.80710584	0.09427244	0.098621696
Pleurotus_ostreatus	39	0	0	0	0	0.7643401	0.10798594	0.12767392
Lipomyces_chichibuensis	39	1	1	1	1	0.19709268	0.52371794	0.2791894
Aspergillus_niger	39	0	0	0	0	0.6367808	0.13910243	0.22411679
Moesziomyces_aphidis	39	2	2	2	2	0.23549846	0.29418895	0.47031263
Sporopachydermia_lactativora	40	1	1	1	1	0.17412463	0.4137763	0.4120991
Schizosaccharomyces_octosporus	40	1	1	1	1	0.093128756	0.7960494	0.11082179
Malassezia_sympodialis	40	1	1	1	1	0.099105775	0.7919975	0.108896755
Glomus_cerebriforme	40	0	0	0	0	0.53411067	0.26664224	0.19924712
Neurospora_crassa	40	0	0	0	0	0.77112544	0.096948646	0.13192588
Calocera_viscosa	40	0	0	0	0	0.7102207	0.14593169	0.14384761
Melampsora_larici	40	0	0	0	0	0.54537636	0.25307238	0.20155132
Abortiporus_biennis	40	0	0	0	0	0.80369806	0.08979629	0.1065057
Cutaneotrichosporon_oleaginosum	40	2	1	2	1	0.122135624	0.7034869	0.17437746
Terfezia_boudieri	40	0	0	0	0	0.71120125	0.12698328	0.1618155
Sphaerosporella_brunnea	40	0	0	0	0	0.8004802	0.09309107	0.106428735
Schizosaccharomyces_pombe	40	1	1	1	1	0.117737204	0.7421575	0.1401053
Cryptococcus_amylolentus	40	2	1	2	1	0.12824365	0.7292581	0.14249822
Rhodotorula_paludigena	40	2	2	2	2	0.24671912	0.15022953	0.60305136
Aureobasidium_thailandense	40	2	2	2	2	0.30291352	0.12643178	0.5706547
Kalmanozyma_brasiliensis	41	1	2	1	2	0.15081564	0.13275626	0.7164281
Tuber_melanosporum	41	0	0	0	0	0.77363884	0.1045832	0.12177798
Cronartium_quercuum	41	0	0	0	0	0.55265665	0.21846306	0.22888033
Kwoniella_pini	41	1	1	1	1	0.15165113	0.6505553	0.19779356
Microbotryum_saponariae	41	2	2	2	2	0.23251608	0.16306351	0.6044204
Yarrowia_lipolytica	41	2	1	2	1	0.18968627	0.5417193	0.26859438
Nakazawaea_anatomiae	41	1	1	1	1	0.17101777	0.5219561	0.30702618
Lachancea_nothofagi	41	1	1	1	1	0.105870485	0.69577396	0.19835556
Ganoderma_leucocontextum	41	0	0	0	0	0.7801327	0.09751283	0.12235447
Calocera_cornea	41	0	0	0	0	0.61868167	0.17000134	0.21131697
Tortispora_agaves	41	1	1	1	1	0.23326363	0.45542252	0.3113138
Penicillium_canescens	41	0	0	0	0	0.590154	0.1305869	0.27925906
Septoria_linicola	41	0	0	0	0	0.4674787	0.11953452	0.41298676
Moesziomyces_aphidis	41	2	2	2	2	0.15948983	0.12651284	0.7139973
Rhodotorula_paludigena	41	2	2	2	2	0.233878	0.1349389	0.63118315
Aureobasidium_thailandense	41	2	2	2	2	0.30804023	0.13266702	0.5592928
Geopyxis_carbonaria	42	0	0	0	0	0.78256917	0.10352044	0.11391042
Amorphotheca_resinae	42	0	0	0	0	0.62528735	0.14949624	0.22521643
Rhodotorula_diobovata	42	2	2	2	2	0.15292932	0.14575431	0.70131636
Schizosaccharomyces_osmophilus	42	1	1	1	1	0.09959096	0.7907439	0.10966512
Pneumocystis_jirovecii	42	1	1	1	1	0.118708715	0.7702933	0.11099799
Morchella_snyderi	42	0	0	0	0	0.77335495	0.09876252	0.12788257
Taphrina_deformans	42	2	1	2	1	0.2873081	0.41340014	0.29929173
Candida_albicans	42	2	1	2	1	0.14800584	0.6452634	0.2067308
Calocera_viscosa	42	0	0	0	0	0.6725607	0.14157169	0.18586765
Melampsora_larici	42	0	0	0	0	0.64276505	0.18729699	0.16993803
Penicillium_ucsense	42	0	0	0	0	0.66962934	0.1287531	0.20161758
Schizosaccharomyces_pombe	42	1	1	1	1	0.1195981	0.7563027	0.12409916
Malassezia_restricta	42	1	1	1	1	0.10672983	0.7805725	0.11269765
Lipomyces_chichibuensis	42	1	1	1	1	0.16229719	0.67059195	0.16711082
Aureobasidium_melanogenum	42	2	2	2	2	0.3075165	0.12868252	0.563801
Sporopachydermia_lactativora	43	1	1	1	1	0.16366044	0.5806706	0.255669
Pneumocystis_carinii	43	1	1	1	1	0.102684096	0.7973068	0.1000091
Neolecta_irregularis	43	0	1	0	1	0.32586232	0.40447542	0.2696623
Lipomyces_kononenkoae	43	1	1	1	1	0.19996434	0.6251925	0.17484313
Puccinia_striiformis	43	0	0	0	0	0.53728116	0.28682247	0.17589636
Saccharomycopsis_selenospora	43	2	1	2	1	0.13608068	0.6136027	0.25031662
Tilletia_walkeri	43	0	2	0	2	0.2758177	0.35026264	0.37391964
Kwoniella_bestiolae	43	1	1	1	1	0.1477349	0.678716	0.17354912
Umbelopsis_vinacea	43	0	0	0	0	0.5170452	0.22583987	0.25711492
Daedalea_quercina	43	0	0	0	0	0.7826145	0.104566164	0.11281932
Tirmania_nivea	43	0	0	0	0	0.7332008	0.13364391	0.13315535
Kalaharituber_pfeilii	43	0	0	0	0	0.7809573	0.10624244	0.112800255
Protomyces_lactucae	43	2	1	2	1	0.22624716	0.45843446	0.31531838
Cryptococcus_amylolentus	43	2	1	2	1	0.18492466	0.62144476	0.1936306
Rhodotorula_graminis	43	2	2	2	2	0.15512227	0.15652066	0.68835706
Schizosaccharomyces_octosporus	44	1	1	1	1	0.10663916	0.78106534	0.112295516
Malassezia_sympodialis	44	1	1	1	1	0.11271816	0.7656426	0.121639274
Peziza_echinospora	44	0	0	0	0	0.7250054	0.14083198	0.13416262
Trichoderma_asperellum	44	0	0	0	0	0.6755337	0.118163496	0.20630276
Saccharomyces_cerevisiae	44	1	1	1	1	0.1327595	0.6560073	0.21123323
Ustilago_maydis	44	2	2	2	2	0.18212505	0.26395965	0.5539153
Rhynchosporium_commune	44	0	0	0	0	0.6521775	0.10445365	0.24336882
Pyrenophora_teres	44	0	0	0	0	0.66998744	0.10238323	0.2276293
Rhodotorula_toruloides	44	2	2	2	2	0.16001683	0.13835326	0.70162994
Abortiporus_biennis	44	0	0	0	0	0.7904044	0.095195524	0.11440011
Cutaneotrichosporon_oleaginosum	44	2	1	2	1	0.22257835	0.52397835	0.2534433
Terfezia_boudieri	44	0	0	0	0	0.67997193	0.14781737	0.17221066
Schizosaccharomyces_cryophilus	44	1	1	1	1	0.11000195	0.774743	0.115255065
Aspergillus_niger	44	0	0	0	0	0.58495784	0.13826053	0.27678168
Aureobasidium_pullulans	44	2	2	2	2	0.3152826	0.15405351	0.53066385
Glomus_cerebriforme	45	0	0	0	0	0.55568403	0.22246496	0.22185099
Pholiota_conissans	45	0	0	0	0	0.7552044	0.109822385	0.13497327
Acaromyces_ingoldii	45	2	2	2	2	0.25938436	0.28084925	0.45976645
Kwoniella_shandongensis	45	1	2	1	2	0.22757706	0.3850024	0.38742048
Neurospora_crassa	45	0	0	0	0	0.7516231	0.103229865	0.14514711
Exophiala_viscosa	45	2	0	2	0	0.57625145	0.14186397	0.28188455
Boletus_edulis	45	0	0	0	0	0.69302464	0.14680132	0.16017401
Kwoniella_dejecticola	45	1	1	1	1	0.18886177	0.57220054	0.23893768
Sporisorium_reilianum	45	2	2	2	2	0.17803298	0.2876302	0.5343368
Exobasidium_rhododendri	45	0	2	0	2	0.23855552	0.26626024	0.49518427
Debaryomyces_udenii	45	1	1	1	1	0.1692342	0.43251467	0.39825118
Malassezia_japonica	45	1	1	1	1	0.10791809	0.7594828	0.13259916
Alloascoidea_africana	45	2	1	2	1	0.27462736	0.3714775	0.35389516
Sphaerosporella_brunnea	45	0	0	0	0	0.7818399	0.0958202	0.122339904
Pleurotus_ostreatus	45	0	0	0	0	0.7560267	0.11209275	0.13188063
Sporopachydermia_lactativora	46	1	2	1	2	0.16666135	0.3712011	0.4621376
Saccharomyces_cerevisiae	46	1	1	1	1	0.14383112	0.61635584	0.23981301
Lipomyces_kononenkoae	46	1	1	1	1	0.2533759	0.57336485	0.17325918
Rhodotorula_diobovata	46	2	2	2	2	0.12614867	0.12852994	0.7453214
Cronartium_quercuum	46	0	0	0	0	0.59818107	0.22495006	0.17686892
Taphrina_deformans	46	2	2	2	2	0.25680503	0.37069225	0.37250274
Exobasidium_rhododendri	46	0	2	0	2	0.14426939	0.14452235	0.7112083
Debaryomyces_udenii	46	1	2	1	2	0.15789117	0.3367689	0.5053399
Abortiporus_biennis	46	0	0	0	0	0.77536577	0.08443744	0.1401968
Penicillium_ucsense	46	0	0	0	0	0.6987552	0.12867768	0.1725671
Pleurotus_ostreatus	46	0	0	0	0	0.8096352	0.092267446	0.09809727
Malassezia_restricta	46	1	1	1	1	0.09747375	0.80831414	0.09421212
Cryptococcus_amylolentus	46	2	1	2	1	0.16798317	0.67007315	0.16194367
Aspergillus_niger	46	0	0	0	0	0.7036862	0.13558103	0.16073282
Aureobasidium_pullulans	46	2	0	2	0	0.43301916	0.14069457	0.4262863
Aureobasidium_thailandense	46	2	0	2	0	0.45581967	0.13456057	0.40961975
Glomus_cerebriforme	47	0	0	0	0	0.54851407	0.19221549	0.2592704
Exophiala_viscosa	47	2	0	2	0	0.54576576	0.13367303	0.32056123
Puccinia_striiformis	47	0	0	0	0	0.63134986	0.20249765	0.16615246
Amorphotheca_resinae	47	0	0	0	0	0.67657524	0.12937485	0.19404992
Boletus_edulis	47	0	0	0	0	0.7379789	0.123710535	0.13831063
Morchella_snyderi	47	0	0	0	0	0.77412665	0.08826221	0.13761117
Nakazawaea_anatomiae	47	1	1	1	1	0.16596319	0.595246	0.23879077
Ganoderma_leucocontextum	47	0	0	0	0	0.78514695	0.09957611	0.11527693
Malassezia_japonica	47	1	1	1	1	0.1189215	0.7362809	0.1447976
Rhodotorula_toruloides	47	2	2	2	2	0.13745886	0.12534761	0.7371935
Alloascoidea_africana	47	2	1	2	1	0.23289244	0.45288283	0.31422475
Schizosaccharomyces_cryophilus	47	1	1	1	1	0.10230455	0.7805359	0.11715958
Schizosaccharomyces_pombe	47	1	1	1	1	0.114026845	0.76372063	0.12225256
Lipomyces_chichibuensis	47	1	1	1	1	0.16089453	0.65307283	0.1860327
Moesziomyces_aphidis	47	2	2	2	2	0.17494772	0.23476656	0.5902857
Malassezia_sympodialis	48	1	1	1	1	0.11203063	0.75856936	0.12940006
Pneumocystis_carinii	48	1	1	1	1	0.14670105	0.7221157	0.13118327
Pholiota_conissans	48	0	0	0	0	0.79639375	0.09484761	0.108758695
Peziza_echinospora	48	0	0	0	0	0.60834295	0.21318053	0.17847653
Neolecta_irregularis	48	0	1	0	1	0.33810785	0.3735437	0.2883485
Kalmanozyma_brasiliensis	48	1	2	1	2	0.11564066	0.11294158	0.77141774
Pneumocystis_jirovecii	48	1	1	1	1	0.14753301	0.7207849	0.1316821
Microbotryum_saponariae	48	2	2	2	2	0.25089547	0.16387679	0.5852278
Candida_albicans	48	2	1	2	1	0.15267004	0.6372907	0.21003927
Umbelopsis_vinacea	48	0	0	0	0	0.5835125	0.19123453	0.22525299
Melampsora_larici	48	0	0	0	0	0.62441844	0.1736827	0.2018989
Terfezia_boudieri	48	0	0	0	0	0.5288708	0.23397331	0.23715588
Tirmania_nivea	48	0	0	0	0	0.58417964	0.2073185	0.20850186
Protomyces_lactucae	48	2	1	2	1	0.21078523	0.5230869	0.26612782
Rhodotorula_graminis	48	2	2	2	2	0.2019569	0.20459837	0.59344476
Geopyxis_carbonaria	49	0	0	0	0	0.7710688	0.09895199	0.12997918
Trichoderma_asperellum	49	0	0	0	0	0.7165626	0.11384202	0.16959533
Ustilago_maydis	49	2	2	2	2	0.1560335	0.23281498	0.6111515
Kwoniella_shandongensis	49	1	2	1	2	0.23089208	0.2967827	0.4723252
Saccharomycopsis_selenospora	49	2	1	2	1	0.10750584	0.7591082	0.13338596
Tilletia_walkeri	49	0	2	0	2	0.28688937	0.23936072	0.47374997
Schizosaccharomyces_osmophilus	49	1	1	1	1	0.09109857	0.81716186	0.0917395
Kwoniella_dejecticola	49	1	1	1	1	0.16916852	0.59157586	0.23925562
Yarrowia_lipolytica	49	2	1	2	1	0.13662392	0.6723658	0.19101031
Lachancea_nothofagi	49	1	1	1	1	0.093317725	0.7706896	0.1359927
Daedalea_quercina	49	0	0	0	0	0.7731866	0.10289015	0.12392326
Penicillium_canescens	49	0	0	0	0	0.6203384	0.12289128	0.25677028
Sphaerosporella_brunnea	49	0	0	0	0	0.76822555	0.102483146	0.12929137
Kalaharituber_pfeilii	49	0	0	0	0	0.76926136	0.10117597	0.12956268
Rhodotorula_paludigena	49	2	2	2	2	0.16139586	0.12372902	0.71487516
Schizosaccharomyces_octosporus	50	1	1	1	1	0.099364474	0.8026308	0.09800473
Acaromyces_ingoldii	50	2	0	2	0	0.4257722	0.24086244	0.3333654
Neurospora_crassa	50	0	0	0	0	0.73050714	0.107164174	0.16232869
Tuber_melanosporum	50	0	0	0	0	0.78004	0.10569438	0.11426561
Rhynchosporium_commune	50	0	0	0	0	0.5263839	0.08995256	0.38366354
Kwoniella_pini	50	1	1	1	1	0.18599072	0.5307793	0.28322995
Kwoniella_bestiolae	50	1	1	1	1	0.18343237	0.53728944	0.27927816
Pyrenophora_teres	50	0	0	0	0	0.6227382	0.097489595	0.27977228
Calocera_viscosa	50	0	0	0	0	0.5854809	0.159299	0.2552201
Calocera_cornea	50	0	0	0	0	0.57035726	0.1652295	0.2644132
Sporisorium_reilianum	50	2	2	2	2	0.17374864	0.31524676	0.5110046
Tortispora_agaves	50	1	1	1	1	0.22598904	0.5026817	0.2713293
Cutaneotrichosporon_oleaginosum	50	2	1	2	1	0.266257	0.39765215	0.33609086
Septoria_linicola	50	0	2	0	2	0.40033203	0.10628292	0.49338508
Aureobasidium_melanogenum	50	2	2	2	2	0.32777405	0.11064425	0.5615817
Sporopachydermia_lactativora	51	1	1	1	1	0.20899384	0.42359382	0.36741233
Lipomyces_kononenkoae	51	1	1	1	1	0.21019779	0.60102165	0.18878053
Tilletia_walkeri	51	0	1	0	1	0.26563075	0.3817328	0.3526365
Schizosaccharomyces_osmophilus	51	1	1	1	1	0.09971894	0.7941328	0.10614821
Rhynchosporium_commune	51	0	0	0	0	0.71706563	0.10202192	0.18091242
Morchella_snyderi	51	0	0	0	0	0.77866834	0.10081583	0.12051587
Taphrina_deformans	51	2	1	2	1	0.2768488	0.44260657	0.2805446
Pyrenophora_teres	51	0	0	0	0	0.7251626	0.09814233	0.17669506
Nakazawaea_anatomiae	51	1	1	1	1	0.17489472	0.45275262	0.3723526
Umbelopsis_vinacea	51	0	0	0	0	0.47058693	0.2185527	0.31086037
Exobasidium_rhododendri	51	0	2	0	2	0.15143336	0.20710494	0.6414617
Malassezia_japonica	51	1	1	1	1	0.11230264	0.7649988	0.12269859
Rhodotorula_toruloides	51	2	2	2	2	0.14341465	0.15519051	0.70139486
Protomyces_lactucae	51	2	1	2	1	0.2171851	0.5250991	0.25771585
Rhodotorula_graminis	51	2	2	2	2	0.18801959	0.20429884	0.6076816
Moesziomyces_aphidis	51	2	2	2	2	0.13846377	0.19709069	0.6644456
Schizosaccharomyces_octosporus	52	1	1	1	1	0.09755357	0.80197763	0.100468785
Pneumocystis_carinii	52	1	1	1	1	0.10500122	0.7904267	0.104572065
Neurospora_crassa	52	0	0	0	0	0.72653073	0.11172732	0.161742
Puccinia_striiformis	52	0	0	0	0	0.4225157	0.3030861	0.27439824
Saccharomycopsis_selenospora	52	2	1	2	1	0.111270085	0.7610457	0.12768419
Rhodotorula_diobovata	52	2	2	2	2	0.15013216	0.13969555	0.71017224
Kwoniella_pini	52	1	1	1	1	0.19996402	0.4805831	0.31945288
Kwoniella_bestiolae	52	1	1	1	1	0.1940071	0.45541966	0.3505733
Candida_albicans	52	2	1	2	1	0.13510229	0.7186238	0.14627393
Yarrowia_lipolytica	52	2	1	2	1	0.18166657	0.6230882	0.19524525
Calocera_viscosa	52	0	0	0	0	0.609742	0.16732667	0.22293136
Lachancea_nothofagi	52	1	1	1	1	0.09878045	0.79450786	0.10671163
Melampsora_larici	52	0	0	0	0	0.41470098	0.30302244	0.28227654
Daedalea_quercina	52	0	0	0	0	0.7018884	0.15013595	0.14797562
Tirmania_nivea	52	0	0	0	0	0.75679505	0.12080041	0.122404516
Glomus_cerebriforme	53	0	0	0	0	0.55868405	0.23128915	0.21002682
Peziza_echinospora	53	0	0	0	0	0.7640215	0.13146168	0.10451683
Acaromyces_ingoldii	53	2	0	2	0	0.4685945	0.18988964	0.34151584
Saccharomyces_cerevisiae	53	1	1	1	1	0.12844798	0.66595006	0.20560195
Ustilago_maydis	53	2	2	2	2	0.31878737	0.21245931	0.46875328
Kalmanozyma_brasiliensis	53	1	2	1	2	0.2948891	0.21558748	0.48952338
Pneumocystis_jirovecii	53	1	1	1	1	0.118523225	0.77014583	0.111330956
Kwoniella_dejecticola	53	1	1	1	1	0.14586888	0.69510525	0.15902591
Sporisorium_reilianum	53	2	2	2	2	0.3031036	0.2192225	0.4776739
Abortiporus_biennis	53	0	0	0	0	0.7867771	0.10391432	0.10930858
Kalaharituber_pfeilii	53	0	0	0	0	0.79772204	0.0959405	0.10633747
Septoria_linicola	53	0	0	0	0	0.5061187	0.123776406	0.37010494
Pleurotus_ostreatus	53	0	0	0	0	0.7833072	0.103079714	0.11361309
Cryptococcus_amylolentus	53	2	1	2	1	0.18706991	0.6241566	0.18877347
Aspergillus_niger	53	0	0	0	0	0.6263917	0.14655185	0.22705649
Pholiota_conissans	54	0	0	0	0	0.79207116	0.09848495	0.10944389
Trichoderma_asperellum	54	0	0	0	0	0.72848266	0.096744955	0.1747724
Neolecta_irregularis	54	0	1	0	1	0.31135812	0.39905855	0.2895833
Exophiala_viscosa	54	2	0	2	0	0.6795439	0.13053742	0.1899187
Amorphotheca_resinae	54	0	0	0	0	0.6773979	0.10621615	0.21638596
Cronartium_quercuum	54	0	0	0	0	0.6868338	0.15495007	0.15821616
Microbotryum_saponariae	54	2	2	2	2	0.31847242	0.254203	0.42732453
Ganoderma_leucocontextum	54	0	0	0	0	0.7853502	0.09612674	0.118523106
Debaryomyces_udenii	54	1	2	1	2	0.12424165	0.21804918	0.6577092
Tortispora_agaves	54	1	1	1	1	0.1897617	0.5703748	0.2398635
Penicillium_canescens	54	0	0	0	0	0.669762	0.11585416	0.21438384
Cutaneotrichosporon_oleaginosum	54	2	1	2	1	0.26034236	0.4780482	0.26160938
Schizosaccharomyces_cryophilus	54	1	1	1	1	0.090998575	0.81611955	0.09288187
Schizosaccharomyces_pombe	54	1	1	1	1	0.10160821	0.7919677	0.10642413
Aureobasidium_thailandense	54	2	2	2	2	0.31799895	0.21685061	0.46515042
Malassezia_sympodialis	55	1	1	1	1	0.123613514	0.7272634	0.14912307
Geopyxis_carbonaria	55	0	0	0	0	0.7573107	0.12320961	0.11947972
Kwoniella_shandongensis	55	1	1	1	1	0.21283737	0.4484347	0.33872792
Tuber_melanosporum	55	0	0	0	0	0.76452506	0.11516515	0.12030982
Boletus_edulis	55	0	0	0	0	0.7485652	0.12354261	0.1278922
Calocera_cornea	55	0	0	0	0	0.6886378	0.15224725	0.15911499
Alloascoidea_africana	55	2	1	2	1	0.25813356	0.3978874	0.343979
Terfezia_boudieri	55	0	0	0	0	0.7535801	0.11935351	0.12706637
Sphaerosporella_brunnea	55	0	0	0	0	0.77548766	0.09982486	0.12468748
Penicillium_ucsense	55	0	0	0	0	0.6964432	0.14065412	0.1629027
Malassezia_restricta	55	1	1	1	1	0.11212586	0.7456772	0.14219697
Lipomyces_chichibuensis	55	1	1	1	1	0.18998998	0.6135706	0.1964394
Rhodotorula_paludigena	55	2	2	2	2	0.25162825	0.1384023	0.60996944
Aureobasidium_melanogenum	55	2	0	2	0	0.5745975	0.13601084	0.2893917
Aureobasidium_pullulans	55	2	0	2	0	0.549816	0.15382655	0.29635742
Pneumocystis_carinii	56	1	1	1	1	0.11933806	0.774596	0.10606594
Acaromyces_ingoldii	56	2	2	2	2	0.34048504	0.19863753	0.4608774
Saccharomyces_cerevisiae	56	1	1	1	1	0.11994649	0.69941705	0.18063645
Lipomyces_kononenkoae	56	1	1	1	1	0.18771109	0.6156277	0.19666117
Amorphotheca_resinae	56	0	0	0	0	0.61118567	0.14887038	0.23994398
Rhynchosporium_commune	56	0	0	0	0	0.5837487	0.0945781	0.32167315
Morchella_snyderi	56	0	0	0	0	0.7784765	0.10403133	0.11749216
Kwoniella_bestiolae	56	1	1	1	1	0.17564923	0.6627635	0.1615873
Candida_albicans	56	2	1	2	1	0.13617103	0.635085	0.22874403
Pyrenophora_teres	56	0	0	0	0	0.6178474	0.10087681	0.2812758
Ganoderma_leucocontextum	56	0	0	0	0	0.7630715	0.10311104	0.13381743
Tortispora_agaves	56	1	1	1	1	0.24903695	0.41710094	0.33386213
Cutaneotrichosporon_oleaginosum	56	2	1	2	1	0.2243209	0.5518031	0.22387601
Penicillium_ucsense	56	0	0	0	0	0.55146253	0.17609	0.2724475
Cryptococcus_amylolentus	56	2	1	2	1	0.18007804	0.6647467	0.15517524
Rhodotorula_graminis	56	2	2	2	2	0.16638546	0.16296743	0.67064714
Sporopachydermia_lactativora	57	1	1	1	1	0.16479076	0.46664575	0.3685635
Schizosaccharomyces_octosporus	57	1	1	1	1	0.10431045	0.7741	0.12158956
Glomus_cerebriforme	57	0	0	0	0	0.4356747	0.31957498	0.24475026
Trichoderma_asperellum	57	0	0	0	0	0.706748	0.1114723	0.18177967
Neolecta_irregularis	57	0	1	0	1	0.3455571	0.38714826	0.26729468
Neurospora_crassa	57	0	0	0	0	0.73768085	0.10884579	0.15347333
Tuber_melanosporum	57	0	0	0	0	0.68121237	0.16387576	0.15491185
Rhodotorula_diobovata	57	2	2	2	2	0.19692875	0.17479955	0.6282717
Taphrina_deformans	57	2	1	2	1	0.2778964	0.37443954	0.3476641
Debaryomyces_udenii	57	1	2	1	2	0.14423956	0.4070816	0.44867888
Malassezia_japonica	57	1	1	1	1	0.11068648	0.76921046	0.12010305
Melampsora_larici	57	0	0	0	0	0.5142185	0.26051974	0.22526173
Schizosaccharomyces_cryophilus	57	1	1	1	1	0.10451632	0.7735368	0.12194688
Rhodotorula_paludigena	57	2	2	2	2	0.23087068	0.16963227	0.5994971
Aureobasidium_pullulans	57	2	2	2	2	0.39445287	0.14362562	0.46192154
Exophiala_viscosa	58	2	0	2	0	0.61991274	0.13529727	0.24478994
Puccinia_striiformis	58	0	0	0	0	0.4798204	0.2693008	0.25087884
Cronartium_quercuum	58	0	0	0	0	0.48826942	0.24288651	0.26884407
Boletus_edulis	58	0	0	0	0	0.699393	0.1478277	0.15277934
Kwoniella_pini	58	1	1	1	1	0.18720812	0.46267477	0.35011718
Kwoniella_dejecticola	58	1	1	1	1	0.18382104	0.4625466	0.3536323
Yarrowia_lipolytica	58	2	1	2	1	0.19640708	0.5781699	0.22542307
Umbelopsis_vinacea	58	0	0	0	0	0.45034796	0.24796322	0.30168882
Lachancea_nothofagi	58	1	1	1	1	0.109015584	0.6846213	0.20636316
Rhodotorula_toruloides	58	2	2	2	2	0.18777962	0.15635961	0.6558608
Penicillium_canescens	58	0	0	0	0	0.66142064	0.12623695	0.21234243
Tirmania_nivea	58	0	0	0	0	0.74859065	0.12873168	0.12267765
Kalaharituber_pfeilii	58	0	0	0	0	0.764264	0.111825034	0.123911016
Schizosaccharomyces_pombe	58	1	1	1	1	0.107763484	0.7892768	0.102959774
Aureobasidium_thailandense	58	2	0	2	0	0.4368888	0.15115584	0.41195533
Malassezia_sympodialis	59	1	1	1	1	0.123263486	0.73146874	0.14526772
Peziza_echinospora	59	0	0	0	0	0.7554201	0.11904283	0.1255371
Ustilago_maydis	59	2	2	2	2	0.21674876	0.37187436	0.41137692
Kwoniella_shandongensis	59	1	1	1	1	0.20384836	0.47725523	0.31889644
Pneumocystis_jirovecii	59	1	1	1	1	0.12436355	0.75668174	0.11895472
Microbotryum_saponariae	59	2	2	2	2	0.27824846	0.22558326	0.4961683
Calocera_viscosa	59	0	0	0	0	0.6005093	0.17766477	0.22182596
Calocera_cornea	59	0	0	0	0	0.60089386	0.18215904	0.21694711
Sporisorium_reilianum	59	2	2	2	2	0.21110062	0.35144517	0.43745425
Exobasidium_rhododendri	59	0	2	0	2	0.24399176	0.26951393	0.48649433
Daedalea_quercina	59	0	0	0	0	0.73959327	0.11183099	0.1485758
Terfezia_boudieri	59	0	0	0	0	0.7187585	0.13084838	0.1503931
Sphaerosporella_brunnea	59	0	0	0	0	0.7878554	0.09702458	0.11512008
Protomyces_lactucae	59	2	1	2	1	0.23053598	0.46035045	0.30911353
Malassezia_restricta	59	1	1	1	1	0.1186043	0.73228526	0.14911045
Pholiota_conissans	60	0	0	0	0	0.8008383	0.08940732	0.10975441
Geopyxis_carbonaria	60	0	0	0	0	0.77328926	0.09817155	0.12853917
Saccharomycopsis_selenospora	60	2	1	2	1	0.12428906	0.70398307	0.17172788
Kalmanozyma_brasiliensis	60	1	2	1	2	0.109887645	0.10980157	0.7803108
Tilletia_walkeri	60	0	2	0	2	0.30623883	0.24200082	0.45176032
Schizosaccharomyces_osmophilus	60	1	1	1	1	0.09517709	0.80235463	0.102468304
Nakazawaea_anatomiae	60	1	1	1	1	0.14007573	0.67877215	0.18115206
Abortiporus_biennis	60	0	0	0	0	0.8018547	0.08837478	0.1097705
Alloascoidea_africana	60	2	1	2	1	0.2310907	0.48952138	0.27938792
Septoria_linicola	60	0	2	0	2	0.43445134	0.10598243	0.4595662
Pleurotus_ostreatus	60	0	0	0	0	0.79652166	0.09200256	0.11147576
Lipomyces_chichibuensis	60	1	1	1	1	0.16108276	0.6670687	0.17184852
Aspergillus_niger	60	0	0	0	0	0.7036436	0.13853067	0.15782566
Moesziomyces_aphidis	60	2	2	2	2	0.114784256	0.10359088	0.78162485
Aureobasidium_melanogenum	60	2	2	2	2	0.31826273	0.12315683	0.55858046
Schizosaccharomyces_octosporus	61	1	1	1	1	0.104560755	0.7906724	0.10476688
Acaromyces_ingoldii	61	2	2	2	2	0.34451342	0.23199005	0.42349648
Neolecta_irregularis	61	0	1	0	1	0.31899574	0.42404187	0.25696233
Neurospora_crassa	61	0	0	0	0	0.73234695	0.10697231	0.16068076
Boletus_edulis	61	0	0	0	0	0.63393605	0.19142653	0.17463739
Kwoniella_bestiolae	61	1	1	1	1	0.23410322	0.45270783	0.31318894
Kwoniella_dejecticola	61	1	1	1	1	0.23877227	0.46379903	0.2974287
Nakazawaea_anatomiae	61	1	1	1	1	0.16477963	0.5527383	0.2824821
Calocera_viscosa	61	0	0	0	0	0.6306729	0.1699229	0.19940418
Abortiporus_biennis	61	0	0	0	0	0.7366554	0.12818126	0.13516337
Tortispora_agaves	61	1	1	1	1	0.24859054	0.4202876	0.33112186
Daedalea_quercina	61	0	0	0	0	0.700613	0.14051802	0.15886891
Alloascoidea_africana	61	2	1	2	1	0.22009908	0.5103579	0.26954296
Cutaneotrichosporon_oleaginosum	61	2	2	2	2	0.24461587	0.35494843	0.40043566
Rhodotorula_graminis	61	2	2	2	2	0.15081537	0.15046953	0.6987151
Aureobasidium_melanogenum	61	2	2	2	2	0.38707256	0.14542814	0.46749935
Peziza_echinospora	62	0	0	0	0	0.66693664	0.18129498	0.15176837
Kwoniella_shandongensis	62	1	1	1	1	0.20571403	0.53483105	0.25945488
Lipomyces_kononenkoae	62	1	1	1	1	0.16312003	0.6868042	0.15007581
Rhodotorula_diobovata	62	2	2	2	2	0.21500106	0.188055	0.596944
Schizosaccharomyces_osmophilus	62	1	1	1	1	0.09744043	0.8002959	0.10226369
Morchella_snyderi	62	0	0	0	0	0.7285335	0.12515725	0.14630926
Candida_albicans	62	2	1	2	1	0.1592369	0.64809644	0.19266668
Lachancea_nothofagi	62	1	1	1	1	0.10215223	0.78222865	0.115619145
Malassezia_japonica	62	1	1	1	1	0.11102704	0.7691665	0.11980642
Rhodotorula_toruloides	62	2	2	2	2	0.16891928	0.14394514	0.68713564
Terfezia_boudieri	62	0	0	0	0	0.668009	0.13988642	0.1921046
Penicillium_ucsense	62	0	0	0	0	0.6379027	0.14344154	0.21865577
Kalaharituber_pfeilii	62	0	0	0	0	0.7973905	0.09438149	0.10822803
Pleurotus_ostreatus	62	0	0	0	0	0.7989794	0.09217157	0.10884898
Cryptococcus_amylolentus	62	2	1	2	1	0.1841624	0.61711234	0.19872528
Malassezia_sympodialis	63	1	1	1	1	0.11350841	0.765175	0.12131661
Exophiala_viscosa	63	2	0	2	0	0.6314143	0.12136462	0.24722105
Saccharomycopsis_selenospora	63	2	1	2	1	0.12252986	0.67995375	0.19751635
Kalmanozyma_brasiliensis	63	1	2	1	2	0.12696685	0.12415188	0.7488813
Tilletia_walkeri	63	0	2	0	2	0.31693655	0.26382095	0.41924253
Rhynchosporium_commune	63	0	0	0	0	0.7225434	0.10237646	0.17508014
Pneumocystis_jirovecii	63	1	1	1	1	0.12238478	0.7662791	0.11133617
Microbotryum_saponariae	63	2	2	2	2	0.2636352	0.18562777	0.550737
Taphrina_deformans	63	2	2	2	2	0.34704253	0.29644403	0.35651347
Ganoderma_leucocontextum	63	0	0	0	0	0.790122	0.0952287	0.11464933
Melampsora_larici	63	0	0	0	0	0.5970564	0.21458147	0.18836214
Tirmania_nivea	63	0	0	0	0	0.75579655	0.118396506	0.1258069
Sphaerosporella_brunnea	63	0	0	0	0	0.77192795	0.09936024	0.12871183
Schizosaccharomyces_pombe	63	1	1	1	1	0.107981816	0.78301984	0.10899838
Aspergillus_niger	63	0	0	0	0	0.6015383	0.15714581	0.2413159
Glomus_cerebriforme	64	0	0	0	0	0.4820237	0.2703737	0.24760267
Geopyxis_carbonaria	64	0	0	0	0	0.7749866	0.096496895	0.12851651
Saccharomyces_cerevisiae	64	1	1	1	1	0.16060251	0.59232223	0.2470753
Ustilago_maydis	64	2	2	2	2	0.19243516	0.3812468	0.42631808
Amorphotheca_resinae	64	0	0	0	0	0.5688733	0.17348003	0.2576467
Cronartium_quercuum	64	0	0	0	0	0.63002086	0.17188725	0.19809188
Kwoniella_pini	64	1	1	1	1	0.12943769	0.70370275	0.16685958
Yarrowia_lipolytica	64	2	1	2	1	0.16831172	0.59961927	0.23206905
Umbelopsis_vinacea	64	0	2	0	2	0.34349033	0.20506401	0.4514456
Calocera_cornea	64	0	0	0	0	0.73521125	0.11603958	0.14874922
Sporisorium_reilianum	64	2	1	2	1	0.17681138	0.43647388	0.3867147
Exobasidium_rhododendri	64	0	2	0	2	0.20681249	0.2685748	0.5246127
Debaryomyces_udenii	64	1	2	1	2	0.17885512	0.36400655	0.45713833
Lipomyces_chichibuensis	64	1	1	1	1	0.1885031	0.5867655	0.22473139
Rhodotorula_paludigena	64	2	2	2	2	0.15538009	0.13427123	0.7103487
Sporopachydermia_lactativora	65	1	1	1	1	0.16908741	0.48177907	0.3491335
Pneumocystis_carinii	65	1	1	1	1	0.12973483	0.7568635	0.11340166
Pholiota_conissans	65	0	0	0	0	0.7818702	0.10048255	0.11764727
Trichoderma_asperellum	65	0	0	0	0	0.65458286	0.1222325	0.22318463
Puccinia_striiformis	65	0	0	0	0	0.48245022	0.30363736	0.21391244
Tuber_melanosporum	65	0	0	0	0	0.6998058	0.14907627	0.1511179
Pyrenophora_teres	65	0	0	0	0	0.66738135	0.11563702	0.21698162
Penicillium_canescens	65	0	0	0	0	0.6030922	0.12225433	0.27465346
Schizosaccharomyces_cryophilus	65	1	1	1	1	0.10694002	0.7872443	0.10581563
Septoria_linicola	65	0	0	0	0	0.5028849	0.122471705	0.37464342
Protomyces_lactucae	65	2	1	2	1	0.24685885	0.42570192	0.3274392
Malassezia_restricta	65	1	1	1	1	0.11143109	0.7689923	0.11957656
Moesziomyces_aphidis	65	2	2	2	2	0.19578063	0.21120223	0.5930171
Aureobasidium_pullulans	65	2	0	2	0	0.47579584	0.14878651	0.37541765
Aureobasidium_thailandense	65	2	0	2	0	0.4536076	0.13510221	0.41129017
Sporopachydermia_lactativora	66	1	1	1	1	0.19321874	0.54256314	0.26421812
Schizosaccharomyces_octosporus	66	1	1	1	1	0.090112954	0.81979716	0.090089925
Pneumocystis_carinii	66	1	1	1	1	0.106532246	0.79288864	0.10057913
Glomus_cerebriforme	66	0	0	0	0	0.6465602	0.17998753	0.1734523
Geopyxis_carbonaria	66	0	0	0	0	0.8138926	0.096138805	0.08996859
Acaromyces_ingoldii	66	2	2	2	2	0.27004912	0.13517246	0.5947784
Puccinia_striiformis	66	0	0	0	0	0.5204093	0.3250738	0.1545169
Kalmanozyma_brasiliensis	66	1	2	1	2	0.101926565	0.09799434	0.80007905
Tilletia_walkeri	66	0	1	0	1	0.32783428	0.34160048	0.3305652
Tuber_melanosporum	66	0	0	0	0	0.7701599	0.114141285	0.11569876
Rhodotorula_diobovata	66	2	2	2	2	0.20404197	0.17966539	0.61629266
Morchella_snyderi	66	0	0	0	0	0.78484815	0.10012575	0.115026094
Candida_albicans	66	2	1	2	1	0.12529752	0.691063	0.18363945
Rhodotorula_toruloides	66	2	2	2	2	0.17571059	0.14381793	0.6804715
Malassezia_restricta	66	1	1	1	1	0.10020933	0.80688524	0.09290545
Cryptococcus_amylolentus	66	2	1	2	1	0.1255073	0.7473561	0.1271366
Malassezia_sympodialis	67	1	1	1	1	0.107506916	0.7965737	0.09591939
Pholiota_conissans	67	0	0	0	0	0.7954775	0.09205566	0.11246679
Neurospora_crassa	67	0	0	0	0	0.7286795	0.09803156	0.17328897
Saccharomycopsis_selenospora	67	2	1	2	1	0.09813125	0.77796626	0.12390245
Schizosaccharomyces_osmophilus	67	1	1	1	1	0.09172661	0.81676054	0.09151281
Cronartium_quercuum	67	0	0	0	0	0.5230727	0.22349405	0.25343323
Rhynchosporium_commune	67	0	0	0	0	0.70550215	0.10466508	0.18983276
Kwoniella_bestiolae	67	1	1	1	1	0.11076043	0.69572884	0.19351076
Pyrenophora_teres	67	0	0	0	0	0.70144457	0.09840811	0.20014732
Yarrowia_lipolytica	67	2	1	2	1	0.13447161	0.7095726	0.1559558
Debaryomyces_udenii	67	1	2	1	2	0.20222473	0.34415606	0.45361924
Penicillium_ucsense	67	0	0	0	0	0.59754366	0.13368835	0.26876798
Schizosaccharomyces_pombe	67	1	1	1	1	0.0938652	0.811713	0.09442178
Protomyces_lactucae	67	2	1	2	1	0.1386291	0.6808446	0.18052633
Aureobasidium_melanogenum	67	2	2	2	2	0.4423876	0.106985375	0.45062703
Peziza_echinospora	68	0	0	0	0	0.7338156	0.13218927	0.13399515
Ustilago_maydis	68	2	2	2	2	0.16950707	0.27647856	0.5540143
Pneumocystis_jirovecii	68	1	1	1	1	0.13625258	0.75483924	0.10890819
Microbotryum_saponariae	68	2	2	2	2	0.27970314	0.21123607	0.5090608
Taphrina_deformans	68	2	1	2	1	0.30960917	0.38611603	0.30427477
Nakazawaea_anatomiae	68	1	1	1	1	0.16801779	0.54741603	0.28456613
Exobasidium_rhododendri	68	0	2	0	2	0.22276756	0.2598094	0.51742303
Malassezia_japonica	68	1	1	1	1	0.14044651	0.72283185	0.13672161
Melampsora_larici	68	0	0	0	0	0.5861458	0.1989401	0.21491407
Abortiporus_biennis	68	0	0	0	0	0.7841113	0.096224435	0.11966424
Terfezia_boudieri	68	0	0	0	0	0.6938362	0.13805555	0.16810822
Kalaharituber_pfeilii	68	0	0	0	0	0.77865267	0.09867567	0.12267169
Pleurotus_ostreatus	68	0	0	0	0	0.79700756	0.09503414	0.1079583
Lipomyces_chichibuensis	68	1	1	1	1	0.21432039	0.56485385	0.22082576
Rhodotorula_paludigena	68	2	2	2	2	0.16594519	0.15303876	0.681016
Neolecta_irregularis	69	0	1	0	1	0.2727756	0.4629034	0.26432094
Kwoniella_shandongensis	69	1	1	1	1	0.19388205	0.5161836	0.28993437
Lipomyces_kononenkoae	69	1	1	1	1	0.1707808	0.62413645	0.20508274
Exophiala_viscosa	69	2	0	2	0	0.53263	0.122706436	0.34466353
Amorphotheca_resinae	69	0	0	0	0	0.66921663	0.13779354	0.1929898
Boletus_edulis	69	0	0	0	0	0.69430476	0.15234981	0.15334547
Calocera_viscosa	69	0	0	0	0	0.7206135	0.1308928	0.14849377
Lachancea_nothofagi	69	1	1	1	1	0.10641053	0.7237988	0.16979071
Ganoderma_leucocontextum	69	0	0	0	0	0.76592016	0.1113262	0.122753605
Sporisorium_reilianum	69	2	2	2	2	0.16090278	0.22225393	0.6168433
Tortispora_agaves	69	1	1	1	1	0.21249801	0.4316176	0.3558844
Tirmania_nivea	69	0	0	0	0	0.77845955	0.10308393	0.11845651
Septoria_linicola	69	0	0	0	0	0.497211	0.12769872	0.3750902
Rhodotorula_graminis	69	2	2	2	2	0.14061145	0.15581366	0.7035749
Aureobasidium_pullulans	69	2	2	2	2	0.24024907	0.16493128	0.59481966
Trichoderma_asperellum	70	0	0	0	0	0.6321727	0.14322627	0.224601
Saccharomyces_cerevisiae	70	1	1	1	1	0.12547338	0.71670085	0.15782577
Kwoniella_pini	70	1	1	1	1	0.18254066	0.58158904	0.23587032
Kwoniella_dejecticola	70	1	1	1	1	0.16140877	0.6222852	0.21630603
Umbelopsis_vinacea	70	0	0	0	0	0.4140362	0.21423922	0.37172458
Calocera_cornea	70	0	0	0	0	0.69622713	0.13812836	0.16564456
Daedalea_quercina	70	0	0	0	0	0.7264575	0.12931761	0.14422485
Penicillium_canescens	70	0	0	0	0	0.5225423	0.18177667	0.29568106
Alloascoidea_africana	70	2	1	2	1	0.21826653	0.39167625	0.3900572
Cutaneotrichosporon_oleaginosum	70	2	1	2	1	0.23770787	0.41551772	0.34677437
Schizosaccharomyces_cryophilus	70	1	1	1	1	0.10412814	0.7853282	0.11054369
Sphaerosporella_brunnea	70	0	0	0	0	0.7814725	0.09633443	0.12219309
Aspergillus_niger	70	0	0	0	0	0.5290115	0.19492261	0.27606592
Moesziomyces_aphidis	70	2	2	2	2	0.17423266	0.2289089	0.59685844
Aureobasidium_thailandense	70	2	2	2	2	0.35170308	0.13024563	0.5180513
Malassezia_sympodialis	71	1	1	1	1	0.096626304	0.8053099	0.09806382
Acaromyces_ingoldii	71	2	2	2	2	0.3269435	0.18662298	0.4864335
Kwoniella_shandongensis	71	1	1	1	1	0.23620719	0.44998965	0.3138031
Schizosaccharomyces_osmophilus	71	1	1	1	1	0.09015524	0.81871367	0.091131076
Cronartium_quercuum	71	0	0	0	0	0.5223963	0.25318116	0.22442248
Rhynchosporium_commune	71	0	0	0	0	0.74892247	0.102596596	0.1484809
Candida_albicans	71	2	1	2	1	0.15624207	0.6284358	0.21532214
Lachancea_nothofagi	71	1	1	1	1	0.107144065	0.7886201	0.10423586
Exobasidium_rhododendri	71	0	2	0	2	0.28734565	0.1818044	0.53085
Kalaharituber_pfeilii	71	0	0	0	0	0.8154918	0.088620804	0.09588735
Pleurotus_ostreatus	71	0	0	0	0	0.8061213	0.08809967	0.10577903
Protomyces_lactucae	71	2	1	2	1	0.13646129	0.6346683	0.22887042
Lipomyces_chichibuensis	71	1	1	1	1	0.13143097	0.71740085	0.15116826
Aspergillus_niger	71	0	0	0	0	0.68569255	0.16640863	0.14789882
Rhodotorula_paludigena	71	2	2	2	2	0.17159694	0.10972464	0.7186784
Aureobasidium_thailandense	71	2	2	2	2	0.24922174	0.121298	0.6294803
Glomus_cerebriforme	72	0	0	0	0	0.60979396	0.20797382	0.18223223
Geopyxis_carbonaria	72	0	0	0	0	0.7885714	0.0958603	0.11556831
Kalmanozyma_brasiliensis	72	1	2	1	2	0.11468252	0.104503445	0.780814
Tilletia_walkeri	72	0	2	0	2	0.33899796	0.299367	0.36163506
Tuber_melanosporum	72	0	0	0	0	0.73276275	0.123725496	0.14351174
Pneumocystis_jirovecii	72	1	1	1	1	0.09521469	0.8008594	0.10392598
Kwoniella_pini	72	1	1	1	1	0.11041166	0.7728642	0.116724074
Yarrowia_lipolytica	72	2	1	2	1	0.1735363	0.5697955	0.25666824
Nakazawaea_anatomiae	72	1	1	1	1	0.20057815	0.48752314	0.31189874
Sporisorium_reilianum	72	2	2	2	2	0.10909848	0.1020683	0.78883326
Tortispora_agaves	72	1	1	1	1	0.27190316	0.38559222	0.3425046
Penicillium_canescens	72	0	0	0	0	0.6206487	0.123431176	0.2559201
Septoria_linicola	72	0	2	0	2	0.3282675	0.09531384	0.57641864
Cryptococcus_amylolentus	72	2	1	2	1	0.1484152	0.67613816	0.17544663
Rhodotorula_graminis	72	2	2	2	2	0.18171313	0.17184696	0.6464399
Sporopachydermia_lactativora	73	1	1	1	1	0.12271842	0.6427248	0.23455673
Peziza_echinospora	73	0	0	0	0	0.65224946	0.17532656	0.17242394
Ustilago_maydis	73	2	2	2	2	0.16923067	0.2448742	0.5858952
Exophiala_viscosa	73	2	0	2	0	0.6296141	0.12891574	0.24147011
Saccharomycopsis_selenospora	73	2	1	2	1	0.12210379	0.67498535	0.20291087
Amorphotheca_resinae	73	0	0	0	0	0.7062954	0.10800881	0.18569578
Boletus_edulis	73	0	0	0	0	0.76725596	0.11129712	0.12144691
Kwoniella_bestiolae	73	1	1	1	1	0.1290294	0.71670294	0.15426762
Pyrenophora_teres	73	0	0	0	0	0.7596556	0.09385367	0.14649072
Calocera_viscosa	73	0	0	0	0	0.64732283	0.1413904	0.2112868
Calocera_cornea	73	0	0	0	0	0.60069376	0.11812542	0.28118083
Terfezia_boudieri	73	0	0	0	0	0.6219804	0.16656148	0.21145806
Schizosaccharomyces_cryophilus	73	1	1	1	1	0.0965874	0.7980087	0.105403915
Schizosaccharomyces_pombe	73	1	1	1	1	0.10222658	0.7863515	0.11142191
Aureobasidium_pullulans	73	2	2	2	2	0.27714372	0.17437845	0.5484778
Schizosaccharomyces_octosporus	74	1	1	1	1	0.11179003	0.7745407	0.11366926
Saccharomyces_cerevisiae	74	1	1	1	1	0.12460352	0.6599777	0.21541879
Lipomyces_kononenkoae	74	1	1	1	1	0.20931414	0.58656204	0.2041238
Neurospora_crassa	74	0	0	0	0	0.7228077	0.11082431	0.166368
Puccinia_striiformis	74	0	0	0	0	0.47343418	0.3129997	0.21356618
Rhodotorula_diobovata	74	2	2	2	2	0.2407283	0.2095748	0.54969686
Morchella_snyderi	74	0	0	0	0	0.761398	0.111963026	0.12663898
Microbotryum_saponariae	74	2	2	2	2	0.3007743	0.23146059	0.46776512
Taphrina_deformans	74	2	1	2	1	0.30861187	0.3686397	0.32274845
Umbelopsis_vinacea	74	0	0	0	0	0.51921636	0.22297764	0.257806
Ganoderma_leucocontextum	74	0	0	0	0	0.75486	0.10983886	0.13530114
Melampsora_larici	74	0	0	0	0	0.4776866	0.29132998	0.23098338
Rhodotorula_toruloides	74	2	2	2	2	0.24417391	0.2050268	0.55079925
Abortiporus_biennis	74	0	0	0	0	0.76465315	0.11093385	0.12441299
Malassezia_restricta	74	1	1	1	1	0.105657406	0.78603625	0.10830635
Pneumocystis_carinii	75	1	1	1	1	0.107039936	0.7929143	0.10004581
Pholiota_conissans	75	0	0	0	0	0.81430995	0.090057544	0.09563257
Trichoderma_asperellum	75	0	0	0	0	0.7205632	0.121628486	0.15780827
Neolecta_irregularis	75	0	1	0	1	0.27957737	0.39034742	0.3300752
Kwoniella_dejecticola	75	1	1	1	1	0.11029799	0.76734936	0.12235265
Debaryomyces_udenii	75	1	2	1	2	0.15027033	0.3239969	0.52573276
Malassezia_japonica	75	1	1	1	1	0.11300702	0.77289313	0.114099845
Daedalea_quercina	75	0	0	0	0	0.8028733	0.094455235	0.102671504
Alloascoidea_africana	75	2	2	2	2	0.22249737	0.3175418	0.45996088
Cutaneotrichosporon_oleaginosum	75	2	1	2	1	0.25671977	0.4306687	0.3126115
Tirmania_nivea	75	0	0	0	0	0.8028602	0.09822408	0.09891566
Sphaerosporella_brunnea	75	0	0	0	0	0.7702214	0.095050804	0.13472773
Penicillium_ucsense	75	0	0	0	0	0.7008401	0.13559915	0.16356075
Moesziomyces_aphidis	75	2	2	2	2	0.14105272	0.19335227	0.66559505
Aureobasidium_melanogenum	75	2	2	2	2	0.3794709	0.13191925	0.48860976
Sporopachydermia_lactativora	76	1	1	1	1	0.15706438	0.5474217	0.2955139
Schizosaccharomyces_octosporus	76	1	1	1	1	0.09541546	0.800761	0.10382351
Acaromyces_ingoldii	76	2	0	2	0	0.44160962	0.21308601	0.34530434
Neolecta_irregularis	76	0	1	0	1	0.36903495	0.3706796	0.26028547
Kwoniella_shandongensis	76	1	2	1	2	0.23504019	0.37081435	0.39414543
Amorphotheca_resinae	76	0	0	0	0	0.6281786	0.15395865	0.21786274
Kwoniella_pini	76	1	1	1	1	0.19454113	0.5435305	0.26192835
Candida_albicans	76	2	1	2	1	0.1508149	0.5173196	0.3318655
Calocera_viscosa	76	0	0	0	0	0.64710534	0.122118615	0.23077609
Debaryomyces_udenii	76	1	1	1	1	0.15404582	0.53083295	0.3151212
Penicillium_canescens	76	0	0	0	0	0.50010663	0.13409492	0.36579844
Septoria_linicola	76	0	2	0	2	0.3415596	0.139164	0.5192764
Aspergillus_niger	76	0	0	0	0	0.46041912	0.16912237	0.37045854
Moesziomyces_aphidis	76	2	2	2	2	0.19149752	0.22710355	0.58139896
Rhodotorula_paludigena	76	2	2	2	2	0.17230114	0.12338358	0.7043153
Aureobasidium_thailandense	76	2	2	2	2	0.25832632	0.1551443	0.5865294
Malassezia_sympodialis	77	1	1	1	1	0.11471101	0.7375061	0.14778288
Tilletia_walkeri	77	0	2	0	2	0.25192267	0.3361118	0.41196555
Schizosaccharomyces_osmophilus	77	1	1	1	1	0.09727836	0.79583824	0.10688342
Microbotryum_saponariae	77	2	2	2	2	0.2522242	0.19516797	0.5526078
Taphrina_deformans	77	2	1	2	1	0.2457255	0.4057567	0.34851784
Umbelopsis_vinacea	77	0	0	0	0	0.39852884	0.23712395	0.36434725
Calocera_cornea	77	0	0	0	0	0.68998086	0.14683126	0.16318786
Sporisorium_reilianum	77	2	2	2	2	0.1524301	0.2689043	0.5786656
Exobasidium_rhododendri	77	0	2	0	2	0.18740699	0.25665826	0.5559347
Malassezia_japonica	77	1	1	1	1	0.13148835	0.70121133	0.16730034
Daedalea_quercina	77	0	0	0	0	0.7723853	0.10462392	0.12299079
Tirmania_nivea	77	0	0	0	0	0.7566598	0.11789425	0.12544595
Schizosaccharomyces_pombe	77	1	1	1	1	0.10752465	0.77591544	0.11655994
Lipomyces_chichibuensis	77	1	1	1	1	0.1812658	0.59821093	0.22052325
Aureobasidium_melanogenum	77	2	0	2	0	0.43166816	0.1454988	0.42283309
Pholiota_conissans	78	0	0	0	0	0.74905795	0.113789365	0.13715267
Trichoderma_asperellum	78	0	0	0	0	0.70800984	0.11053728	0.18145294
Kalmanozyma_brasiliensis	78	1	2	1	2	0.15921591	0.13707207	0.703712
Tuber_melanosporum	78	0	0	0	0	0.73498625	0.12892845	0.13608533
Rhynchosporium_commune	78	0	0	0	0	0.66087043	0.12117777	0.2179518
Kwoniella_bestiolae	78	1	1	1	1	0.17367631	0.6210297	0.20529397
Nakazawaea_anatomiae	78	1	1	1	1	0.1398623	0.5916658	0.26847193
Melampsora_larici	78	0	0	0	0	0.5058281	0.27838376	0.21578816
Abortiporus_biennis	78	0	0	0	0	0.75481117	0.11587043	0.12931843
Alloascoidea_africana	78	2	1	2	1	0.27674112	0.4451459	0.278113
Pleurotus_ostreatus	78	0	0	0	0	0.7446636	0.11521085	0.14012556
Protomyces_lactucae	78	2	2	2	2	0.2426569	0.37013522	0.38720787
Malassezia_restricta	78	1	1	1	1	0.11735992	0.76587564	0.116764486
Cryptococcus_amylolentus	78	2	1	2	1	0.2095755	0.5677576	0.22266687
Aureobasidium_pullulans	78	2	2	2	2	0.39369622	0.1500159	0.45628792
Pneumocystis_carinii	79	1	1	1	1	0.121866174	0.7578022	0.12033168
Glomus_cerebriforme	79	0	0	0	0	0.5729713	0.22040263	0.20662606
Peziza_echinospora	79	0	0	0	0	0.7375065	0.1371704	0.12532306
Saccharomyces_cerevisiae	79	1	1	1	1	0.13273682	0.6590399	0.20822325
Ustilago_maydis	79	2	2	2	2	0.18390016	0.26098555	0.55511427
Lipomyces_kononenkoae	79	1	1	1	1	0.20216903	0.6045619	0.19326904
Rhodotorula_diobovata	79	2	2	2	2	0.20195456	0.18167298	0.61637247
Cronartium_quercuum	79	0	0	0	0	0.5668138	0.22433926	0.20884693
Boletus_edulis	79	0	0	0	0	0.7146664	0.13533641	0.14999717
Pyrenophora_teres	79	0	0	0	0	0.7027726	0.10084379	0.19638358
Ganoderma_leucocontextum	79	0	0	0	0	0.7640318	0.10433402	0.13163413
Rhodotorula_toruloides	79	2	2	2	2	0.21983208	0.17975023	0.6004177
Tortispora_agaves	79	1	1	1	1	0.22767055	0.4476861	0.3246434
Cutaneotrichosporon_oleaginosum	79	2	1	2	1	0.21206208	0.5044878	0.28345013
Sphaerosporella_brunnea	79	0	0	0	0	0.7755807	0.10053409	0.12388519
Geopyxis_carbonaria	80	0	0	0	0	0.75184876	0.10080652	0.14734471
Neurospora_crassa	80	0	0	0	0	0.7783427	0.096691415	0.124965854
Exophiala_viscosa	80	2	0	2	0	0.5849844	0.12721926	0.28779626
Puccinia_striiformis	80	0	0	0	0	0.6591565	0.17594038	0.16490312
Saccharomycopsis_selenospora	80	2	1	2	1	0.11537718	0.7410616	0.14356121
Pneumocystis_jirovecii	80	1	1	1	1	0.10536277	0.78487474	0.10976244
Morchella_snyderi	80	0	0	0	0	0.7400281	0.108496554	0.15147537
Kwoniella_dejecticola	80	1	1	1	1	0.110738695	0.73798305	0.15127829
Yarrowia_lipolytica	80	2	1	2	1	0.1558935	0.63146514	0.21264134
Lachancea_nothofagi	80	1	1	1	1	0.09654706	0.7522175	0.15123548
Terfezia_boudieri	80	0	0	0	0	0.7293239	0.12730506	0.14337106
Schizosaccharomyces_cryophilus	80	1	1	1	1	0.09733884	0.80339	0.099271126
Penicillium_ucsense	80	0	0	0	0	0.6508648	0.1341167	0.21501857
Kalaharituber_pfeilii	80	0	0	0	0	0.7736097	0.0968362	0.12955414
Rhodotorula_graminis	80	2	2	2	2	0.15039952	0.13666305	0.7129374
Malassezia_sympodialis	81	1	1	1	1	0.100930266	0.80390215	0.09516761
Geopyxis_carbonaria	81	0	0	0	0	0.79446733	0.095394395	0.110138275
Trichoderma_asperellum	81	0	0	0	0	0.73299736	0.112139866	0.15486275
Saccharomyces_cerevisiae	81	1	1	1	1	0.12817611	0.6947776	0.17704624
Ustilago_maydis	81	2	2	2	2	0.17161731	0.20083423	0.62754846
Kwoniella_shandongensis	81	1	1	1	1	0.24399243	0.4164215	0.33958602
Neurospora_crassa	81	0	0	0	0	0.76268184	0.09483411	0.14248404
Saccharomycopsis_selenospora	81	2	1	2	1	0.11602128	0.66282773	0.221151
Taphrina_deformans	81	2	1	2	1	0.29953697	0.39404255	0.30642042
Kwoniella_bestiolae	81	1	1	1	1	0.1404464	0.66455364	0.19499995
Nakazawaea_anatomiae	81	1	1	1	1	0.14461224	0.621808	0.23357974
Ganoderma_leucocontextum	81	0	0	0	0	0.7913991	0.10393146	0.104669414
Abortiporus_biennis	81	0	0	0	0	0.81181717	0.093804665	0.09437819
Cutaneotrichosporon_oleaginosum	81	2	1	2	1	0.2820492	0.37632203	0.34162873
Penicillium_ucsense	81	0	0	0	0	0.6727379	0.12728304	0.19997905
Aureobasidium_melanogenum	81	2	2	2	2	0.32075348	0.123425506	0.555821
Schizosaccharomyces_octosporus	82	1	1	1	1	0.10006077	0.7935074	0.106431834
Pneumocystis_carinii	82	1	1	1	1	0.09984487	0.7962602	0.10389494
Pholiota_conissans	82	0	0	0	0	0.80703145	0.089606605	0.10336193
Neolecta_irregularis	82	0	1	0	1	0.25241017	0.45963016	0.28795967
Cronartium_quercuum	82	0	0	0	0	0.5599369	0.23364326	0.20641986
Kwoniella_dejecticola	82	1	1	1	1	0.11736812	0.7478995	0.13473244
Candida_albicans	82	2	1	2	1	0.13301066	0.690013	0.17697635
Calocera_viscosa	82	0	0	0	0	0.725113	0.13029984	0.14458719
Sporisorium_reilianum	82	2	2	2	2	0.15087646	0.21535544	0.6337681
Malassezia_japonica	82	1	1	1	1	0.09991315	0.7782736	0.1218132
Penicillium_canescens	82	0	0	0	0	0.7048425	0.09905551	0.19610196
Alloascoidea_africana	82	2	1	2	1	0.22655353	0.5127692	0.26067725
Schizosaccharomyces_cryophilus	82	1	1	1	1	0.101474084	0.7912117	0.10731418
Tirmania_nivea	82	0	0	0	0	0.7805396	0.10504272	0.114417724
Cryptococcus_amylolentus	82	2	1	2	1	0.14178482	0.6964409	0.16177435
Glomus_cerebriforme	83	0	0	0	0	0.5843004	0.18899424	0.22670537
Amorphotheca_resinae	83	0	0	0	0	0.5824531	0.18297625	0.2345707
Rhodotorula_diobovata	83	2	2	2	2	0.19541892	0.19831179	0.60626936
Rhynchosporium_commune	83	0	0	0	0	0.7573398	0.08663918	0.15602104
Boletus_edulis	83	0	0	0	0	0.72780365	0.12053817	0.15165815
Microbotryum_saponariae	83	2	2	2	2	0.203994	0.20907308	0.5869329
Yarrowia_lipolytica	83	2	1	2	1	0.17433673	0.5897298	0.23593353
Calocera_cornea	83	0	0	0	0	0.73450047	0.11834158	0.14715798
Exobasidium_rhododendri	83	0	2	0	2	0.17047031	0.19096127	0.63856846
Debaryomyces_udenii	83	1	2	1	2	0.18079092	0.3042603	0.5149488
Rhodotorula_toruloides	83	2	2	2	2	0.17418242	0.18123433	0.6445833
Tortispora_agaves	83	1	1	1	1	0.17696743	0.59272075	0.23031186
Daedalea_quercina	83	0	0	0	0	0.77132124	0.10470983	0.12396892
Malassezia_restricta	83	1	1	1	1	0.10078017	0.8040848	0.09513509
Lipomyces_chichibuensis	83	1	1	1	1	0.15826428	0.6544086	0.18732712
Sporopachydermia_lactativora	84	1	1	1	1	0.17503127	0.4858591	0.3391096
Exophiala_viscosa	84	2	0	2	0	0.53344125	0.12854457	0.33801422
Puccinia_striiformis	84	0	0	0	0	0.5582602	0.25582245	0.1859173
Kalmanozyma_brasiliensis	84	1	2	1	2	0.15003823	0.13628942	0.7136724
Tuber_melanosporum	84	0	0	0	0	0.71879965	0.1315488	0.14965156
Pneumocystis_jirovecii	84	1	1	1	1	0.11754819	0.7698891	0.11256264
Morchella_snyderi	84	0	0	0	0	0.7724908	0.10256505	0.12494418
Sphaerosporella_brunnea	84	0	0	0	0	0.75871813	0.10257492	0.13870691
Kalaharituber_pfeilii	84	0	0	0	0	0.77196246	0.105395794	0.122641765
Septoria_linicola	84	0	0	0	0	0.50201064	0.123956025	0.37403333
Schizosaccharomyces_pombe	84	1	1	1	1	0.10609066	0.7865675	0.107341796
Rhodotorula_graminis	84	2	2	2	2	0.1594976	0.15124068	0.68926173
Aspergillus_niger	84	0	0	0	0	0.62666076	0.14997305	0.22336617
Moesziomyces_aphidis	84	2	2	2	2	0.16637836	0.1287674	0.70485425
Aureobasidium_pullulans	84	2	2	2	2	0.35921475	0.16012476	0.4806605
Peziza_echinospora	85	0	0	0	0	0.71621394	0.14181562	0.14197046
Acaromyces_ingoldii	85	2	2	2	2	0.34879428	0.22251093	0.42869484
Lipomyces_kononenkoae	85	1	1	1	1	0.19234432	0.60058314	0.20707257
Tilletia_walkeri	85	0	2	0	2	0.3105578	0.34439698	0.3450452
Schizosaccharomyces_osmophilus	85	1	1	1	1	0.09727987	0.79946387	0.103256315
Kwoniella_pini	85	1	1	1	1	0.13929096	0.67709184	0.1836172
Pyrenophora_teres	85	0	0	0	0	0.7284913	0.09993355	0.17157519
Umbelopsis_vinacea	85	0	0	0	0	0.47252527	0.21430814	0.31316662
Lachancea_nothofagi	85	1	1	1	1	0.102537245	0.7294612	0.16800153
Melampsora_larici	85	0	0	0	0	0.5779406	0.20543417	0.21662523
Terfezia_boudieri	85	0	0	0	0	0.68745625	0.15388818	0.15865558
Pleurotus_ostreatus	85	0	0	0	0	0.7822279	0.10364891	0.11412319
Protomyces_lactucae	85	2	1	2	1	0.21277593	0.48656273	0.30066133
Rhodotorula_paludigena	85	2	2	2	2	0.18151101	0.15658994	0.66189903
Aureobasidium_thailandense	85	2	2	2	2	0.36780098	0.13784963	0.4943494
Pneumocystis_carinii	86	1	1	1	1	0.11449135	0.78295594	0.102552705
Acaromyces_ingoldii	86	2	2	2	2	0.4146898	0.116671994	0.4686382
Lipomyces_kononenkoae	86	1	1	1	1	0.19525675	0.6416029	0.16314034
Kalmanozyma_brasiliensis	86	1	2	1	2	0.11505014	0.10003209	0.7849178
Rhynchosporium_commune	86	0	0	0	0	0.6502573	0.110834554	0.23890817
Morchella_snyderi	86	0	0	0	0	0.800592	0.09452817	0.104879834
Debaryomyces_udenii	86	1	2	1	2	0.1716561	0.40464044	0.4237035
Abortiporus_biennis	86	0	0	0	0	0.78901196	0.09677609	0.11421192
Sphaerosporella_brunnea	86	0	0	0	0	0.7779377	0.09892304	0.12313923
Kalaharituber_pfeilii	86	0	0	0	0	0.7901713	0.101688705	0.10813995
Septoria_linicola	86	0	0	0	0	0.46801817	0.09747774	0.4345041
Schizosaccharomyces_pombe	86	1	1	1	1	0.111085534	0.7806588	0.10825564
Cryptococcus_amylolentus	86	2	1	2	1	0.17398399	0.64866763	0.17734836
Rhodotorula_paludigena	86	2	2	2	2	0.2298768	0.12028086	0.6498423
Aureobasidium_pullulans	86	2	0	2	0	0.4560401	0.13021958	0.41374034
Aureobasidium_thailandense	86	2	0	2	0	0.44756195	0.110809304	0.44162875
Malassezia_sympodialis	87	1	1	1	1	0.09804915	0.80518407	0.09676679
Neolecta_irregularis	87	0	1	0	1	0.32888824	0.34056073	0.33055103
Saccharomycopsis_selenospora	87	2	1	2	1	0.106124066	0.7364912	0.15738475
Amorphotheca_resinae	87	0	0	0	0	0.61947495	0.16091193	0.21961305
Rhodotorula_diobovata	87	2	2	2	2	0.12938479	0.12611078	0.7445044
Kwoniella_bestiolae	87	1	1	1	1	0.122127734	0.73526365	0.14260861
Candida_albicans	87	2	1	2	1	0.1420527	0.6660121	0.1919352
Nakazawaea_anatomiae	87	1	1	1	1	0.11042309	0.75910664	0.13047028
Umbelopsis_vinacea	87	0	0	0	0	0.49171415	0.21085632	0.29742947
Lachancea_nothofagi	87	1	1	1	1	0.09286661	0.8052145	0.10191888
Ganoderma_leucocontextum	87	0	0	0	0	0.79174453	0.101206146	0.10704927
Calocera_cornea	87	0	0	0	0	0.7688323	0.11587598	0.11529172
Daedalea_quercina	87	0	0	0	0	0.7969015	0.10047179	0.10262662
Protomyces_lactucae	87	2	1	2	1	0.17164062	0.5801666	0.2481928
Lipomyces_chichibuensis	87	1	1	1	1	0.13401116	0.7368851	0.1291038
Saccharomyces_cerevisiae	88	1	1	1	1	0.12691371	0.6453114	0.22777487
Neurospora_crassa	88	0	0	0	0	0.7708939	0.09672504	0.1323811
Exophiala_viscosa	88	2	0	2	0	0.5952406	0.117492765	0.28726667
Cronartium_quercuum	88	0	0	0	0	0.51801056	0.2508116	0.23117784
Boletus_edulis	88	0	0	0	0	0.7144097	0.14311917	0.14247115
Kwoniella_pini	88	1	1	1	1	0.14629416	0.6731611	0.18054478
Pyrenophora_teres	88	0	0	0	0	0.6726451	0.10958663	0.2177683
Exobasidium_rhododendri	88	0	2	0	2	0.15028103	0.16434689	0.6853721
Malassezia_japonica	88	1	1	1	1	0.11152045	0.7658787	0.12260087
Tortispora_agaves	88	1	1	1	1	0.24851096	0.37687472	0.37461433
Penicillium_canescens	88	0	0	0	0	0.6853699	0.11807312	0.196557
Cutaneotrichosporon_oleaginosum	88	2	1	2	1	0.2291077	0.45831153	0.31258082
Pleurotus_ostreatus	88	0	0	0	0	0.7867557	0.09975564	0.11348866
Rhodotorula_graminis	88	2	2	2	2	0.11951519	0.121407926	0.7590769
Aureobasidium_melanogenum	88	2	0	2	0	0.4708693	0.12216264	0.4069681
Sporopachydermia_lactativora	89	1	1	1	1	0.19660826	0.52525836	0.2781334
Schizosaccharomyces_octosporus	89	1	1	1	1	0.09098535	0.8162541	0.092760585
Glomus_cerebriforme	89	0	0	0	0	0.5810747	0.22865327	0.19027205
Trichoderma_asperellum	89	0	0	0	0	0.7401828	0.11365293	0.1461643
Ustilago_maydis	89	2	1	2	1	0.18251848	0.41081902	0.40666255
Puccinia_striiformis	89	0	0	0	0	0.62200934	0.21647756	0.16151309
Tilletia_walkeri	89	0	0	0	0	0.33743867	0.3305685	0.33199283
Pneumocystis_jirovecii	89	1	1	1	1	0.10211818	0.80309284	0.09478899
Taphrina_deformans	89	2	1	2	1	0.29881278	0.4051389	0.2960483
Kwoniella_dejecticola	89	1	1	1	1	0.11438176	0.7330807	0.15253751
Yarrowia_lipolytica	89	2	1	2	1	0.15354803	0.5655653	0.28088668
Calocera_viscosa	89	0	0	0	0	0.70882475	0.12739828	0.16377693
Sporisorium_reilianum	89	2	1	2	1	0.1859114	0.4240411	0.3900475
Tirmania_nivea	89	0	0	0	0	0.7941681	0.10314667	0.10268523
Aspergillus_niger	89	0	0	0	0	0.71392286	0.11273957	0.17333755
Pholiota_conissans	90	0	0	0	0	0.8009686	0.09405576	0.10497567
Geopyxis_carbonaria	90	0	0	0	0	0.7945936	0.09709546	0.10831091
Peziza_echinospora	90	0	0	0	0	0.7403503	0.13460045	0.12504923
Kwoniella_shandongensis	90	1	1	1	1	0.23796657	0.46221772	0.29981577
Tuber_melanosporum	90	0	0	0	0	0.77631325	0.10789493	0.11579184
Schizosaccharomyces_osmophilus	90	1	1	1	1	0.09347105	0.81314164	0.09338738
Microbotryum_saponariae	90	2	2	2	2	0.2802823	0.20401546	0.51570225
Melampsora_larici	90	0	0	0	0	0.695053	0.14713657	0.15781052
Rhodotorula_toruloides	90	2	2	2	2	0.15886918	0.13624486	0.70488596
Alloascoidea_africana	90	2	2	2	2	0.23167701	0.3195044	0.4488186
Terfezia_boudieri	90	0	0	0	0	0.69606054	0.1377968	0.16614266
Schizosaccharomyces_cryophilus	90	1	1	1	1	0.09635172	0.8068444	0.096803896
Penicillium_ucsense	90	0	0	0	0	0.66176456	0.13824505	0.19999044
Malassezia_restricta	90	1	1	1	1	0.09890784	0.7958863	0.10520583
Moesziomyces_aphidis	90	2	2	2	2	0.1459117	0.20703404	0.64705426
Pneumocystis_carinii	91	1	1	1	1	0.11527171	0.76952076	0.11520755
Glomus_cerebriforme	91	0	0	0	0	0.53555024	0.2659602	0.19848956
Puccinia_striiformis	91	0	0	0	0	0.580967	0.21876627	0.20026675
Saccharomycopsis_selenospora	91	2	1	2	1	0.13071702	0.6753734	0.19390962
Rhodotorula_diobovata	91	2	2	2	2	0.24991944	0.22807927	0.5220013
Schizosaccharomyces_osmophilus	91	1	1	1	1	0.09337585	0.8119393	0.094684824
Kwoniella_bestiolae	91	1	1	1	1	0.16661137	0.6196971	0.2136915
Nakazawaea_anatomiae	91	1	1	1	1	0.12767756	0.6438685	0.22845392
Malassezia_japonica	91	1	1	1	1	0.13005853	0.72396594	0.1459755
Rhodotorula_toruloides	91	2	2	2	2	0.2485621	0.22090061	0.5305373
Abortiporus_biennis	91	0	0	0	0	0.78321284	0.100016035	0.11677112
Terfezia_boudieri	91	0	0	0	0	0.6609896	0.168554	0.17045647
Tirmania_nivea	91	0	0	0	0	0.69224393	0.15615004	0.15160601
Sphaerosporella_brunnea	91	0	0	0	0	0.7649571	0.09950009	0.1355428
Rhodotorula_graminis	91	2	2	2	2	0.262156	0.24077348	0.49707046
Aureobasidium_pullulans	91	2	2	2	2	0.37122923	0.15073691	0.47803387
Schizosaccharomyces_octosporus	92	1	1	1	1	0.090545565	0.8157077	0.09374673
Geopyxis_carbonaria	92	0	0	0	0	0.7830927	0.10974447	0.107162885
Peziza_echinospora	92	0	0	0	0	0.7574228	0.13133493	0.111242324
Ustilago_maydis	92	2	2	2	2	0.14672191	0.14029059	0.7129875
Neurospora_crassa	92	0	0	0	0	0.77756304	0.09876989	0.12366711
Exophiala_viscosa	92	2	0	2	0	0.5887209	0.11119222	0.30008686
Kalmanozyma_brasiliensis	92	1	2	1	2	0.1462674	0.14061995	0.71311265
Rhynchosporium_commune	92	0	0	0	0	0.7072815	0.100397095	0.19232145
Pneumocystis_jirovecii	92	1	1	1	1	0.09723488	0.80362916	0.09913599
Kwoniella_pini	92	1	1	1	1	0.11164686	0.7640742	0.12427892
Calocera_viscosa	92	0	0	0	0	0.7637001	0.109327495	0.12697244
Exobasidium_rhododendri	92	0	2	0	2	0.17536786	0.1476628	0.67696935
Malassezia_restricta	92	1	1	1	1	0.097498715	0.8091996	0.09330174
Cryptococcus_amylolentus	92	2	1	2	1	0.13567199	0.69829553	0.16603248
Moesziomyces_aphidis	92	2	2	2	2	0.14550409	0.1295292	0.7249667
Malassezia_sympodialis	93	1	1	1	1	0.10524999	0.79221606	0.10253396
Acaromyces_ingoldii	93	2	2	2	2	0.35385838	0.22399762	0.422144
Neolecta_irregularis	93	0	1	0	1	0.31331462	0.43049613	0.2561892
Kwoniella_shandongensis	93	1	1	1	1	0.21815088	0.4395022	0.34234688
Tuber_melanosporum	93	0	0	0	0	0.7668112	0.115572475	0.11761629
Cronartium_quercuum	93	0	0	0	0	0.5734087	0.21392632	0.21266499
Morchella_snyderi	93	0	0	0	0	0.78253216	0.106351666	0.11111618
Taphrina_deformans	93	2	1	2	1	0.293858	0.39124846	0.31489357
Candida_albicans	93	2	1	2	1	0.17006356	0.60774434	0.2221921
Yarrowia_lipolytica	93	2	1	2	1	0.16159452	0.64867806	0.18972744
Lachancea_nothofagi	93	1	1	1	1	0.098959856	0.78535384	0.11568625
Calocera_cornea	93	0	0	0	0	0.6980396	0.12140656	0.1805538
Penicillium_canescens	93	0	0	0	0	0.5977234	0.12669815	0.27557847
Penicillium_ucsense	93	0	0	0	0	0.50993264	0.15755413	0.33251318
Lipomyces_chichibuensis	93	1	1	1	1	0.16803855	0.6742133	0.15774819
Sporopachydermia_lactativora	94	1	1	1	1	0.16853535	0.57364684	0.25781778
Trichoderma_asperellum	94	0	0	0	0	0.716658	0.1139892	0.16935281
Boletus_edulis	94	0	0	0	0	0.70505697	0.14079297	0.15415005
Kwoniella_dejecticola	94	1	1	1	1	0.15189976	0.66554207	0.18255818
Ganoderma_leucocontextum	94	0	0	0	0	0.7509727	0.11148552	0.13754177
Melampsora_larici	94	0	0	0	0	0.62507164	0.18925995	0.18566835
Tortispora_agaves	94	1	1	1	1	0.24326807	0.42987287	0.32685903
Daedalea_quercina	94	0	0	0	0	0.7478031	0.11459623	0.13760068
Alloascoidea_africana	94	2	1	2	1	0.25801173	0.38923192	0.35275632
Kalaharituber_pfeilii	94	0	0	0	0	0.79290515	0.098701365	0.108393505
Septoria_linicola	94	0	0	0	0	0.5142297	0.12291103	0.36285925
Schizosaccharomyces_pombe	94	1	1	1	1	0.10469347	0.78927684	0.106029704
Protomyces_lactucae	94	2	2	2	2	0.26584134	0.3531272	0.38103148
Rhodotorula_paludigena	94	2	2	2	2	0.19416946	0.14474307	0.66108745
Aureobasidium_melanogenum	94	2	2	2	2	0.36841366	0.13633464	0.49525177
Pholiota_conissans	95	0	0	0	0	0.8069051	0.0913723	0.101722635
Saccharomyces_cerevisiae	95	1	1	1	1	0.12224314	0.6897223	0.18803458
Lipomyces_kononenkoae	95	1	1	1	1	0.19150063	0.6170578	0.19144157
Amorphotheca_resinae	95	0	0	0	0	0.61459726	0.10868313	0.2767196
Tilletia_walkeri	95	0	2	0	2	0.21325709	0.3114862	0.47525665
Microbotryum_saponariae	95	2	2	2	2	0.32923764	0.23010094	0.44066143
Pyrenophora_teres	95	0	0	0	0	0.7605429	0.09106219	0.1483949
Umbelopsis_vinacea	95	0	2	0	2	0.35376868	0.19238074	0.4538505
Sporisorium_reilianum	95	2	2	2	2	0.13826767	0.28008273	0.5816496
Debaryomyces_udenii	95	1	2	1	2	0.13227636	0.2529916	0.6147321
Cutaneotrichosporon_oleaginosum	95	2	1	2	1	0.18326566	0.5982343	0.2185
Schizosaccharomyces_cryophilus	95	1	1	1	1	0.08966302	0.81863904	0.09169793
Pleurotus_ostreatus	95	0	0	0	0	0.8071832	0.08800211	0.10481463
Aspergillus_niger	95	0	0	0	0	0.6870648	0.116946064	0.19598907
Aureobasidium_thailandense	95	2	2	2	2	0.4072619	0.14582442	0.44691363
Pholiota_conissans	96	0	0	0	0	0.7589495	0.10607377	0.13497673
Kwoniella_shandongensis	96	1	2	1	2	0.19845854	0.25343785	0.54810363
Lipomyces_kononenkoae	96	1	1	1	1	0.26577815	0.52526075	0.20896111
Amorphotheca_resinae	96	0	0	0	0	0.65907824	0.14426437	0.19665739
Pneumocystis_jirovecii	96	1	1	1	1	0.1369757	0.7485606	0.114463754
Kwoniella_bestiolae	96	1	2	1	2	0.19087057	0.3414274	0.46770206
Kwoniella_dejecticola	96	1	2	1	2	0.19668645	0.35225198	0.45106164
Pyrenophora_teres	96	0	0	0	0	0.6849032	0.101465546	0.21363129
Calocera_viscosa	96	0	0	0	0	0.6760257	0.14217378	0.18180057
Melampsora_larici	96	0	0	0	0	0.55331486	0.21531965	0.23136549
Tirmania_nivea	96	0	0	0	0	0.75109106	0.12343759	0.12547135
Protomyces_lactucae	96	2	1	2	1	0.24115214	0.43295085	0.32589707
Rhodotorula_graminis	96	2	2	2	2	0.14866349	0.15369542	0.6976411
Moesziomyces_aphidis	96	2	2	2	2	0.18667889	0.21768558	0.59563553
Aureobasidium_pullulans	96	2	0	2	0	0.5111439	0.13868444	0.35017166
Aureobasidium_thailandense	96	2	0	2	0	0.4951947	0.1396267	0.3651786
Peziza_echinospora	97	0	0	0	0	0.7974153	0.1030451	0.09953958
Saccharomyces_cerevisiae	97	1	1	1	1	0.11151723	0.7157405	0.17274228
Kalmanozyma_brasiliensis	97	1	2	1	2	0.09950136	0.09704558	0.8034531
Boletus_edulis	97	0	0	0	0	0.6533044	0.15724994	0.18944569
Microbotryum_saponariae	97	2	2	2	2	0.2161357	0.1495473	0.634317
Taphrina_deformans	97	2	2	2	2	0.34027392	0.25601456	0.4037115
Calocera_cornea	97	0	0	0	0	0.7501148	0.096626505	0.15325873
Debaryomyces_udenii	97	1	2	1	2	0.18322484	0.2701056	0.54666954
Rhodotorula_toruloides	97	2	2	2	2	0.13686323	0.11716509	0.7459717
Daedalea_quercina	97	0	0	0	0	0.7931266	0.10226301	0.10461037
Penicillium_canescens	97	0	0	0	0	0.6281432	0.10796652	0.26389027
Cutaneotrichosporon_oleaginosum	97	2	1	2	1	0.26888564	0.41538283	0.31573147
Septoria_linicola	97	0	2	0	2	0.39126417	0.1286893	0.48004654
Schizosaccharomyces_pombe	97	1	1	1	1	0.114953876	0.7763473	0.10869878
Lipomyces_chichibuensis	97	1	1	1	1	0.17202885	0.64875156	0.17921959
Neurospora_crassa	98	0	0	0	0	0.7977429	0.088302	0.113955095
Exophiala_viscosa	98	2	0	2	0	0.55353624	0.11017146	0.33629227
Puccinia_striiformis	98	0	0	0	0	0.70632964	0.15911585	0.13455454
Saccharomycopsis_selenospora	98	2	1	2	1	0.09961003	0.7381476	0.16224231
Tuber_melanosporum	98	0	0	0	0	0.78421134	0.10665365	0.10913507
Schizosaccharomyces_osmophilus	98	1	1	1	1	0.09085148	0.8188544	0.090294175
Kwoniella_pini	98	1	1	1	1	0.13617922	0.7209597	0.14286102
Morchella_snyderi	98	0	0	0	0	0.7905605	0.099746175	0.109693356
Exobasidium_rhododendri	98	0	2	0	2	0.14784046	0.16402794	0.6881316
Tortispora_agaves	98	1	1	1	1	0.22352865	0.4962302	0.2802411
Alloascoidea_africana	98	2	1	2	1	0.19961643	0.46757072	0.33281288
Schizosaccharomyces_cryophilus	98	1	1	1	1	0.10029708	0.80075717	0.098945774
Sphaerosporella_brunnea	98	0	0	0	0	0.8012071	0.09741627	0.10137667
Penicillium_ucsense	98	0	0	0	0	0.6969602	0.12569793	0.1773419
Rhodotorula_paludigena	98	2	2	2	2	0.14443634	0.14273004	0.7128336
Malassezia_sympodialis	99	1	1	1	1	0.12478165	0.7270478	0.14817047
Glomus_cerebriforme	99	0	0	0	0	0.64716375	0.1865602	0.16627607
Ustilago_maydis	99	2	2	2	2	0.16488208	0.2156355	0.6194824
Tilletia_walkeri	99	0	1	0	1	0.29827154	0.36007032	0.34165817
Cronartium_quercuum	99	0	0	0	0	0.45848072	0.30016416	0.24135514
Rhynchosporium_commune	99	0	0	0	0	0.7081363	0.10394608	0.18791759
Candida_albicans	99	2	1	2	1	0.13794786	0.60394543	0.2581067
Nakazawaea_anatomiae	99	1	1	1	1	0.1413736	0.6111256	0.24750078
Lachancea_nothofagi	99	1	1	1	1	0.10760925	0.72517055	0.16722019
Ganoderma_leucocontextum	99	0	0	0	0	0.78600585	0.10084654	0.1131476
Terfezia_boudieri	99	0	0	0	0	0.73395544	0.13391873	0.13212581
Malassezia_restricta	99	1	1	1	1	0.12258148	0.7312314	0.14618717
Cryptococcus_amylolentus	99	2	1	2	1	0.15874685	0.65995646	0.1812967
Aspergillus_niger	99	0	0	0	0	0.6225148	0.146337	0.23114821
Aureobasidium_melanogenum	99	2	2	2	2	0.42599267	0.1337872	0.44022015
Sporopachydermia_lactativora	100	1	1	1	1	0.19643156	0.5506489	0.25291952
Schizosaccharomyces_octosporus	100	1	1	1	1	0.106851995	0.782244	0.110904016
Pneumocystis_carinii	100	1	1	1	1	0.11353891	0.76603365	0.12042741
Geopyxis_carbonaria	100	0	0	0	0	0.7548775	0.106949925	0.13817261
Trichoderma_asperellum	100	0	0	0	0	0.70146203	0.1186824	0.17985559
Acaromyces_ingoldii	100	2	2	2	2	0.37148985	0.23736864	0.39114156
Neolecta_irregularis	100	0	1	0	1	0.3310491	0.38132873	0.28762212
Rhodotorula_diobovata	100	2	2	2	2	0.1557065	0.15316437	0.6911291
Yarrowia_lipolytica	100	2	1	2	1	0.19391258	0.5881563	0.2179311
Umbelopsis_vinacea	100	0	0	0	0	0.506729	0.19421549	0.2990555
Sporisorium_reilianum	100	2	2	2	2	0.22455561	0.28047234	0.49497205
Malassezia_japonica	100	1	1	1	1	0.11823435	0.76441664	0.11734905
Abortiporus_biennis	100	0	0	0	0	0.767983	0.1117321	0.120284855
Kalaharituber_pfeilii	100	0	0	0	0	0.76700747	0.1118183	0.12117422
Pleurotus_ostreatus	100	0	0	0	0	0.7642623	0.10932004	0.12641765
