Genome	Size(Mb)	GC(%)	TE content(%)
Aureobasidium_melanogenum_P16.fna	26.10	50.00	1.94
Aureobasidium_pullulans_DH177.fna	29.82	49.96	5.45
Aureobasidium_thailandense_ZW034.fna	27.55	50.04	4.67
GCA_000002855.2_Aspergillus_niger.fna	33.98	50.31	1.87
GCA_000002945.2_ASM294v2_genomic.fna	12.59	36.05	3.25
GCA_000004155.2_SCY4_genomic.fna	11.55	37.57	3.79
GCA_000150505.2_SO6_genomic.fna	11.63	36.35	3.87
GCA_000151645.1_ASM15164v1_genomic.fna	124.95	44.35	61.80
GCA_000204055.1_v1.0_genomic.fna	101.13	39.60	34.51
GCA_000230245.1_ASM23024v1_genomic.fna	18.48	58.64	2.27
GCA_000312925.2_ASM31292v2_genomic.fna	13.39	49.06	4.90
GCA_000328475.2_Umaydis521_2.0_genomic.fna	19.66	53.97	3.80
GCA_000497045.1_PSEUBRA1_genomic.fna	17.33	58.10	1.18
GCA_000512565.2_Cryp_deje_CBS10117_V1_genomic.fna	23.86	48.38	1.47
GCA_000512585.2_Cryp_best_CBS10118_V1_genomic.fna	24.36	47.22	1.38
GCA_000512605.2_Cryp_pinu_CBS10737_V1_genomic.fna	20.83	40.20	1.47
GCA_000786625.1_Neucr_trp3_1_genomic.fna	40.42	48.35	12.54
GCA_000988875.2_ASM98887v2_genomic.fna	20.68	61.83	3.72
GCA_001027345.1_Triol1_genomic.fna	19.84	60.74	2.67
GCA_001329695.1_Rhoba1_1_genomic.fna	21.01	67.00	9.21
GCA_001477535.1_Pneu_jiro_RU7_V2_genomic.fna	8.40	28.66	10.48
GCA_001477545.1_Pneu_cari_B80_V3_genomic.fna	7.66	27.76	7.66
GCA_001630345.1_Calvi1_genomic.fna	29.10	55.85	4.75
GCA_001632345.1_Daequ1_genomic.fna	32.74	53.60	5.58
GCA_001632435.1_Calco1_genomic.fna	33.24	56.32	6.67
GCA_001720235.1_Cryp_amyl_CBS6273_V2_genomic.fna	20.28	53.17	2.93
GCA_001929475.1_NeoIirr1.0_genomic.fna	14.18	44.17	11.08
GCA_002105105.1_Prola1_genomic.fna	12.93	51.24	6.21
GCA_003019875.1_Amore1_genomic.fna	28.63	47.33	13.01
GCA_003025105.1_Trias_v._1.0_genomic.fna	37.46	47.31	4.41
GCA_003144295.1_Acain1_genomic.fna	19.33	57.40	2.83
GCA_003290485.1_ASM329048v1_genomic.fna	7.37	55.66	0.73
GCA_003550305.1_ASM355030v1_genomic.fna	136.82	21.85	36.35
GCA_003788615.2_Terbo2_genomic.fna	63.23	42.84	32.73
GCA_006352295.1_UMAN_Rdio_1.0_genomic.fna	21.14	66.91	4.98
GCA_008629635.1_Kwon_shan_CBS_12478_V1_genomic.fna	21.30	49.81	2.15
GCA_008704415.1_Sphbr2_genomic.fna	51.60	52.64	24.59
GCA_009428295.1_AAFC_TwDAOMC238049_1_genomic.fna	24.27	54.92	5.91
GCA_014466165.1_ASM1446616v1_genomic.fna	35.03	50.79	11.03
GCA_014839855.1_UCS_PECH_1.0_genomic.fna	30.43	50.29	6.21
GCA_015179015.1_Boled5_genomic.fna	66.53	50.31	36.24
GCA_015179035.1_Tirniv1_genomic.fna	63.13	43.07	38.84
GCA_015179045.1_Kalpfe1_genomic.fna	78.99	46.25	40.09
GCA_015484465.1_Phocon1_genomic.fna	43.96	47.56	9.05
GCA_015951145.1_Croqu1_genomic.fna	76.57	31.75	29.68
GCA_016758895.1_ASM1675889v1_genomic.fna	23.18	43.09	1.44
GCA_022606235.1_Abobie1_genomic.fna	33.12	44.59	5.69
GCA_022695815.1_EurotioJF033F_1_genomic.fna	28.29	51.26	0.80
GCA_022813035.1_Ganleu1_genomic.fna	60.34	55.95	16.28
GCA_024114885.1_ASM2411488v1_genomic.fna	39.59	48.22	22.52
GCA_024516215.1_Geocar1_genomic.fna	49.45	49.56	22.00
GCA_024516245.1_Pezech1_genomic.fna	63.77	47.36	26.72
GCA_024521645.1_Morsny1_genomic.fna	54.77	47.59	20.54
GCA_025169535.1_ASM2516953v1_genomic.fna	82.67	44.32	38.06
GCA_026210745.1_ASM2621074v1_genomic.fna	17.65	50.08	2.67
GCA_027921745.1_ASM2792174v1_genomic.fna	11.42	38.27	4.64
GCA_028829005.1_ASM2882900v1_genomic.fna	41.60	48.94	19.60
GCA_029542785.1_ASM2954278v1_genomic.fna	8.43	62.29	1.88
GCA_900074885.1_version_1_genomic.fna	55.64	42.31	28.86
GCA_900102585.1_MvSof1_genomic.fna	28.65	56.49	26.45
GCA_900149145.1_Msy_ATCC_42132_Feb2016_genomic.fna	7.79	58.94	2.83
GCA_900232045.3_PTTW11_genomic.fna	53.08	44.09	38.31
Moesziomyces_aphidis_XM01.fna	19.29	59.53	6.69
Rhodotorula_paludigena_P4R5.fna	21.53	63.85	4.44
candida_albicans.fna	14.32	33.43	5.94
saccharomyces_cerevisiae.fna	12.07	38.30	6.37
yHDO602_tortispora_agaves_180604.fna	9.03	46.71	0.52
yHMPu5000034604_sporopachydermia_lactativora_180604.fna	16.11	44.58	4.94
yHMPu5000034690_lachancea_nothofagi_180604.fna	11.29	43.69	2.23
yHMPu5000034755_lipomyces_chichibuensis_170713.fna	16.54	46.34	2.92
yHMPu5000034760_lipomyces_kononenkoae_160519.fna	17.16	46.82	3.86
yHMPu5000037862_nakazawaea_anatomiae_170912.fna	13.89	37.32	5.42
yHMPu5000037873_debaryomyces_udenii_180604.fna	11.08	37.76	1.25
yHMPu5000037918_alloascoidea_africana_180604.fna	23.71	42.47	5.28
yHMPu5000041784_saccharomycopsis_selenospora_170912.fna	14.91	29.12	8.73
yarrowia_lipolytica.fna	20.50	49.05	4.38
