Genome	Size(Mb)	GC(%)	TE content(%)	Gene(K)	Gene family number
Aureobasidium_melanogenum	26.10	50.00	1.94	9.308	7279
Aureobasidium_pullulans	29.82	49.96	5.45	10.945	7825
Aureobasidium_thailandense	27.55	50.04	4.67	10.036	7466
Aspergillus_niger	33.98	50.31	1.87	14.086	7232
Schizosaccharomyces_pombe	12.59	36.05	3.25	5.132	4304
Schizosaccharomyces_cryophilus	11.55	37.57	3.79	5.155	4319
Schizosaccharomyces_octosporus	11.63	36.35	3.87	4.986	4298
Tuber_melanosporum	124.95	44.35	61.80	7.496	5633
Melampsora_larici	101.13	39.60	34.51	16.372	6648
Sporisorium_reilianum	18.48	58.64	2.27	6.673	6267
Taphrina_deformans	13.39	49.06	4.90	4.663	3997
Ustilago_maydis	19.66	53.97	3.80	6.765	6183
Kalmanozyma_brasiliensis	17.33	58.10	1.18	6.421	6060
Kwoniella_dejecticola	23.86	48.38	1.47	8.602	6746
Kwoniella_bestiolae	24.36	47.22	1.38	9.133	6711
Kwoniella_pini	20.83	40.20	1.47	7.829	6549
Neurospora_crassa	40.42	48.35	12.54	11.965	6721
Rhodotorula_toruloides	20.68	61.83	3.72	8.489	6326
Cutaneotrichosporon_oleaginosum	19.84	60.74	2.67	8.320	5685
Rhodotorula_graminis	21.01	67.00	9.21	7.275	5973
Pneumocystis_jirovecii	8.40	28.66	10.48	3.761	3405
Pneumocystis_carinii	7.66	27.76	7.66	3.646	3406
Calocera_viscosa	29.10	55.85	4.75	12.357	7280
Daedalea_quercina	32.74	53.60	5.58	12.191	6924
Calocera_cornea	33.24	56.32	6.67	13.152	7263
Cryptococcus_amylolentus	20.28	53.17	2.93	8.176	6008
Neolecta_irregularis	14.18	44.17	11.08	5.531	4130
Protomyces_lactucae	12.93	51.24	6.21	6.725	5072
Amorphotheca_resinae	28.63	47.33	13.01	9.642	6811
Trichoderma_asperellum	37.46	47.31	4.41	12.556	7243
Acaromyces_ingoldii	19.33	57.40	2.83	8.026	6407
Malassezia_restricta	7.37	55.66	0.73	4.406	4268
Glomus_cerebriforme	136.82	21.85	36.35	21.154	6164
Terfezia_boudieri	63.23	42.84	32.73	12.110	7308
Rhodotorula_diobovata	21.14	66.91	4.98	7.970	6177
Kwoniella_shandongensis	21.30	49.81	2.15	7.424	6190
Sphaerosporella_brunnea	51.60	52.64	24.59	12.594	6764
Tilletia_walkeri	24.27	54.92	5.91	7.842	5686
Pleurotus_ostreatus	35.03	50.79	11.03	11.693	6950
Penicillium_ucsense	30.43	50.29	6.21	8.173	6685
Boletus_edulis	66.53	50.31	36.24	18.717	7426
Tirmania_nivea	63.13	43.07	38.84	10.591	7203
Kalaharituber_pfeilii	78.99	46.25	40.09	15.188	7232
Pholiota_conissans	43.96	47.56	9.05	16.587	7640
Cronartium_quercuum	76.57	31.75	29.68	13.765	6721
Umbelopsis_vinacea	23.18	43.09	1.44	9.240	5688
Abortiporus_biennis	33.12	44.59	5.69	11.766	6956
Exophiala_viscosa	28.29	51.26	0.80	11.345	7054
Ganoderma_leucocontextum	60.34	55.95	16.28	16.950	7648
Septoria_linicola	39.59	48.22	22.52	13.096	7622
Geopyxis_carbonaria	49.45	49.56	22.00	11.663	6879
Peziza_echinospora	63.77	47.36	26.72	10.990	6722
Morchella_snyderi	54.77	47.59	20.54	11.097	6772
Puccinia_striiformis	82.67	44.32	38.06	17.090	6499
Exobasidium_rhododendri	17.65	50.08	2.67	6.977	5783
Schizosaccharomyces_osmophilus	11.42	38.27	4.64	5.098	4327
Penicillium_canescens	41.60	48.94	19.60	13.392	7733
Malassezia_japonica	8.43	62.29	1.88	4.315	4118
Rhynchosporium_commune	55.64	42.31	28.86	12.211	7484
Microbotryum_saponariae	28.65	56.49	26.45	10.587	5963
Malassezia_sympodialis	7.79	58.94	2.83	4.491	4329
Pyrenophora_teres	53.08	44.09	38.31	11.561	7317
Moesziomyces_aphidis	19.29	59.53	6.69	7.326	6200
Rhodotorula_paludigena	21.53	63.85	4.44	8.275	6391
Candida_albicans	14.32	33.43	5.94	5.952	4700
Saccharomyces_cerevisiae	12.07	38.30	6.37	5.564	4265
Tortispora_agaves	9.03	46.71	0.52	5.184	4240
Sporopachydermia_lactativora	16.11	44.58	4.94	5.574	4470
Lachancea_nothofagi	11.29	43.69	2.23	5.111	4371
Lipomyces_chichibuensis	16.54	46.34	2.92	6.615	5473
Lipomyces_kononenkoae	17.16	46.82	3.86	7.196	5646
Nakazawaea_anatomiae	13.89	37.32	5.42	6.186	4606
Debaryomyces_udenii	11.08	37.76	1.25	5.687	4739
Alloascoidea_africana	23.71	42.47	5.28	8.721	4849
Saccharomycopsis_selenospora	14.91	29.12	8.73	6.041	4428
Yarrowia_lipolytica	20.50	49.05	4.38	6.435	4685
