combo	size	count
Agaricomycotina&Pezizomycotina&Pucciniomycotina&Saccharomycotina&Taphrinomycotina&Ustilaginomycotina	6	383
Agaricomycotina&Pezizomycotina&Pucciniomycotina&Saccharomycotina&Taphrinomycotina	5	461
Agaricomycotina&Pezizomycotina&Pucciniomycotina&Saccharomycotina&Ustilaginomycotina	5	3
Agaricomycotina&Pezizomycotina&Pucciniomycotina&Taphrinomycotina&Ustilaginomycotina	5	12
Agaricomycotina&Pezizomycotina&Saccharomycotina&Taphrinomycotina&Ustilaginomycotina	5	2
Agaricomycotina&Pucciniomycotina&Saccharomycotina&Taphrinomycotina&Ustilaginomycotina	5	28
Pezizomycotina&Pucciniomycotina&Saccharomycotina&Taphrinomycotina&Ustilaginomycotina	5	3
Agaricomycotina&Pezizomycotina&Pucciniomycotina&Saccharomycotina	4	52
Agaricomycotina&Pezizomycotina&Pucciniomycotina&Taphrinomycotina	4	166
Agaricomycotina&Pezizomycotina&Pucciniomycotina&Ustilaginomycotina	4	2
Agaricomycotina&Pezizomycotina&Saccharomycotina&Taphrinomycotina	4	36
Agaricomycotina&Pezizomycotina&Saccharomycotina&Ustilaginomycotina	4	1
Agaricomycotina&Pezizomycotina&Taphrinomycotina&Ustilaginomycotina	4	3
Agaricomycotina&Pucciniomycotina&Saccharomycotina&Taphrinomycotina	4	279
Agaricomycotina&Pucciniomycotina&Saccharomycotina&Ustilaginomycotina	4	4
Agaricomycotina&Pucciniomycotina&Taphrinomycotina&Ustilaginomycotina	4	11
Agaricomycotina&Saccharomycotina&Taphrinomycotina&Ustilaginomycotina	4	7
Pezizomycotina&Pucciniomycotina&Saccharomycotina&Taphrinomycotina	4	21
Pezizomycotina&Pucciniomycotina&Saccharomycotina&Ustilaginomycotina	4	2
Pezizomycotina&Pucciniomycotina&Taphrinomycotina&Ustilaginomycotina	4	5
Pucciniomycotina&Saccharomycotina&Taphrinomycotina&Ustilaginomycotina	4	2
Agaricomycotina&Pezizomycotina&Pucciniomycotina	3	86
Agaricomycotina&Pezizomycotina&Saccharomycotina	3	31
Agaricomycotina&Pezizomycotina&Taphrinomycotina	3	44
Agaricomycotina&Pezizomycotina&Ustilaginomycotina	3	2
Agaricomycotina&Pucciniomycotina&Saccharomycotina	3	80
Agaricomycotina&Pucciniomycotina&Taphrinomycotina	3	359
Agaricomycotina&Pucciniomycotina&Ustilaginomycotina	3	3
Agaricomycotina&Saccharomycotina&Taphrinomycotina	3	126
Agaricomycotina&Saccharomycotina&Ustilaginomycotina	3	4
Agaricomycotina&Taphrinomycotina&Ustilaginomycotina	3	18
Pezizomycotina&Pucciniomycotina&Saccharomycotina	3	12
Pezizomycotina&Pucciniomycotina&Taphrinomycotina	3	36
Pezizomycotina&Pucciniomycotina&Ustilaginomycotina	3	3
Pezizomycotina&Saccharomycotina&Taphrinomycotina	3	15
Pezizomycotina&Taphrinomycotina&Ustilaginomycotina	3	1
Pucciniomycotina&Saccharomycotina&Taphrinomycotina	3	71
Pucciniomycotina&Saccharomycotina&Ustilaginomycotina	3	4
Pucciniomycotina&Taphrinomycotina&Ustilaginomycotina	3	3
Saccharomycotina&Taphrinomycotina&Ustilaginomycotina	3	1
Agaricomycotina&Pezizomycotina	2	81
Agaricomycotina&Pucciniomycotina	2	259
Agaricomycotina&Saccharomycotina	2	96
Agaricomycotina&Taphrinomycotina	2	283
Agaricomycotina&Ustilaginomycotina	2	1
Pezizomycotina&Pucciniomycotina	2	77
Pezizomycotina&Saccharomycotina	2	45
Pezizomycotina&Taphrinomycotina	2	31
Pezizomycotina&Ustilaginomycotina	2	1
Pucciniomycotina&Saccharomycotina	2	40
Pucciniomycotina&Taphrinomycotina	2	212
Pucciniomycotina&Ustilaginomycotina	2	20
Saccharomycotina&Taphrinomycotina	2	123
Saccharomycotina&Ustilaginomycotina	2	6
Taphrinomycotina&Ustilaginomycotina	2	17
Agaricomycotina	1	776
Pezizomycotina	1	142
Pucciniomycotina	1	648
Saccharomycotina	1	420
Taphrinomycotina	1	1033
Ustilaginomycotina	1	22
