fold	accuracy	balanced_accuracy	f1_macro	precision_macro	recall_macro	mcc	best_inner_score	best_params	roc_auc	pr_auc
1	0.6875	0.6746031746031746	0.6761133603238867	0.6833333333333333	0.6746031746031746	0.3578300267477955	0.9890549265549268	"{""colsample_bynode"": 0.3, ""max_depth"": 3, ""min_child_weight"": 1, ""n_estimators"": 300, ""subsample"": 0.6}"	0.8095238095238095	0.857704024370691
2	0.8666666666666667	0.8611111111111112	0.8611111111111112	0.8611111111111112	0.8611111111111112	0.7222222222222222	0.9700307408640741	"{""colsample_bynode"": 0.3, ""max_depth"": 2, ""min_child_weight"": 1, ""n_estimators"": 300, ""subsample"": 0.8}"	0.962962962962963	0.9765432098765434
3	0.8	0.7777777777777777	0.784688995215311	0.8	0.7777777777777777	0.5773502691896257	0.9811521811521814	"{""colsample_bynode"": 0.3, ""max_depth"": 3, ""min_child_weight"": 1, ""n_estimators"": 300, ""subsample"": 0.8}"	0.9259259259259259	0.9658119658119659
4	0.9333333333333333	0.9375	0.9333333333333333	0.9375	0.9375	0.875	0.9852647352647352	"{""colsample_bynode"": 0.3, ""max_depth"": 3, ""min_child_weight"": 1, ""n_estimators"": 300, ""subsample"": 0.8}"	0.9285714285714286	0.9583333333333333
5	1.0	1.0	1.0	1.0	1.0	1.0	0.9738475889991042	"{""colsample_bynode"": 0.3, ""max_depth"": 3, ""min_child_weight"": 1, ""n_estimators"": 500, ""subsample"": 0.6}"	1.0	1.0
6	0.8125	0.8015873015873016	0.8056680161943319	0.8166666666666667	0.8015873015873016	0.6180700462007377	0.9757793132793133	"{""colsample_bynode"": 0.3, ""max_depth"": 2, ""min_child_weight"": 1, ""n_estimators"": 500, ""subsample"": 0.6}"	0.9365079365079365	0.9575757575757576
7	0.8666666666666667	0.8611111111111112	0.8611111111111112	0.8611111111111112	0.8611111111111112	0.7222222222222222	0.9661799479981298	"{""colsample_bynode"": 0.3, ""max_depth"": 3, ""min_child_weight"": 1, ""n_estimators"": 500, ""subsample"": 0.6}"	0.9814814814814815	0.9888888888888892
8	1.0	1.0	1.0	1.0	1.0	1.0	0.9535172739718195	"{""colsample_bynode"": 0.3, ""max_depth"": 3, ""min_child_weight"": 2, ""n_estimators"": 500, ""subsample"": 0.6}"	1.0	1.0000000000000002
9	0.7333333333333333	0.7410714285714286	0.7321428571428572	0.75	0.7410714285714286	0.49099025303098287	0.9803330928330928	"{""colsample_bynode"": 0.3, ""max_depth"": 3, ""min_child_weight"": 2, ""n_estimators"": 300, ""subsample"": 0.8}"	0.8571428571428572	0.8701388888888889
10	1.0	1.0	1.0	1.0	1.0	1.0	0.9678321678321679	"{""colsample_bynode"": 0.3, ""max_depth"": 3, ""min_child_weight"": 1, ""n_estimators"": 300, ""subsample"": 0.6}"	1.0	1.0
11	0.9375	0.9444444444444444	0.9372549019607843	0.9375	0.9444444444444444	0.8819171036881969	0.9715044215044216	"{""colsample_bynode"": 0.3, ""max_depth"": 3, ""min_child_weight"": 1, ""n_estimators"": 300, ""subsample"": 0.6}"	1.0	1.0
12	0.8	0.75	0.7619047619047619	0.875	0.75	0.6123724356957946	0.9782031100212919	"{""colsample_bynode"": 0.3, ""max_depth"": 2, ""min_child_weight"": 1, ""n_estimators"": 300, ""subsample"": 0.8}"	1.0	1.0000000000000002
13	0.9333333333333333	0.9444444444444444	0.9321266968325792	0.9285714285714286	0.9444444444444444	0.8728715609439694	0.9687363562363563	"{""colsample_bynode"": 0.3, ""max_depth"": 3, ""min_child_weight"": 1, ""n_estimators"": 300, ""subsample"": 0.8}"	1.0	1.0000000000000002
14	0.9333333333333333	0.9375	0.9333333333333333	0.9375	0.9375	0.875	0.9733362316695651	"{""colsample_bynode"": 0.3, ""max_depth"": 3, ""min_child_weight"": 1, ""n_estimators"": 300, ""subsample"": 0.6}"	1.0	1.0
15	0.8	0.7946428571428572	0.7963800904977376	0.8055555555555556	0.7946428571428572	0.600099198148979	0.9895152505446623	"{""colsample_bynode"": 0.3, ""max_depth"": 2, ""min_child_weight"": 1, ""n_estimators"": 300, ""subsample"": 0.6}"	0.875	0.9068813131313131
16	0.9375	0.9444444444444444	0.9372549019607843	0.9375	0.9444444444444444	0.8819171036881969	0.9780088598270417	"{""colsample_bynode"": 0.3, ""max_depth"": 3, ""min_child_weight"": 2, ""n_estimators"": 300, ""subsample"": 0.6}"	0.9682539682539683	0.9797979797979798
17	1.0	1.0	1.0	1.0	1.0	1.0	0.9856387299569119	"{""colsample_bynode"": 0.3, ""max_depth"": 2, ""min_child_weight"": 1, ""n_estimators"": 300, ""subsample"": 0.8}"	1.0	1.0000000000000002
18	1.0	1.0	1.0	1.0	1.0	1.0	0.947378084878085	"{""colsample_bynode"": 0.3, ""max_depth"": 2, ""min_child_weight"": 1, ""n_estimators"": 300, ""subsample"": 0.8}"	1.0	1.0000000000000002
19	0.7333333333333333	0.7321428571428572	0.7321428571428572	0.7321428571428572	0.7321428571428572	0.4642857142857143	0.975332530673088	"{""colsample_bynode"": 0.3, ""max_depth"": 2, ""min_child_weight"": 1, ""n_estimators"": 300, ""subsample"": 0.6}"	0.8571428571428572	0.9128787878787878
20	0.8666666666666667	0.8571428571428572	0.8611111111111112	0.9	0.8571428571428572	0.7559289460184545	0.9904464222646041	"{""colsample_bynode"": 0.3, ""max_depth"": 2, ""min_child_weight"": 1, ""n_estimators"": 300, ""subsample"": 0.8}"	0.9285714285714286	0.9415178571428571
21	0.875	0.873015873015873	0.873015873015873	0.873015873015873	0.873015873015873	0.746031746031746	0.9791572484754303	"{""colsample_bynode"": 0.3, ""max_depth"": 3, ""min_child_weight"": 1, ""n_estimators"": 300, ""subsample"": 0.8}"	0.9841269841269842	0.9888888888888889
22	0.8666666666666667	0.8611111111111112	0.8611111111111112	0.8611111111111112	0.8611111111111112	0.7222222222222222	0.9930231805231805	"{""colsample_bynode"": 0.6, ""max_depth"": 3, ""min_child_weight"": 1, ""n_estimators"": 500, ""subsample"": 0.8}"	0.962962962962963	0.9765432098765434
23	0.8666666666666667	0.8611111111111112	0.8611111111111112	0.8611111111111112	0.8611111111111112	0.7222222222222222	0.9720888539070357	"{""colsample_bynode"": 0.3, ""max_depth"": 2, ""min_child_weight"": 1, ""n_estimators"": 500, ""subsample"": 0.6}"	0.962962962962963	0.9797979797979799
24	0.8	0.8035714285714286	0.8	0.8035714285714286	0.8035714285714286	0.6071428571428571	0.9771610964792784	"{""colsample_bynode"": 0.3, ""max_depth"": 3, ""min_child_weight"": 1, ""n_estimators"": 300, ""subsample"": 0.8}"	0.9285714285714286	0.9415178571428571
25	0.9333333333333333	0.9285714285714286	0.9321266968325792	0.9444444444444444	0.9285714285714286	0.8728715609439694	0.9694653971169123	"{""colsample_bynode"": 0.3, ""max_depth"": 3, ""min_child_weight"": 2, ""n_estimators"": 500, ""subsample"": 0.6}"	0.9285714285714286	0.9317956349206349
26	0.9375	0.9444444444444444	0.9372549019607843	0.9375	0.9444444444444444	0.8819171036881969	0.9515166651530288	"{""colsample_bynode"": 0.3, ""max_depth"": 2, ""min_child_weight"": 1, ""n_estimators"": 300, ""subsample"": 0.6}"	1.0	1.0
27	0.9333333333333333	0.9444444444444444	0.9321266968325792	0.9285714285714286	0.9444444444444444	0.8728715609439694	0.9716309784491605	"{""colsample_bynode"": 0.6, ""max_depth"": 2, ""min_child_weight"": 1, ""n_estimators"": 300, ""subsample"": 0.8}"	0.9814814814814815	0.9888888888888892
28	0.8666666666666667	0.8333333333333333	0.8500000000000001	0.9090909090909092	0.8333333333333333	0.7385489458759964	0.987223424723425	"{""colsample_bynode"": 0.3, ""max_depth"": 2, ""min_child_weight"": 1, ""n_estimators"": 300, ""subsample"": 0.8}"	0.9814814814814815	0.9888888888888892
29	0.7333333333333333	0.7321428571428572	0.7321428571428572	0.7321428571428572	0.7321428571428572	0.4642857142857143	0.9876456876456877	"{""colsample_bynode"": 0.6, ""max_depth"": 2, ""min_child_weight"": 1, ""n_estimators"": 300, ""subsample"": 0.6}"	0.9285714285714286	0.9472222222222222
30	0.9333333333333333	0.9375	0.9333333333333333	0.9375	0.9375	0.875	0.9775673400673401	"{""colsample_bynode"": 0.3, ""max_depth"": 2, ""min_child_weight"": 2, ""n_estimators"": 500, ""subsample"": 0.6}"	0.9821428571428572	0.9861111111111112
31	0.875	0.873015873015873	0.873015873015873	0.873015873015873	0.873015873015873	0.746031746031746	0.9696719784439084	"{""colsample_bynode"": 0.6, ""max_depth"": 3, ""min_child_weight"": 2, ""n_estimators"": 500, ""subsample"": 0.6}"	0.9682539682539684	0.9765432098765432
32	0.6666666666666666	0.6388888888888888	0.6411483253588517	0.6499999999999999	0.6388888888888888	0.28867513459481287	0.9906759906759909	"{""colsample_bynode"": 0.6, ""max_depth"": 2, ""min_child_weight"": 1, ""n_estimators"": 300, ""subsample"": 0.6}"	0.8518518518518519	0.928774928774929
33	0.9333333333333333	0.9444444444444444	0.9321266968325792	0.9285714285714286	0.9444444444444444	0.8728715609439694	0.9767762960944779	"{""colsample_bynode"": 0.3, ""max_depth"": 3, ""min_child_weight"": 1, ""n_estimators"": 300, ""subsample"": 0.6}"	0.9814814814814815	0.9888888888888892
34	0.9333333333333333	0.9285714285714286	0.9321266968325792	0.9444444444444444	0.9285714285714286	0.8728715609439694	0.9732239982239984	"{""colsample_bynode"": 0.3, ""max_depth"": 2, ""min_child_weight"": 1, ""n_estimators"": 300, ""subsample"": 0.6}"	0.9821428571428572	0.9861111111111112
35	1.0	1.0	1.0	1.0	1.0	1.0	0.9625738318920138	"{""colsample_bynode"": 0.3, ""max_depth"": 2, ""min_child_weight"": 1, ""n_estimators"": 500, ""subsample"": 0.8}"	1.0	1.0
36	0.8125	0.8015873015873016	0.8056680161943319	0.8166666666666667	0.8015873015873016	0.6180700462007377	0.9785029785029785	"{""colsample_bynode"": 0.3, ""max_depth"": 2, ""min_child_weight"": 1, ""n_estimators"": 300, ""subsample"": 0.6}"	0.9523809523809523	0.9722222222222222
37	1.0	1.0	1.0	1.0	1.0	1.0	0.9713759725123362	"{""colsample_bynode"": 0.6, ""max_depth"": 3, ""min_child_weight"": 1, ""n_estimators"": 500, ""subsample"": 0.8}"	1.0	1.0000000000000002
38	0.8666666666666667	0.8888888888888888	0.8660714285714286	0.875	0.8888888888888888	0.7637626158259733	0.9728535353535354	"{""colsample_bynode"": 0.6, ""max_depth"": 2, ""min_child_weight"": 1, ""n_estimators"": 300, ""subsample"": 0.6}"	0.962962962962963	0.9765432098765434
39	0.8	0.7946428571428572	0.7963800904977376	0.8055555555555556	0.7946428571428572	0.600099198148979	0.9492787614445369	"{""colsample_bynode"": 0.6, ""max_depth"": 3, ""min_child_weight"": 2, ""n_estimators"": 300, ""subsample"": 0.6}"	0.9464285714285714	0.959375
40	0.8666666666666667	0.8571428571428572	0.8611111111111112	0.9	0.8571428571428572	0.7559289460184545	0.9870276188458007	"{""colsample_bynode"": 0.3, ""max_depth"": 3, ""min_child_weight"": 2, ""n_estimators"": 300, ""subsample"": 0.8}"	0.8035714285714286	0.8073412698412699
41	0.875	0.8571428571428572	0.8666666666666667	0.9090909090909092	0.8571428571428572	0.7644707871564383	0.9825452325452325	"{""colsample_bynode"": 0.6, ""max_depth"": 2, ""min_child_weight"": 1, ""n_estimators"": 300, ""subsample"": 0.6}"	1.0	1.0
42	0.7333333333333333	0.7222222222222222	0.7222222222222222	0.7222222222222222	0.7222222222222222	0.4444444444444444	0.9851961170142989	"{""colsample_bynode"": 0.6, ""max_depth"": 2, ""min_child_weight"": 1, ""n_estimators"": 300, ""subsample"": 0.6}"	0.925925925925926	0.9575757575757577
43	1.0	1.0	1.0	1.0	1.0	1.0	0.9791426166426168	"{""colsample_bynode"": 0.3, ""max_depth"": 3, ""min_child_weight"": 1, ""n_estimators"": 500, ""subsample"": 0.8}"	1.0	1.0000000000000002
44	0.8	0.8125	0.7963800904977376	0.85	0.8125	0.6614378277661477	0.9707029010434584	"{""colsample_bynode"": 0.6, ""max_depth"": 2, ""min_child_weight"": 1, ""n_estimators"": 300, ""subsample"": 0.8}"	0.9821428571428572	0.9861111111111112
45	0.8666666666666667	0.8571428571428572	0.8611111111111112	0.9	0.8571428571428572	0.7559289460184545	0.9708477479310812	"{""colsample_bynode"": 0.3, ""max_depth"": 2, ""min_child_weight"": 1, ""n_estimators"": 500, ""subsample"": 0.6}"	0.8928571428571429	0.8956845238095238
46	1.0	1.0	1.0	1.0	1.0	1.0	0.9786486661486661	"{""colsample_bynode"": 0.3, ""max_depth"": 3, ""min_child_weight"": 2, ""n_estimators"": 500, ""subsample"": 0.8}"	1.0	1.0
47	0.8666666666666667	0.8888888888888888	0.8660714285714286	0.875	0.8888888888888888	0.7637626158259733	0.9680476510021965	"{""colsample_bynode"": 0.6, ""max_depth"": 2, ""min_child_weight"": 1, ""n_estimators"": 500, ""subsample"": 0.8}"	0.9814814814814815	0.9888888888888892
48	0.8	0.8055555555555556	0.7963800904977376	0.7946428571428572	0.8055555555555556	0.600099198148979	0.9715067340067339	"{""colsample_bynode"": 0.6, ""max_depth"": 3, ""min_child_weight"": 2, ""n_estimators"": 300, ""subsample"": 0.6}"	0.9074074074074074	0.9459876543209877
49	0.8666666666666667	0.8571428571428572	0.8611111111111112	0.9	0.8571428571428572	0.7559289460184545	0.971025810609144	"{""colsample_bynode"": 0.3, ""max_depth"": 2, ""min_child_weight"": 2, ""n_estimators"": 300, ""subsample"": 0.6}"	1.0	1.0
50	0.8666666666666667	0.8660714285714286	0.8660714285714286	0.8660714285714286	0.8660714285714286	0.7321428571428571	0.9663049913049915	"{""colsample_bynode"": 0.3, ""max_depth"": 2, ""min_child_weight"": 1, ""n_estimators"": 300, ""subsample"": 0.6}"	0.9821428571428572	0.9861111111111112
51	1.0	1.0	1.0	1.0	1.0	1.0	0.9818485386667205	"{""colsample_bynode"": 0.3, ""max_depth"": 2, ""min_child_weight"": 1, ""n_estimators"": 500, ""subsample"": 0.8}"	1.0	1.0
52	0.7333333333333333	0.7222222222222222	0.7222222222222222	0.7222222222222222	0.7222222222222222	0.4444444444444444	0.985966810966811	"{""colsample_bynode"": 0.3, ""max_depth"": 3, ""min_child_weight"": 2, ""n_estimators"": 300, ""subsample"": 0.6}"	0.8888888888888888	0.941919191919192
53	0.8666666666666667	0.8611111111111112	0.8611111111111112	0.8611111111111112	0.8611111111111112	0.7222222222222222	0.9837518962518962	"{""colsample_bynode"": 0.3, ""max_depth"": 3, ""min_child_weight"": 1, ""n_estimators"": 300, ""subsample"": 0.8}"	0.9259259259259259	0.9467813051146385
54	0.9333333333333333	0.9375	0.9333333333333333	0.9375	0.9375	0.875	0.9515530693936266	"{""colsample_bynode"": 0.3, ""max_depth"": 2, ""min_child_weight"": 2, ""n_estimators"": 500, ""subsample"": 0.6}"	0.9821428571428572	0.9861111111111112
55	0.9333333333333333	0.9375	0.9333333333333333	0.9375	0.9375	0.875	0.9832698025879845	"{""colsample_bynode"": 0.3, ""max_depth"": 2, ""min_child_weight"": 1, ""n_estimators"": 500, ""subsample"": 0.8}"	1.0	1.0
56	1.0	1.0	1.0	1.0	1.0	1.0	0.9657816930544204	"{""colsample_bynode"": 0.6, ""max_depth"": 2, ""min_child_weight"": 1, ""n_estimators"": 500, ""subsample"": 0.6}"	1.0	1.0
57	0.7333333333333333	0.75	0.7321428571428572	0.7410714285714286	0.75	0.49099025303098287	0.9807636807636809	"{""colsample_bynode"": 0.3, ""max_depth"": 2, ""min_child_weight"": 1, ""n_estimators"": 300, ""subsample"": 0.6}"	0.9074074074074074	0.9436868686868689
58	0.6666666666666666	0.6388888888888888	0.6411483253588517	0.6499999999999999	0.6388888888888888	0.28867513459481287	0.9843767343767343	"{""colsample_bynode"": 0.6, ""max_depth"": 2, ""min_child_weight"": 1, ""n_estimators"": 500, ""subsample"": 0.6}"	0.8518518518518519	0.928774928774929
59	1.0	1.0	1.0	1.0	1.0	1.0	0.9736371512886665	"{""colsample_bynode"": 0.3, ""max_depth"": 2, ""min_child_weight"": 1, ""n_estimators"": 300, ""subsample"": 0.6}"	1.0	1.0
60	1.0	1.0	1.0	1.0	1.0	1.0	0.9672147297147298	"{""colsample_bynode"": 0.3, ""max_depth"": 2, ""min_child_weight"": 1, ""n_estimators"": 300, ""subsample"": 0.8}"	1.0	1.0
61	0.75	0.7777777777777778	0.746031746031746	0.8181818181818181	0.7777777777777778	0.5945883900105632	0.9694579830943467	"{""colsample_bynode"": 0.3, ""max_depth"": 2, ""min_child_weight"": 1, ""n_estimators"": 300, ""subsample"": 0.8}"	0.9841269841269842	0.9888888888888889
62	0.8666666666666667	0.8333333333333333	0.8500000000000001	0.9090909090909092	0.8333333333333333	0.7385489458759964	0.9809057945421582	"{""colsample_bynode"": 0.3, ""max_depth"": 2, ""min_child_weight"": 1, ""n_estimators"": 500, ""subsample"": 0.6}"	1.0	1.0000000000000002
63	0.8666666666666667	0.8333333333333333	0.8500000000000001	0.9090909090909092	0.8333333333333333	0.7385489458759964	0.9719508605872244	"{""colsample_bynode"": 0.6, ""max_depth"": 2, ""min_child_weight"": 1, ""n_estimators"": 500, ""subsample"": 0.8}"	0.962962962962963	0.9797979797979799
64	1.0	1.0	1.0	1.0	1.0	1.0	0.9488699431881251	"{""colsample_bynode"": 0.3, ""max_depth"": 2, ""min_child_weight"": 1, ""n_estimators"": 500, ""subsample"": 0.6}"	1.0	1.0
65	0.9333333333333333	0.9285714285714286	0.9321266968325792	0.9444444444444444	0.9285714285714286	0.8728715609439694	0.9622715247715249	"{""colsample_bynode"": 0.6, ""max_depth"": 2, ""min_child_weight"": 1, ""n_estimators"": 500, ""subsample"": 0.6}"	1.0	1.0
66	0.9375	0.9444444444444444	0.9372549019607843	0.9375	0.9444444444444444	0.8819171036881969	0.9577719839083475	"{""colsample_bynode"": 0.3, ""max_depth"": 3, ""min_child_weight"": 1, ""n_estimators"": 300, ""subsample"": 0.8}"	1.0	1.0
67	0.8	0.8333333333333333	0.8	0.8333333333333333	0.8333333333333333	0.6666666666666666	0.9610907289383226	"{""colsample_bynode"": 0.6, ""max_depth"": 2, ""min_child_weight"": 2, ""n_estimators"": 300, ""subsample"": 0.6}"	0.962962962962963	0.9765432098765434
68	0.9333333333333333	0.9166666666666667	0.9282296650717703	0.95	0.9166666666666667	0.8660254037844386	0.9743646645161798	"{""colsample_bynode"": 0.3, ""max_depth"": 2, ""min_child_weight"": 1, ""n_estimators"": 300, ""subsample"": 0.8}"	0.9259259259259259	0.9467813051146385
69	0.7333333333333333	0.7232142857142857	0.7222222222222222	0.75	0.7232142857142857	0.472455591261534	0.9703489271671092	"{""colsample_bynode"": 0.6, ""max_depth"": 3, ""min_child_weight"": 2, ""n_estimators"": 300, ""subsample"": 0.6}"	0.9464285714285714	0.9659090909090909
70	0.8666666666666667	0.8571428571428572	0.8611111111111112	0.9	0.8571428571428572	0.7559289460184545	0.9859948553130372	"{""colsample_bynode"": 0.6, ""max_depth"": 3, ""min_child_weight"": 1, ""n_estimators"": 500, ""subsample"": 0.8}"	0.9107142857142857	0.9293650793650794
71	0.75	0.7619047619047619	0.75	0.7619047619047619	0.7619047619047619	0.5238095238095238	0.9932012432012431	"{""colsample_bynode"": 0.6, ""max_depth"": 2, ""min_child_weight"": 1, ""n_estimators"": 500, ""subsample"": 0.8}"	0.8412698412698413	0.9040835707502375
72	1.0	1.0	1.0	1.0	1.0	1.0	0.9643882212064031	"{""colsample_bynode"": 0.3, ""max_depth"": 2, ""min_child_weight"": 1, ""n_estimators"": 300, ""subsample"": 0.8}"	1.0	1.0000000000000002
73	0.8	0.75	0.7619047619047619	0.875	0.75	0.6123724356957946	0.9378449832995287	"{""colsample_bynode"": 0.6, ""max_depth"": 3, ""min_child_weight"": 1, ""n_estimators"": 500, ""subsample"": 0.6}"	1.0	1.0000000000000002
74	0.8666666666666667	0.8660714285714286	0.8660714285714286	0.8660714285714286	0.8660714285714286	0.7321428571428571	0.959998765346359	"{""colsample_bynode"": 0.3, ""max_depth"": 2, ""min_child_weight"": 1, ""n_estimators"": 300, ""subsample"": 0.8}"	0.9107142857142858	0.906795634920635
75	0.9333333333333333	0.9285714285714286	0.9321266968325792	0.9444444444444444	0.9285714285714286	0.8728715609439694	0.9808435391768725	"{""colsample_bynode"": 0.3, ""max_depth"": 3, ""min_child_weight"": 1, ""n_estimators"": 300, ""subsample"": 0.6}"	0.9821428571428572	0.9861111111111112
76	0.75	0.746031746031746	0.746031746031746	0.746031746031746	0.746031746031746	0.49206349206349204	0.978519880174292	"{""colsample_bynode"": 0.3, ""max_depth"": 3, ""min_child_weight"": 1, ""n_estimators"": 500, ""subsample"": 0.6}"	0.9206349206349207	0.9436868686868687
77	0.9333333333333333	0.9166666666666667	0.9282296650717703	0.95	0.9166666666666667	0.8660254037844386	0.9743822255185891	"{""colsample_bynode"": 0.3, ""max_depth"": 2, ""min_child_weight"": 1, ""n_estimators"": 300, ""subsample"": 0.6}"	1.0	1.0000000000000002
78	0.8666666666666667	0.8611111111111112	0.8611111111111112	0.8611111111111112	0.8611111111111112	0.7222222222222222	0.959265566083748	"{""colsample_bynode"": 0.3, ""max_depth"": 2, ""min_child_weight"": 2, ""n_estimators"": 300, ""subsample"": 0.6}"	0.9259259259259259	0.9658119658119659
79	0.9333333333333333	0.9285714285714286	0.9321266968325792	0.9444444444444444	0.9285714285714286	0.8728715609439694	0.9508650020013657	"{""colsample_bynode"": 0.3, ""max_depth"": 3, ""min_child_weight"": 1, ""n_estimators"": 500, ""subsample"": 0.8}"	1.0	1.0
80	0.8666666666666667	0.8660714285714286	0.8660714285714286	0.8660714285714286	0.8660714285714286	0.7321428571428571	0.9760631203813022	"{""colsample_bynode"": 0.6, ""max_depth"": 3, ""min_child_weight"": 1, ""n_estimators"": 500, ""subsample"": 0.8}"	0.9821428571428572	0.9861111111111112
81	0.75	0.746031746031746	0.746031746031746	0.746031746031746	0.746031746031746	0.49206349206349204	0.9867834186016005	"{""colsample_bynode"": 0.3, ""max_depth"": 2, ""min_child_weight"": 1, ""n_estimators"": 300, ""subsample"": 0.6}"	0.9047619047619048	0.9328843995510662
82	0.9333333333333333	0.9166666666666667	0.9282296650717703	0.95	0.9166666666666667	0.8660254037844386	0.9701294076294077	"{""colsample_bynode"": 0.3, ""max_depth"": 2, ""min_child_weight"": 1, ""n_estimators"": 300, ""subsample"": 0.6}"	1.0	1.0000000000000002
83	0.7333333333333333	0.75	0.7321428571428572	0.7410714285714286	0.75	0.49099025303098287	0.9882264200446018	"{""colsample_bynode"": 0.6, ""max_depth"": 2, ""min_child_weight"": 1, ""n_estimators"": 300, ""subsample"": 0.6}"	0.8333333333333334	0.9013548180214848
84	1.0	1.0	1.0	1.0	1.0	1.0	0.9822885447885449	"{""colsample_bynode"": 0.3, ""max_depth"": 2, ""min_child_weight"": 1, ""n_estimators"": 300, ""subsample"": 0.8}"	1.0	1.0
85	1.0	1.0	1.0	1.0	1.0	1.0	0.9722490472490474	"{""colsample_bynode"": 0.3, ""max_depth"": 3, ""min_child_weight"": 1, ""n_estimators"": 300, ""subsample"": 0.8}"	1.0	1.0
86	0.875	0.873015873015873	0.873015873015873	0.873015873015873	0.873015873015873	0.746031746031746	0.9817932067932068	"{""colsample_bynode"": 0.3, ""max_depth"": 2, ""min_child_weight"": 1, ""n_estimators"": 500, ""subsample"": 0.6}"	0.9682539682539684	0.9765432098765432
87	0.9333333333333333	0.9444444444444444	0.9321266968325792	0.9285714285714286	0.9444444444444444	0.8728715609439694	0.9584031387507324	"{""colsample_bynode"": 0.3, ""max_depth"": 2, ""min_child_weight"": 1, ""n_estimators"": 500, ""subsample"": 0.6}"	1.0	1.0000000000000002
88	0.8666666666666667	0.8611111111111112	0.8611111111111112	0.8611111111111112	0.8611111111111112	0.7222222222222222	0.9458414621293411	"{""colsample_bynode"": 0.3, ""max_depth"": 2, ""min_child_weight"": 2, ""n_estimators"": 300, ""subsample"": 0.6}"	0.9259259259259259	0.9598765432098768
89	0.9333333333333333	0.9375	0.9333333333333333	0.9375	0.9375	0.875	0.9685886644219978	"{""colsample_bynode"": 0.3, ""max_depth"": 2, ""min_child_weight"": 1, ""n_estimators"": 300, ""subsample"": 0.6}"	0.9821428571428572	0.9861111111111112
90	0.9333333333333333	0.9285714285714286	0.9321266968325792	0.9444444444444444	0.9285714285714286	0.8728715609439694	0.9751012876012877	"{""colsample_bynode"": 0.3, ""max_depth"": 2, ""min_child_weight"": 1, ""n_estimators"": 300, ""subsample"": 0.6}"	0.9107142857142858	0.906795634920635
91	0.9375	0.9285714285714286	0.9352226720647774	0.95	0.9285714285714286	0.8783100656536799	0.9760663578845398	"{""colsample_bynode"": 0.6, ""max_depth"": 3, ""min_child_weight"": 1, ""n_estimators"": 300, ""subsample"": 0.8}"	0.9682539682539684	0.9765432098765432
92	0.8666666666666667	0.8888888888888888	0.8660714285714286	0.875	0.8888888888888888	0.7637626158259733	0.9758791812267749	"{""colsample_bynode"": 0.3, ""max_depth"": 2, ""min_child_weight"": 1, ""n_estimators"": 500, ""subsample"": 0.8}"	0.9814814814814815	0.9888888888888892
93	0.9333333333333333	0.9166666666666667	0.9282296650717703	0.95	0.9166666666666667	0.8660254037844386	0.964076790213154	"{""colsample_bynode"": 0.3, ""max_depth"": 3, ""min_child_weight"": 1, ""n_estimators"": 300, ""subsample"": 0.8}"	0.9814814814814815	0.9888888888888892
94	0.9333333333333333	0.9285714285714286	0.9321266968325792	0.9444444444444444	0.9285714285714286	0.8728715609439694	0.9731387299569118	"{""colsample_bynode"": 0.3, ""max_depth"": 2, ""min_child_weight"": 1, ""n_estimators"": 300, ""subsample"": 0.8}"	0.9821428571428572	0.9861111111111112
95	0.9333333333333333	0.9375	0.9333333333333333	0.9375	0.9375	0.875	0.9791426166426168	"{""colsample_bynode"": 0.3, ""max_depth"": 2, ""min_child_weight"": 1, ""n_estimators"": 300, ""subsample"": 0.6}"	0.9821428571428572	0.9861111111111112
96	0.8125	0.8174603174603174	0.8117647058823529	0.8125	0.8174603174603174	0.629940788348712	0.9646934715116533	"{""colsample_bynode"": 0.3, ""max_depth"": 3, ""min_child_weight"": 1, ""n_estimators"": 500, ""subsample"": 0.8}"	0.9523809523809524	0.9626543209876544
97	1.0	1.0	1.0	1.0	1.0	1.0	0.9670744238926057	"{""colsample_bynode"": 0.3, ""max_depth"": 2, ""min_child_weight"": 1, ""n_estimators"": 300, ""subsample"": 0.6}"	1.0	1.0000000000000002
98	0.8	0.8055555555555556	0.7963800904977376	0.7946428571428572	0.8055555555555556	0.600099198148979	0.9913697413697414	"{""colsample_bynode"": 0.3, ""max_depth"": 2, ""min_child_weight"": 1, ""n_estimators"": 300, ""subsample"": 0.8}"	0.9444444444444445	0.9674523007856344
99	0.7333333333333333	0.7142857142857143	0.7	0.8333333333333333	0.7142857142857143	0.5345224838248488	0.9599140918993861	"{""colsample_bynode"": 0.6, ""max_depth"": 2, ""min_child_weight"": 2, ""n_estimators"": 300, ""subsample"": 0.6}"	1.0	1.0
100	1.0	1.0	1.0	1.0	1.0	1.0	0.9656855350037169	"{""colsample_bynode"": 0.3, ""max_depth"": 2, ""min_child_weight"": 1, ""n_estimators"": 300, ""subsample"": 0.8}"	1.0	1.0
