species_name	true_label	mean_probability	sd_probability	predicted_positive_fraction	n_test_predictions
Abortiporus_biennis	0	0.13764869	0.008894817	0.0	20
Amorphotheca_resinae	0	0.13244742	0.0034902217	0.0	20
Aspergillus_niger	0	0.16154397	0.024642631	0.0	20
Boletus_edulis	0	0.1390393	0.011910922	0.0	20
Calocera_cornea	0	0.23040846	0.06393288	0.0	20
Calocera_viscosa	0	0.23967306	0.04834742	0.0	20
Cronartium_quercuum	0	0.26899785	0.05315085	0.0	20
Daedalea_quercina	0	0.13049579	0.0058568604	0.0	20
Debaryomyces_udenii	1	0.8076056	0.024352627	1.0	20
Exobasidium_rhododendri	0	0.48139158	0.07391172	0.45	20
Ganoderma_leucocontextum	0	0.1278977	0.005642696	0.0	20
Geopyxis_carbonaria	0	0.16199873	0.018905032	0.0	20
Glomus_cerebriforme	0	0.46978015	0.061860897	0.25	20
Kalaharituber_pfeilii	0	0.12714018	0.0072613563	0.0	20
Kalmanozyma_brasiliensis	1	0.47941	0.083362654	0.4	20
Kwoniella_bestiolae	1	0.7775557	0.049942963	1.0	20
Kwoniella_dejecticola	1	0.7561132	0.058443524	1.0	20
Kwoniella_pini	1	0.7864152	0.04094977	1.0	20
Kwoniella_shandongensis	1	0.7532026	0.04334085	1.0	20
Lachancea_nothofagi	1	0.8732311	0.0026280768	1.0	20
Lipomyces_chichibuensis	1	0.6892998	0.08334074	1.0	20
Lipomyces_kononenkoae	1	0.6795606	0.07198075	1.0	20
Malassezia_japonica	1	0.8404587	0.01197287	1.0	20
Malassezia_restricta	1	0.85147536	0.010953522	1.0	20
Malassezia_sympodialis	1	0.8509145	0.012328143	1.0	20
Melampsora_larici	0	0.30536464	0.07014168	0.0	20
Morchella_snyderi	0	0.12195836	0.0019576827	0.0	20
Nakazawaea_anatomiae	1	0.85099316	0.020260846	1.0	20
Neolecta_irregularis	0	0.4277088	0.06707196	0.15	20
Neurospora_crassa	0	0.12458905	0.0033841515	0.0	20
Penicillium_canescens	0	0.13643304	0.0067547066	0.0	20
Penicillium_ucsense	0	0.1657843	0.02174429	0.0	20
Peziza_echinospora	0	0.15696897	0.016355466	0.0	20
Pholiota_conissans	0	0.13143952	0.009135684	0.0	20
Pleurotus_ostreatus	0	0.13407192	0.008887403	0.0	20
Pneumocystis_carinii	1	0.8386649	0.019557163	1.0	20
Pneumocystis_jirovecii	1	0.84477127	0.022604885	1.0	20
Puccinia_striiformis	0	0.36386493	0.08395639	0.1	20
Pyrenophora_teres	0	0.12629211	0.004112592	0.0	20
Rhynchosporium_commune	0	0.12539376	0.0030412728	0.0	20
Saccharomyces_cerevisiae	1	0.86895245	0.0056777443	1.0	20
Schizosaccharomyces_cryophilus	1	0.85980624	0.012624493	1.0	20
Schizosaccharomyces_octosporus	1	0.86579275	0.0072107133	1.0	20
Schizosaccharomyces_osmophilus	1	0.8689971	0.006068833	1.0	20
Schizosaccharomyces_pombe	1	0.8711544	0.0058575934	1.0	20
Septoria_linicola	0	0.13003208	0.007969538	0.0	20
Sphaerosporella_brunnea	0	0.12731749	0.005727666	0.0	20
Sporopachydermia_lactativora	1	0.8341281	0.014053264	1.0	20
Terfezia_boudieri	0	0.13603678	0.008789194	0.0	20
Tilletia_walkeri	0	0.578338	0.08355988	0.85	20
Tirmania_nivea	0	0.13336542	0.009333608	0.0	20
Tortispora_agaves	1	0.73315585	0.057017654	1.0	20
Trichoderma_asperellum	0	0.12655143	0.004947313	0.0	20
Tuber_melanosporum	0	0.15396011	0.015510261	0.0	20
Umbelopsis_vinacea	0	0.4768912	0.056120746	0.25	20
