	mean	std	median	min	max
roc_auc	0.9982142857142858	0.009325588711912382	1.0	0.9285714285714286	1.0
pr_auc	0.9976666666666667	0.011849221088495255	1.0	0.9166666666666666	1.0
balanced_accuracy	0.9543095238095237	0.06450530343815498	1.0	0.7321428571428572	1.0
accuracy	0.9518181818181816	0.06770417328143703	1.0	0.7272727272727273	1.0
f1	0.9433286713286713	0.07768288949367988	1.0	0.6666666666666666	1.0
precision	0.9276785714285716	0.11487247848482166	1.0	0.6	1.0
sensitivity	0.971	0.07919417384957786	1.0	0.75	1.0
specificity	0.9376190476190476	0.10554931683111653	1.0	0.5	1.0
mcc	0.9097746575023227	0.12536215662129852	1.0	0.4485426135725303	1.0
