fold	roc_auc	pr_auc	balanced_accuracy	accuracy	f1	precision	sensitivity	specificity	mcc	best_inner_pr_auc	scale_pos_weight	best_params
1	1.0	1.0	0.8333333333333333	0.8181818181818182	0.8333333333333334	0.7142857142857143	1.0	0.6666666666666666	0.6900655593423543	1.0	1.588235294117647	"{""colsample_bynode"": 0.3, ""max_depth"": 2, ""min_child_weight"": 1, ""n_estimators"": 300, ""subsample"": 0.6}"
2	1.0	1.0	0.9166666666666667	0.9090909090909091	0.9090909090909091	0.8333333333333334	1.0	0.8333333333333334	0.8333333333333334	0.9920634920634921	1.588235294117647	"{""colsample_bynode"": 0.3, ""max_depth"": 2, ""min_child_weight"": 1, ""n_estimators"": 300, ""subsample"": 0.6}"
3	0.9642857142857143	0.95	0.8035714285714286	0.8181818181818182	0.75	0.75	0.75	0.8571428571428571	0.6071428571428571	0.9920634920634921	1.4444444444444444	"{""colsample_bynode"": 0.3, ""max_depth"": 2, ""min_child_weight"": 1, ""n_estimators"": 500, ""subsample"": 0.6}"
4	1.0	1.0	1.0	1.0	1.0	1.0	1.0	1.0	1.0	0.9920634920634921	1.4444444444444444	"{""colsample_bynode"": 0.3, ""max_depth"": 2, ""min_child_weight"": 1, ""n_estimators"": 300, ""subsample"": 0.6}"
5	1.0	1.0	1.0	1.0	1.0	1.0	1.0	1.0	1.0	0.9368386243386243	1.4444444444444444	"{""colsample_bynode"": 0.3, ""max_depth"": 3, ""min_child_weight"": 1, ""n_estimators"": 300, ""subsample"": 0.6}"
6	1.0	1.0	1.0	1.0	1.0	1.0	1.0	1.0	1.0	0.9920634920634921	1.588235294117647	"{""colsample_bynode"": 0.3, ""max_depth"": 2, ""min_child_weight"": 1, ""n_estimators"": 300, ""subsample"": 0.8}"
7	1.0	1.0	1.0	1.0	1.0	1.0	1.0	1.0	1.0	0.9920634920634921	1.588235294117647	"{""colsample_bynode"": 0.3, ""max_depth"": 2, ""min_child_weight"": 1, ""n_estimators"": 300, ""subsample"": 0.6}"
8	1.0	1.0	0.9285714285714286	0.9090909090909091	0.8888888888888888	0.8	1.0	0.8571428571428571	0.8280786712108251	1.0	1.4444444444444444	"{""colsample_bynode"": 0.3, ""max_depth"": 2, ""min_child_weight"": 1, ""n_estimators"": 300, ""subsample"": 0.6}"
9	1.0	1.0	0.9285714285714286	0.9090909090909091	0.8888888888888888	0.8	1.0	0.8571428571428571	0.8280786712108251	0.9841269841269842	1.4444444444444444	"{""colsample_bynode"": 0.6, ""max_depth"": 3, ""min_child_weight"": 1, ""n_estimators"": 300, ""subsample"": 0.8}"
10	1.0	1.0	1.0	1.0	1.0	1.0	1.0	1.0	1.0	1.0	1.4444444444444444	"{""colsample_bynode"": 0.3, ""max_depth"": 2, ""min_child_weight"": 1, ""n_estimators"": 300, ""subsample"": 0.6}"
11	1.0	1.0	0.9166666666666667	0.9090909090909091	0.9090909090909091	0.8333333333333334	1.0	0.8333333333333334	0.8333333333333334	1.0	1.588235294117647	"{""colsample_bynode"": 0.3, ""max_depth"": 2, ""min_child_weight"": 1, ""n_estimators"": 300, ""subsample"": 0.6}"
12	1.0	1.0	1.0	1.0	1.0	1.0	1.0	1.0	1.0	1.0	1.588235294117647	"{""colsample_bynode"": 0.3, ""max_depth"": 2, ""min_child_weight"": 1, ""n_estimators"": 300, ""subsample"": 0.6}"
13	1.0	1.0	0.875	0.9090909090909091	0.8571428571428571	1.0	0.75	1.0	0.8100925873009825	1.0	1.4444444444444444	"{""colsample_bynode"": 0.3, ""max_depth"": 2, ""min_child_weight"": 1, ""n_estimators"": 300, ""subsample"": 0.6}"
14	1.0	1.0	1.0	1.0	1.0	1.0	1.0	1.0	1.0	0.9920634920634921	1.4444444444444444	"{""colsample_bynode"": 0.3, ""max_depth"": 2, ""min_child_weight"": 1, ""n_estimators"": 300, ""subsample"": 0.6}"
15	1.0	1.0	1.0	1.0	1.0	1.0	1.0	1.0	1.0	1.0	1.4444444444444444	"{""colsample_bynode"": 0.3, ""max_depth"": 2, ""min_child_weight"": 2, ""n_estimators"": 300, ""subsample"": 0.6}"
16	1.0	1.0	0.9	0.9090909090909091	0.8888888888888888	1.0	0.8	1.0	0.8280786712108251	1.0	1.588235294117647	"{""colsample_bynode"": 0.3, ""max_depth"": 2, ""min_child_weight"": 1, ""n_estimators"": 300, ""subsample"": 0.6}"
17	1.0	1.0	1.0	1.0	1.0	1.0	1.0	1.0	1.0	0.9702380952380952	1.588235294117647	"{""colsample_bynode"": 0.3, ""max_depth"": 2, ""min_child_weight"": 1, ""n_estimators"": 300, ""subsample"": 0.6}"
18	1.0	1.0	0.9285714285714286	0.9090909090909091	0.8888888888888888	0.8	1.0	0.8571428571428571	0.8280786712108251	0.9920634920634921	1.4444444444444444	"{""colsample_bynode"": 0.3, ""max_depth"": 2, ""min_child_weight"": 1, ""n_estimators"": 300, ""subsample"": 0.6}"
19	1.0	1.0	0.8571428571428572	0.8181818181818182	0.8	0.6666666666666666	1.0	0.7142857142857143	0.6900655593423543	1.0	1.4444444444444444	"{""colsample_bynode"": 0.3, ""max_depth"": 2, ""min_child_weight"": 1, ""n_estimators"": 300, ""subsample"": 0.6}"
20	1.0	1.0	1.0	1.0	1.0	1.0	1.0	1.0	1.0	1.0	1.4444444444444444	"{""colsample_bynode"": 0.3, ""max_depth"": 2, ""min_child_weight"": 1, ""n_estimators"": 300, ""subsample"": 0.6}"
21	1.0	1.0	0.9166666666666667	0.9090909090909091	0.9090909090909091	0.8333333333333334	1.0	0.8333333333333334	0.8333333333333334	0.9841269841269841	1.588235294117647	"{""colsample_bynode"": 0.6, ""max_depth"": 3, ""min_child_weight"": 1, ""n_estimators"": 300, ""subsample"": 0.6}"
22	1.0	1.0	1.0	1.0	1.0	1.0	1.0	1.0	1.0	0.9841269841269841	1.588235294117647	"{""colsample_bynode"": 0.6, ""max_depth"": 2, ""min_child_weight"": 2, ""n_estimators"": 500, ""subsample"": 0.6}"
23	1.0	1.0	1.0	1.0	1.0	1.0	1.0	1.0	1.0	0.9748677248677248	1.4444444444444444	"{""colsample_bynode"": 0.3, ""max_depth"": 2, ""min_child_weight"": 1, ""n_estimators"": 300, ""subsample"": 0.6}"
24	1.0	1.0	1.0	1.0	1.0	1.0	1.0	1.0	1.0	1.0	1.4444444444444444	"{""colsample_bynode"": 0.3, ""max_depth"": 2, ""min_child_weight"": 1, ""n_estimators"": 300, ""subsample"": 0.6}"
25	0.9642857142857143	0.95	0.8035714285714286	0.8181818181818182	0.75	0.75	0.75	0.8571428571428571	0.6071428571428571	1.0	1.4444444444444444	"{""colsample_bynode"": 0.3, ""max_depth"": 2, ""min_child_weight"": 2, ""n_estimators"": 300, ""subsample"": 0.6}"
26	1.0	1.0	1.0	1.0	1.0	1.0	1.0	1.0	1.0	1.0	1.588235294117647	"{""colsample_bynode"": 0.3, ""max_depth"": 2, ""min_child_weight"": 1, ""n_estimators"": 300, ""subsample"": 0.6}"
27	1.0	1.0	1.0	1.0	1.0	1.0	1.0	1.0	1.0	1.0	1.588235294117647	"{""colsample_bynode"": 0.3, ""max_depth"": 2, ""min_child_weight"": 1, ""n_estimators"": 300, ""subsample"": 0.6}"
28	1.0	1.0	1.0	1.0	1.0	1.0	1.0	1.0	1.0	1.0	1.4444444444444444	"{""colsample_bynode"": 0.3, ""max_depth"": 2, ""min_child_weight"": 1, ""n_estimators"": 500, ""subsample"": 0.6}"
29	1.0	1.0	0.9285714285714286	0.9090909090909091	0.8888888888888888	0.8	1.0	0.8571428571428571	0.8280786712108251	1.0	1.4444444444444444	"{""colsample_bynode"": 0.3, ""max_depth"": 2, ""min_child_weight"": 1, ""n_estimators"": 300, ""subsample"": 0.6}"
30	1.0	1.0	1.0	1.0	1.0	1.0	1.0	1.0	1.0	0.986111111111111	1.4444444444444444	"{""colsample_bynode"": 0.3, ""max_depth"": 2, ""min_child_weight"": 2, ""n_estimators"": 300, ""subsample"": 0.6}"
31	1.0	1.0	0.9166666666666667	0.9090909090909091	0.9090909090909091	0.8333333333333334	1.0	0.8333333333333334	0.8333333333333334	0.9861111111111112	1.588235294117647	"{""colsample_bynode"": 0.6, ""max_depth"": 2, ""min_child_weight"": 1, ""n_estimators"": 300, ""subsample"": 0.6}"
32	1.0	1.0	1.0	1.0	1.0	1.0	1.0	1.0	1.0	0.9828042328042329	1.588235294117647	"{""colsample_bynode"": 0.3, ""max_depth"": 2, ""min_child_weight"": 1, ""n_estimators"": 300, ""subsample"": 0.6}"
33	1.0	1.0	1.0	1.0	1.0	1.0	1.0	1.0	1.0	1.0	1.4444444444444444	"{""colsample_bynode"": 0.3, ""max_depth"": 2, ""min_child_weight"": 1, ""n_estimators"": 300, ""subsample"": 0.6}"
34	1.0	1.0	0.8571428571428572	0.8181818181818182	0.8	0.6666666666666666	1.0	0.7142857142857143	0.6900655593423543	1.0	1.4444444444444444	"{""colsample_bynode"": 0.6, ""max_depth"": 2, ""min_child_weight"": 1, ""n_estimators"": 300, ""subsample"": 0.6}"
35	1.0	1.0	0.875	0.9090909090909091	0.8571428571428571	1.0	0.75	1.0	0.8100925873009825	1.0	1.4444444444444444	"{""colsample_bynode"": 0.3, ""max_depth"": 2, ""min_child_weight"": 1, ""n_estimators"": 300, ""subsample"": 0.6}"
36	1.0	1.0	1.0	1.0	1.0	1.0	1.0	1.0	1.0	0.9611111111111111	1.588235294117647	"{""colsample_bynode"": 0.6, ""max_depth"": 2, ""min_child_weight"": 1, ""n_estimators"": 300, ""subsample"": 0.6}"
37	1.0	1.0	1.0	1.0	1.0	1.0	1.0	1.0	1.0	1.0	1.588235294117647	"{""colsample_bynode"": 0.3, ""max_depth"": 2, ""min_child_weight"": 1, ""n_estimators"": 300, ""subsample"": 0.6}"
38	1.0	1.0	0.875	0.9090909090909091	0.8571428571428571	1.0	0.75	1.0	0.8100925873009825	1.0	1.4444444444444444	"{""colsample_bynode"": 0.3, ""max_depth"": 2, ""min_child_weight"": 1, ""n_estimators"": 300, ""subsample"": 0.6}"
39	1.0	1.0	1.0	1.0	1.0	1.0	1.0	1.0	1.0	1.0	1.4444444444444444	"{""colsample_bynode"": 0.3, ""max_depth"": 2, ""min_child_weight"": 1, ""n_estimators"": 300, ""subsample"": 0.6}"
40	1.0	1.0	1.0	1.0	1.0	1.0	1.0	1.0	1.0	1.0	1.4444444444444444	"{""colsample_bynode"": 0.3, ""max_depth"": 2, ""min_child_weight"": 1, ""n_estimators"": 300, ""subsample"": 0.6}"
41	1.0	1.0	1.0	1.0	1.0	1.0	1.0	1.0	1.0	0.9920634920634921	1.588235294117647	"{""colsample_bynode"": 0.3, ""max_depth"": 2, ""min_child_weight"": 1, ""n_estimators"": 300, ""subsample"": 0.6}"
42	1.0	1.0	0.75	0.7272727272727273	0.7692307692307693	0.625	1.0	0.5	0.5590169943749475	1.0	1.588235294117647	"{""colsample_bynode"": 0.3, ""max_depth"": 2, ""min_child_weight"": 1, ""n_estimators"": 300, ""subsample"": 0.6}"
43	1.0	1.0	1.0	1.0	1.0	1.0	1.0	1.0	1.0	1.0	1.4444444444444444	"{""colsample_bynode"": 0.3, ""max_depth"": 2, ""min_child_weight"": 1, ""n_estimators"": 300, ""subsample"": 0.6}"
44	1.0	1.0	0.9285714285714286	0.9090909090909091	0.8888888888888888	0.8	1.0	0.8571428571428571	0.8280786712108251	1.0	1.4444444444444444	"{""colsample_bynode"": 0.3, ""max_depth"": 2, ""min_child_weight"": 2, ""n_estimators"": 300, ""subsample"": 0.6}"
45	0.9642857142857143	0.95	0.875	0.9090909090909091	0.8571428571428571	1.0	0.75	1.0	0.8100925873009825	1.0	1.4444444444444444	"{""colsample_bynode"": 0.3, ""max_depth"": 3, ""min_child_weight"": 2, ""n_estimators"": 300, ""subsample"": 0.6}"
46	1.0	1.0	1.0	1.0	1.0	1.0	1.0	1.0	1.0	1.0	1.588235294117647	"{""colsample_bynode"": 0.3, ""max_depth"": 2, ""min_child_weight"": 1, ""n_estimators"": 300, ""subsample"": 0.6}"
47	1.0	1.0	0.8333333333333333	0.8181818181818182	0.8333333333333334	0.7142857142857143	1.0	0.6666666666666666	0.6900655593423543	0.9702380952380952	1.588235294117647	"{""colsample_bynode"": 0.3, ""max_depth"": 2, ""min_child_weight"": 1, ""n_estimators"": 300, ""subsample"": 0.6}"
48	1.0	1.0	1.0	1.0	1.0	1.0	1.0	1.0	1.0	1.0	1.4444444444444444	"{""colsample_bynode"": 0.3, ""max_depth"": 2, ""min_child_weight"": 1, ""n_estimators"": 300, ""subsample"": 0.6}"
49	1.0	1.0	1.0	1.0	1.0	1.0	1.0	1.0	1.0	0.9563492063492062	1.4444444444444444	"{""colsample_bynode"": 0.3, ""max_depth"": 2, ""min_child_weight"": 2, ""n_estimators"": 500, ""subsample"": 0.6}"
50	1.0	1.0	1.0	1.0	1.0	1.0	1.0	1.0	1.0	1.0	1.4444444444444444	"{""colsample_bynode"": 0.3, ""max_depth"": 2, ""min_child_weight"": 1, ""n_estimators"": 300, ""subsample"": 0.6}"
51	1.0	1.0	1.0	1.0	1.0	1.0	1.0	1.0	1.0	1.0	1.588235294117647	"{""colsample_bynode"": 0.3, ""max_depth"": 2, ""min_child_weight"": 1, ""n_estimators"": 300, ""subsample"": 0.6}"
52	1.0	1.0	1.0	1.0	1.0	1.0	1.0	1.0	1.0	1.0	1.588235294117647	"{""colsample_bynode"": 0.3, ""max_depth"": 3, ""min_child_weight"": 1, ""n_estimators"": 300, ""subsample"": 0.6}"
53	1.0	1.0	1.0	1.0	1.0	1.0	1.0	1.0	1.0	1.0	1.4444444444444444	"{""colsample_bynode"": 0.3, ""max_depth"": 3, ""min_child_weight"": 1, ""n_estimators"": 300, ""subsample"": 0.6}"
54	1.0	1.0	1.0	1.0	1.0	1.0	1.0	1.0	1.0	1.0	1.4444444444444444	"{""colsample_bynode"": 0.3, ""max_depth"": 2, ""min_child_weight"": 1, ""n_estimators"": 300, ""subsample"": 0.6}"
55	1.0	1.0	0.9285714285714286	0.9090909090909091	0.8888888888888888	0.8	1.0	0.8571428571428571	0.8280786712108251	0.9841269841269842	1.4444444444444444	"{""colsample_bynode"": 0.3, ""max_depth"": 2, ""min_child_weight"": 2, ""n_estimators"": 300, ""subsample"": 0.6}"
56	1.0	1.0	1.0	1.0	1.0	1.0	1.0	1.0	1.0	1.0	1.588235294117647	"{""colsample_bynode"": 0.3, ""max_depth"": 2, ""min_child_weight"": 1, ""n_estimators"": 300, ""subsample"": 0.6}"
57	1.0	1.0	1.0	1.0	1.0	1.0	1.0	1.0	1.0	1.0	1.588235294117647	"{""colsample_bynode"": 0.3, ""max_depth"": 2, ""min_child_weight"": 1, ""n_estimators"": 300, ""subsample"": 0.6}"
58	1.0	1.0	1.0	1.0	1.0	1.0	1.0	1.0	1.0	1.0	1.4444444444444444	"{""colsample_bynode"": 0.3, ""max_depth"": 2, ""min_child_weight"": 1, ""n_estimators"": 300, ""subsample"": 0.6}"
59	1.0	1.0	1.0	1.0	1.0	1.0	1.0	1.0	1.0	1.0	1.4444444444444444	"{""colsample_bynode"": 0.3, ""max_depth"": 2, ""min_child_weight"": 1, ""n_estimators"": 300, ""subsample"": 0.6}"
60	1.0	1.0	0.9285714285714286	0.9090909090909091	0.8888888888888888	0.8	1.0	0.8571428571428571	0.8280786712108251	1.0	1.4444444444444444	"{""colsample_bynode"": 0.3, ""max_depth"": 2, ""min_child_weight"": 1, ""n_estimators"": 300, ""subsample"": 0.6}"
61	1.0	1.0	1.0	1.0	1.0	1.0	1.0	1.0	1.0	1.0	1.588235294117647	"{""colsample_bynode"": 0.3, ""max_depth"": 2, ""min_child_weight"": 1, ""n_estimators"": 300, ""subsample"": 0.8}"
62	1.0	1.0	1.0	1.0	1.0	1.0	1.0	1.0	1.0	1.0	1.588235294117647	"{""colsample_bynode"": 0.3, ""max_depth"": 2, ""min_child_weight"": 1, ""n_estimators"": 300, ""subsample"": 0.6}"
63	1.0	1.0	1.0	1.0	1.0	1.0	1.0	1.0	1.0	1.0	1.4444444444444444	"{""colsample_bynode"": 0.3, ""max_depth"": 2, ""min_child_weight"": 1, ""n_estimators"": 300, ""subsample"": 0.6}"
64	1.0	1.0	0.875	0.9090909090909091	0.8571428571428571	1.0	0.75	1.0	0.8100925873009825	1.0	1.4444444444444444	"{""colsample_bynode"": 0.3, ""max_depth"": 2, ""min_child_weight"": 1, ""n_estimators"": 300, ""subsample"": 0.6}"
65	1.0	1.0	0.9285714285714286	0.9090909090909091	0.8888888888888888	0.8	1.0	0.8571428571428571	0.8280786712108251	1.0	1.4444444444444444	"{""colsample_bynode"": 0.3, ""max_depth"": 3, ""min_child_weight"": 1, ""n_estimators"": 300, ""subsample"": 0.6}"
66	1.0	1.0	0.9166666666666667	0.9090909090909091	0.9090909090909091	0.8333333333333334	1.0	0.8333333333333334	0.8333333333333334	1.0	1.588235294117647	"{""colsample_bynode"": 0.3, ""max_depth"": 2, ""min_child_weight"": 1, ""n_estimators"": 300, ""subsample"": 0.6}"
67	1.0	1.0	1.0	1.0	1.0	1.0	1.0	1.0	1.0	0.9676190476190477	1.588235294117647	"{""colsample_bynode"": 0.3, ""max_depth"": 2, ""min_child_weight"": 1, ""n_estimators"": 300, ""subsample"": 0.8}"
68	1.0	1.0	1.0	1.0	1.0	1.0	1.0	1.0	1.0	1.0	1.4444444444444444	"{""colsample_bynode"": 0.3, ""max_depth"": 2, ""min_child_weight"": 1, ""n_estimators"": 300, ""subsample"": 0.6}"
69	1.0	1.0	0.9285714285714286	0.9090909090909091	0.8888888888888888	0.8	1.0	0.8571428571428571	0.8280786712108251	1.0	1.4444444444444444	"{""colsample_bynode"": 0.3, ""max_depth"": 2, ""min_child_weight"": 1, ""n_estimators"": 300, ""subsample"": 0.6}"
70	1.0	1.0	1.0	1.0	1.0	1.0	1.0	1.0	1.0	1.0	1.4444444444444444	"{""colsample_bynode"": 0.3, ""max_depth"": 2, ""min_child_weight"": 1, ""n_estimators"": 300, ""subsample"": 0.6}"
71	1.0	1.0	1.0	1.0	1.0	1.0	1.0	1.0	1.0	0.9920634920634921	1.588235294117647	"{""colsample_bynode"": 0.3, ""max_depth"": 3, ""min_child_weight"": 1, ""n_estimators"": 500, ""subsample"": 0.6}"
72	1.0	1.0	1.0	1.0	1.0	1.0	1.0	1.0	1.0	1.0	1.588235294117647	"{""colsample_bynode"": 0.3, ""max_depth"": 2, ""min_child_weight"": 1, ""n_estimators"": 300, ""subsample"": 0.6}"
73	1.0	1.0	0.8571428571428572	0.8181818181818182	0.8	0.6666666666666666	1.0	0.7142857142857143	0.6900655593423543	1.0	1.4444444444444444	"{""colsample_bynode"": 0.3, ""max_depth"": 2, ""min_child_weight"": 1, ""n_estimators"": 300, ""subsample"": 0.6}"
74	1.0	1.0	0.875	0.9090909090909091	0.8571428571428571	1.0	0.75	1.0	0.8100925873009825	1.0	1.4444444444444444	"{""colsample_bynode"": 0.3, ""max_depth"": 2, ""min_child_weight"": 1, ""n_estimators"": 300, ""subsample"": 0.6}"
75	1.0	1.0	0.9285714285714286	0.9090909090909091	0.8888888888888888	0.8	1.0	0.8571428571428571	0.8280786712108251	1.0	1.4444444444444444	"{""colsample_bynode"": 0.3, ""max_depth"": 2, ""min_child_weight"": 1, ""n_estimators"": 300, ""subsample"": 0.6}"
76	1.0	1.0	1.0	1.0	1.0	1.0	1.0	1.0	1.0	0.9730158730158731	1.588235294117647	"{""colsample_bynode"": 0.6, ""max_depth"": 2, ""min_child_weight"": 1, ""n_estimators"": 300, ""subsample"": 0.6}"
77	1.0	1.0	1.0	1.0	1.0	1.0	1.0	1.0	1.0	1.0	1.588235294117647	"{""colsample_bynode"": 0.3, ""max_depth"": 2, ""min_child_weight"": 1, ""n_estimators"": 300, ""subsample"": 0.6}"
78	1.0	1.0	1.0	1.0	1.0	1.0	1.0	1.0	1.0	1.0	1.4444444444444444	"{""colsample_bynode"": 0.3, ""max_depth"": 2, ""min_child_weight"": 1, ""n_estimators"": 300, ""subsample"": 0.6}"
79	1.0	1.0	1.0	1.0	1.0	1.0	1.0	1.0	1.0	1.0	1.4444444444444444	"{""colsample_bynode"": 0.3, ""max_depth"": 2, ""min_child_weight"": 1, ""n_estimators"": 300, ""subsample"": 0.6}"
80	1.0	1.0	0.9285714285714286	0.9090909090909091	0.8888888888888888	0.8	1.0	0.8571428571428571	0.8280786712108251	1.0	1.4444444444444444	"{""colsample_bynode"": 0.3, ""max_depth"": 2, ""min_child_weight"": 1, ""n_estimators"": 300, ""subsample"": 0.6}"
81	1.0	1.0	0.9166666666666667	0.9090909090909091	0.9090909090909091	0.8333333333333334	1.0	0.8333333333333334	0.8333333333333334	1.0	1.588235294117647	"{""colsample_bynode"": 0.3, ""max_depth"": 2, ""min_child_weight"": 1, ""n_estimators"": 500, ""subsample"": 0.6}"
82	1.0	1.0	1.0	1.0	1.0	1.0	1.0	1.0	1.0	1.0	1.588235294117647	"{""colsample_bynode"": 0.3, ""max_depth"": 2, ""min_child_weight"": 1, ""n_estimators"": 300, ""subsample"": 0.6}"
83	1.0	1.0	0.9285714285714286	0.9090909090909091	0.8888888888888888	0.8	1.0	0.8571428571428571	0.8280786712108251	0.9781746031746031	1.4444444444444444	"{""colsample_bynode"": 0.3, ""max_depth"": 3, ""min_child_weight"": 1, ""n_estimators"": 300, ""subsample"": 0.6}"
84	0.9285714285714286	0.9166666666666666	0.7321428571428572	0.7272727272727273	0.6666666666666666	0.6	0.75	0.7142857142857143	0.4485426135725303	1.0	1.4444444444444444	"{""colsample_bynode"": 0.3, ""max_depth"": 2, ""min_child_weight"": 1, ""n_estimators"": 300, ""subsample"": 0.6}"
85	1.0	1.0	1.0	1.0	1.0	1.0	1.0	1.0	1.0	1.0	1.4444444444444444	"{""colsample_bynode"": 0.6, ""max_depth"": 2, ""min_child_weight"": 1, ""n_estimators"": 300, ""subsample"": 0.8}"
86	1.0	1.0	0.9166666666666667	0.9090909090909091	0.9090909090909091	0.8333333333333334	1.0	0.8333333333333334	0.8333333333333334	1.0	1.588235294117647	"{""colsample_bynode"": 0.3, ""max_depth"": 2, ""min_child_weight"": 1, ""n_estimators"": 300, ""subsample"": 0.6}"
87	1.0	1.0	1.0	1.0	1.0	1.0	1.0	1.0	1.0	1.0	1.588235294117647	"{""colsample_bynode"": 0.3, ""max_depth"": 2, ""min_child_weight"": 1, ""n_estimators"": 300, ""subsample"": 0.6}"
88	1.0	1.0	1.0	1.0	1.0	1.0	1.0	1.0	1.0	1.0	1.4444444444444444	"{""colsample_bynode"": 0.3, ""max_depth"": 2, ""min_child_weight"": 1, ""n_estimators"": 300, ""subsample"": 0.6}"
89	1.0	1.0	0.875	0.9090909090909091	0.8571428571428571	1.0	0.75	1.0	0.8100925873009825	1.0	1.4444444444444444	"{""colsample_bynode"": 0.3, ""max_depth"": 2, ""min_child_weight"": 1, ""n_estimators"": 300, ""subsample"": 0.6}"
90	1.0	1.0	1.0	1.0	1.0	1.0	1.0	1.0	1.0	1.0	1.4444444444444444	"{""colsample_bynode"": 0.3, ""max_depth"": 2, ""min_child_weight"": 1, ""n_estimators"": 300, ""subsample"": 0.6}"
91	1.0	1.0	1.0	1.0	1.0	1.0	1.0	1.0	1.0	1.0	1.588235294117647	"{""colsample_bynode"": 0.3, ""max_depth"": 2, ""min_child_weight"": 1, ""n_estimators"": 500, ""subsample"": 0.8}"
92	1.0	1.0	1.0	1.0	1.0	1.0	1.0	1.0	1.0	0.9888888888888889	1.588235294117647	"{""colsample_bynode"": 0.3, ""max_depth"": 2, ""min_child_weight"": 1, ""n_estimators"": 300, ""subsample"": 0.6}"
93	1.0	1.0	1.0	1.0	1.0	1.0	1.0	1.0	1.0	1.0	1.4444444444444444	"{""colsample_bynode"": 0.3, ""max_depth"": 2, ""min_child_weight"": 1, ""n_estimators"": 300, ""subsample"": 0.6}"
94	1.0	1.0	0.9285714285714286	0.9090909090909091	0.8888888888888888	0.8	1.0	0.8571428571428571	0.8280786712108251	1.0	1.4444444444444444	"{""colsample_bynode"": 0.3, ""max_depth"": 2, ""min_child_weight"": 1, ""n_estimators"": 300, ""subsample"": 0.6}"
95	1.0	1.0	1.0	1.0	1.0	1.0	1.0	1.0	1.0	1.0	1.4444444444444444	"{""colsample_bynode"": 0.3, ""max_depth"": 2, ""min_child_weight"": 1, ""n_estimators"": 500, ""subsample"": 0.6}"
96	1.0	1.0	0.9	0.9090909090909091	0.8888888888888888	1.0	0.8	1.0	0.8280786712108251	1.0	1.588235294117647	"{""colsample_bynode"": 0.3, ""max_depth"": 2, ""min_child_weight"": 1, ""n_estimators"": 300, ""subsample"": 0.6}"
97	1.0	1.0	0.8333333333333333	0.8181818181818182	0.8333333333333334	0.7142857142857143	1.0	0.6666666666666666	0.6900655593423543	1.0	1.588235294117647	"{""colsample_bynode"": 0.3, ""max_depth"": 2, ""min_child_weight"": 1, ""n_estimators"": 300, ""subsample"": 0.6}"
98	1.0	1.0	1.0	1.0	1.0	1.0	1.0	1.0	1.0	0.9828042328042329	1.4444444444444444	"{""colsample_bynode"": 0.3, ""max_depth"": 2, ""min_child_weight"": 1, ""n_estimators"": 300, ""subsample"": 0.6}"
99	1.0	1.0	0.8571428571428572	0.8181818181818182	0.8	0.6666666666666666	1.0	0.7142857142857143	0.6900655593423543	1.0	1.4444444444444444	"{""colsample_bynode"": 0.3, ""max_depth"": 2, ""min_child_weight"": 1, ""n_estimators"": 300, ""subsample"": 0.6}"
100	1.0	1.0	1.0	1.0	1.0	1.0	1.0	1.0	1.0	1.0	1.4444444444444444	"{""colsample_bynode"": 0.3, ""max_depth"": 2, ""min_child_weight"": 1, ""n_estimators"": 300, ""subsample"": 0.6}"
