species_name	fold	true_label	predicted_label	probability_class_1
Sporopachydermia_lactativora	1	1	1	0.8438505
Tuber_melanosporum	1	0	0	0.14840409
Pneumocystis_jirovecii	1	1	1	0.86254454
Pyrenophora_teres	1	0	0	0.12307938
Umbelopsis_vinacea	1	0	1	0.57386285
Calocera_viscosa	1	0	0	0.20042734
Ganoderma_leucocontextum	1	0	0	0.12507318
Exobasidium_rhododendri	1	0	1	0.5259612
Tortispora_agaves	1	1	1	0.78551286
Malassezia_sympodialis	1	1	1	0.84936076
Schizosaccharomyces_pombe	1	1	1	0.8751086
Glomus_cerebriforme	2	0	0	0.44254234
Lipomyces_kononenkoae	2	1	1	0.7457674
Puccinia_striiformis	2	0	0	0.24401163
Tilletia_walkeri	2	0	1	0.5938119
Debaryomyces_udenii	2	1	1	0.8361533
Malassezia_japonica	2	1	1	0.8545278
Abortiporus_biennis	2	0	0	0.12658086
Penicillium_canescens	2	0	0	0.13003765
Septoria_linicola	2	0	0	0.1282213
Kwoniella_pini	2	1	1	0.8217357
Malassezia_restricta	2	1	1	0.8574216
Neolecta_irregularis	3	0	1	0.5595185
Neurospora_crassa	3	0	0	0.122511454
Amorphotheca_resinae	3	0	0	0.1304725
Cronartium_quercuum	3	0	0	0.19129866
Rhynchosporium_commune	3	0	0	0.121544324
Nakazawaea_anatomiae	3	1	1	0.86111027
Schizosaccharomyces_cryophilus	3	1	1	0.86830664
Penicillium_ucsense	3	0	0	0.19348241
Aspergillus_niger	3	0	0	0.18841136
Kalmanozyma_brasiliensis	3	1	0	0.40999398
Kwoniella_dejecticola	3	1	1	0.8219744
Pneumocystis_carinii	4	1	1	0.84903556
Geopyxis_carbonaria	4	0	0	0.16189922
Peziza_echinospora	4	0	0	0.14225763
Kwoniella_shandongensis	4	1	1	0.7587403
Boletus_edulis	4	0	0	0.12916851
Morchella_snyderi	4	0	0	0.12265794
Lachancea_nothofagi	4	1	1	0.8697556
Melampsora_larici	4	0	0	0.3129797
Daedalea_quercina	4	0	0	0.12827638
Kalaharituber_pfeilii	4	0	0	0.12583135
Saccharomyces_cerevisiae	4	1	1	0.86592406
Schizosaccharomyces_octosporus	5	1	1	0.86043113
Pholiota_conissans	5	0	0	0.14707363
Trichoderma_asperellum	5	0	0	0.12618513
Schizosaccharomyces_osmophilus	5	1	1	0.8588222
Calocera_cornea	5	0	0	0.20296073
Terfezia_boudieri	5	0	0	0.13119811
Tirmania_nivea	5	0	0	0.12968577
Sphaerosporella_brunnea	5	0	0	0.124249965
Pleurotus_ostreatus	5	0	0	0.15114887
Lipomyces_chichibuensis	5	1	1	0.66289914
Kwoniella_bestiolae	5	1	1	0.79275584
Pholiota_conissans	6	0	0	0.12564814
Neolecta_irregularis	6	0	0	0.37306252
Schizosaccharomyces_osmophilus	6	1	1	0.86364347
Umbelopsis_vinacea	6	0	0	0.496682
Lachancea_nothofagi	6	1	1	0.8776289
Daedalea_quercina	6	0	0	0.12463752
Penicillium_canescens	6	0	0	0.13307622
Schizosaccharomyces_cryophilus	6	1	1	0.8624449
Tirmania_nivea	6	0	0	0.13118385
Lipomyces_chichibuensis	6	1	1	0.6733667
Saccharomyces_cerevisiae	6	1	1	0.86905545
Sporopachydermia_lactativora	7	1	1	0.8399259
Schizosaccharomyces_octosporus	7	1	1	0.87280667
Pneumocystis_carinii	7	1	1	0.84969336
Glomus_cerebriforme	7	0	0	0.4260795
Peziza_echinospora	7	0	0	0.16627575
Trichoderma_asperellum	7	0	0	0.12446978
Lipomyces_kononenkoae	7	1	1	0.7558348
Tuber_melanosporum	7	0	0	0.18241611
Morchella_snyderi	7	0	0	0.12446978
Exobasidium_rhododendri	7	0	0	0.39677188
Kalmanozyma_brasiliensis	7	1	1	0.52179277
Puccinia_striiformis	8	0	1	0.53966224
Amorphotheca_resinae	8	0	0	0.13096003
Rhynchosporium_commune	8	0	0	0.12575808
Pneumocystis_jirovecii	8	1	1	0.84695953
Boletus_edulis	8	0	0	0.13510299
Nakazawaea_anatomiae	8	1	1	0.85058653
Calocera_cornea	8	0	0	0.36011556
Melampsora_larici	8	0	0	0.40466237
Kalaharituber_pfeilii	8	0	0	0.12586805
Kwoniella_bestiolae	8	1	1	0.8066008
Malassezia_restricta	8	1	1	0.84374076
Geopyxis_carbonaria	9	0	0	0.15643477
Kwoniella_shandongensis	9	1	1	0.7571224
Tilletia_walkeri	9	0	1	0.6644111
Cronartium_quercuum	9	0	0	0.24285801
Pyrenophora_teres	9	0	0	0.12196014
Abortiporus_biennis	9	0	0	0.12149686
Sphaerosporella_brunnea	9	0	0	0.11920315
Pleurotus_ostreatus	9	0	0	0.122891285
Malassezia_sympodialis	9	1	1	0.86870337
Kwoniella_pini	9	1	1	0.7931141
Schizosaccharomyces_pombe	9	1	1	0.87430197
Neurospora_crassa	10	0	0	0.13327229
Calocera_viscosa	10	0	0	0.1884631
Ganoderma_leucocontextum	10	0	0	0.12658495
Debaryomyces_udenii	10	1	1	0.81661385
Malassezia_japonica	10	1	1	0.8166025
Tortispora_agaves	10	1	1	0.74742156
Terfezia_boudieri	10	0	0	0.1274586
Penicillium_ucsense	10	0	0	0.18150792
Septoria_linicola	10	0	0	0.13265742
Aspergillus_niger	10	0	0	0.17943732
Kwoniella_dejecticola	10	1	1	0.76547813
Pneumocystis_carinii	11	1	1	0.8643511
Geopyxis_carbonaria	11	0	0	0.15212096
Amorphotheca_resinae	11	0	0	0.13470338
Tilletia_walkeri	11	0	1	0.55562985
Boletus_edulis	11	0	0	0.14315933
Debaryomyces_udenii	11	1	1	0.8345112
Abortiporus_biennis	11	0	0	0.13251281
Penicillium_ucsense	11	0	0	0.14800155
Kwoniella_bestiolae	11	1	1	0.72208464
Kwoniella_dejecticola	11	1	1	0.6989011
Schizosaccharomyces_pombe	11	1	1	0.8752085
Sporopachydermia_lactativora	12	1	1	0.8320746
Neolecta_irregularis	12	0	0	0.4379296
Nakazawaea_anatomiae	12	1	1	0.82156754
Calocera_cornea	12	0	0	0.18913807
Terfezia_boudieri	12	0	0	0.14058277
Schizosaccharomyces_cryophilus	12	1	1	0.8726369
Sphaerosporella_brunnea	12	0	0	0.12362141
Septoria_linicola	12	0	0	0.12940864
Pleurotus_ostreatus	12	0	0	0.12901564
Malassezia_sympodialis	12	1	1	0.8247019
Malassezia_restricta	12	1	1	0.8281499
Schizosaccharomyces_octosporus	13	1	1	0.87171507
Glomus_cerebriforme	13	0	0	0.4522107
Peziza_echinospora	13	0	0	0.14589535
Trichoderma_asperellum	13	0	0	0.124335766
Kwoniella_shandongensis	13	1	1	0.756118
Neurospora_crassa	13	0	0	0.12437205
Tuber_melanosporum	13	0	0	0.17197922
Schizosaccharomyces_osmophilus	13	1	1	0.87171507
Exobasidium_rhododendri	13	0	0	0.35612074
Penicillium_canescens	13	0	0	0.12847646
Kalmanozyma_brasiliensis	13	1	0	0.49765903
Pholiota_conissans	14	0	0	0.13293134
Lipomyces_kononenkoae	14	1	1	0.56285477
Puccinia_striiformis	14	0	0	0.3277003
Morchella_snyderi	14	0	0	0.11920318
Pyrenophora_teres	14	0	0	0.1196589
Calocera_viscosa	14	0	0	0.3719177
Malassezia_japonica	14	1	1	0.8439665
Melampsora_larici	14	0	0	0.31012952
Kalaharituber_pfeilii	14	0	0	0.12334604
Lipomyces_chichibuensis	14	1	1	0.5447584
Saccharomyces_cerevisiae	14	1	1	0.87557834
Cronartium_quercuum	15	0	0	0.2530794
Rhynchosporium_commune	15	0	0	0.12258809
Pneumocystis_jirovecii	15	1	1	0.8423606
Umbelopsis_vinacea	15	0	0	0.44409537
Lachancea_nothofagi	15	1	1	0.8705972
Ganoderma_leucocontextum	15	0	0	0.12907985
Tortispora_agaves	15	1	1	0.75218743
Daedalea_quercina	15	0	0	0.13862683
Tirmania_nivea	15	0	0	0.14077553
Aspergillus_niger	15	0	0	0.14484903
Kwoniella_pini	15	1	1	0.8110856
Geopyxis_carbonaria	16	0	0	0.16049662
Peziza_echinospora	16	0	0	0.14606299
Kwoniella_shandongensis	16	1	1	0.6881433
Tilletia_walkeri	16	0	0	0.3491281
Pyrenophora_teres	16	0	0	0.12313473
Daedalea_quercina	16	0	0	0.12689282
Pleurotus_ostreatus	16	0	0	0.12905459
Lipomyces_chichibuensis	16	1	1	0.75250316
Kalmanozyma_brasiliensis	16	1	0	0.4585748
Kwoniella_dejecticola	16	1	1	0.7798051
Schizosaccharomyces_pombe	16	1	1	0.87574947
Schizosaccharomyces_octosporus	17	1	1	0.8683703
Trichoderma_asperellum	17	0	0	0.13158573
Neurospora_crassa	17	0	0	0.12296622
Amorphotheca_resinae	17	0	0	0.14050366
Rhynchosporium_commune	17	0	0	0.13233039
Pneumocystis_jirovecii	17	1	1	0.8690068
Nakazawaea_anatomiae	17	1	1	0.8434651
Calocera_viscosa	17	0	0	0.22272241
Debaryomyces_udenii	17	1	1	0.7993378
Tirmania_nivea	17	0	0	0.13035993
Kwoniella_pini	17	1	1	0.7918931
Sporopachydermia_lactativora	18	1	1	0.82351935
Glomus_cerebriforme	18	0	1	0.520719
Neolecta_irregularis	18	0	0	0.32688975
Morchella_snyderi	18	0	0	0.12346734
Ganoderma_leucocontextum	18	0	0	0.124249965
Melampsora_larici	18	0	0	0.28719866
Tortispora_agaves	18	1	1	0.70283765
Terfezia_boudieri	18	0	0	0.14683808
Kalaharituber_pfeilii	18	0	0	0.12583135
Kwoniella_bestiolae	18	1	1	0.7814029
Malassezia_restricta	18	1	1	0.8569268
Schizosaccharomyces_osmophilus	19	1	1	0.87319875
Cronartium_quercuum	19	0	0	0.24747312
Umbelopsis_vinacea	19	0	1	0.54282635
Exobasidium_rhododendri	19	0	1	0.5365217
Malassezia_japonica	19	1	1	0.83866507
Sphaerosporella_brunnea	19	0	0	0.12222812
Penicillium_ucsense	19	0	0	0.2006907
Septoria_linicola	19	0	0	0.15912062
Aspergillus_niger	19	0	0	0.20069072
Malassezia_sympodialis	19	1	1	0.84989566
Saccharomyces_cerevisiae	19	1	1	0.85583675
Pneumocystis_carinii	20	1	1	0.82578254
Pholiota_conissans	20	0	0	0.15830944
Lipomyces_kononenkoae	20	1	1	0.60412455
Puccinia_striiformis	20	0	0	0.37518296
Tuber_melanosporum	20	0	0	0.14625442
Boletus_edulis	20	0	0	0.16158497
Lachancea_nothofagi	20	1	1	0.8712399
Calocera_cornea	20	0	0	0.3421982
Abortiporus_biennis	20	0	0	0.14816418
Penicillium_canescens	20	0	0	0.13423786
Schizosaccharomyces_cryophilus	20	1	1	0.8703022
Amorphotheca_resinae	21	0	0	0.1284348
Tilletia_walkeri	21	0	1	0.5529033
Boletus_edulis	21	0	0	0.12446978
Nakazawaea_anatomiae	21	1	1	0.8737658
Tortispora_agaves	21	1	1	0.7232729
Daedalea_quercina	21	0	0	0.11920318
Schizosaccharomyces_cryophilus	21	1	1	0.82390696
Penicillium_ucsense	21	0	0	0.16579267
Aspergillus_niger	21	0	0	0.15743725
Malassezia_sympodialis	21	1	1	0.8734516
Kwoniella_bestiolae	21	1	1	0.7727695
Schizosaccharomyces_octosporus	22	1	1	0.8539872
Peziza_echinospora	22	0	0	0.1576391
Schizosaccharomyces_osmophilus	22	1	1	0.8539872
Ganoderma_leucocontextum	22	0	0	0.13547914
Abortiporus_biennis	22	0	0	0.14799875
Sphaerosporella_brunnea	22	0	0	0.12618302
Kalaharituber_pfeilii	22	0	0	0.12412509
Pleurotus_ostreatus	22	0	0	0.13959098
Lipomyces_chichibuensis	22	1	1	0.71296346
Saccharomyces_cerevisiae	22	1	1	0.86725277
Kwoniella_dejecticola	22	1	1	0.7851946
Pneumocystis_carinii	23	1	1	0.8102938
Trichoderma_asperellum	23	0	0	0.12410003
Puccinia_striiformis	23	0	0	0.38299665
Pneumocystis_jirovecii	23	1	1	0.81341815
Morchella_snyderi	23	0	0	0.120345324
Pyrenophora_teres	23	0	0	0.1253555
Lachancea_nothofagi	23	1	1	0.8712399
Exobasidium_rhododendri	23	0	0	0.43442538
Melampsora_larici	23	0	0	0.45023715
Penicillium_canescens	23	0	0	0.13834332
Kwoniella_pini	23	1	1	0.81363654
Pholiota_conissans	24	0	0	0.1286309
Kwoniella_shandongensis	24	1	1	0.7915309
Lipomyces_kononenkoae	24	1	1	0.7537662
Cronartium_quercuum	24	0	0	0.1963108
Rhynchosporium_commune	24	0	0	0.1219602
Umbelopsis_vinacea	24	0	0	0.45936632
Calocera_viscosa	24	0	0	0.2481284
Malassezia_japonica	24	1	1	0.81678617
Terfezia_boudieri	24	0	0	0.14658202
Tirmania_nivea	24	0	0	0.1470831
Malassezia_restricta	24	1	1	0.8367534
Sporopachydermia_lactativora	25	1	1	0.8524184
Glomus_cerebriforme	25	0	0	0.361935
Geopyxis_carbonaria	25	0	0	0.1889525
Neolecta_irregularis	25	0	1	0.5058109
Neurospora_crassa	25	0	0	0.13002554
Tuber_melanosporum	25	0	0	0.16373974
Calocera_cornea	25	0	0	0.17635216
Debaryomyces_udenii	25	1	1	0.78369975
Septoria_linicola	25	0	0	0.12340673
Kalmanozyma_brasiliensis	25	1	0	0.36748153
Schizosaccharomyces_pombe	25	1	1	0.87291443
Lipomyces_kononenkoae	26	1	1	0.71515113
Neurospora_crassa	26	0	0	0.12252694
Schizosaccharomyces_osmophilus	26	1	1	0.8680752
Boletus_edulis	26	0	0	0.12673828
Morchella_snyderi	26	0	0	0.12203158
Umbelopsis_vinacea	26	0	0	0.43788132
Melampsora_larici	26	0	0	0.293682
Tirmania_nivea	26	0	0	0.12536415
Saccharomyces_cerevisiae	26	1	1	0.87650347
Malassezia_restricta	26	1	1	0.8483968
Schizosaccharomyces_pombe	26	1	1	0.8709727
Schizosaccharomyces_octosporus	27	1	1	0.8608862
Pneumocystis_carinii	27	1	1	0.8459867
Kwoniella_shandongensis	27	1	1	0.7941387
Puccinia_striiformis	27	0	0	0.41463897
Calocera_viscosa	27	0	0	0.2908013
Lachancea_nothofagi	27	1	1	0.8704379
Ganoderma_leucocontextum	27	0	0	0.13908568
Calocera_cornea	27	0	0	0.3891922
Tortispora_agaves	27	1	1	0.76370436
Daedalea_quercina	27	0	0	0.14248338
Sphaerosporella_brunnea	27	0	0	0.1259921
Glomus_cerebriforme	28	0	0	0.4687272
Pholiota_conissans	28	0	0	0.12500253
Peziza_echinospora	28	0	0	0.1524307
Neolecta_irregularis	28	0	0	0.47688693
Cronartium_quercuum	28	0	0	0.2190557
Nakazawaea_anatomiae	28	1	1	0.8632533
Malassezia_japonica	28	1	1	0.84171987
Septoria_linicola	28	0	0	0.13759007
Lipomyces_chichibuensis	28	1	1	0.74833673
Aspergillus_niger	28	0	0	0.1905768
Kwoniella_dejecticola	28	1	1	0.7823962
Sporopachydermia_lactativora	29	1	1	0.8422852
Trichoderma_asperellum	29	0	0	0.12630878
Tilletia_walkeri	29	0	1	0.5384766
Tuber_melanosporum	29	0	0	0.17758642
Rhynchosporium_commune	29	0	0	0.12480834
Exobasidium_rhododendri	29	0	0	0.41378677
Debaryomyces_udenii	29	1	1	0.805528
Penicillium_canescens	29	0	0	0.14729805
Penicillium_ucsense	29	0	0	0.17191452
Kalmanozyma_brasiliensis	29	1	1	0.60161775
Kwoniella_pini	29	1	1	0.8032798
Geopyxis_carbonaria	30	0	0	0.17198968
Amorphotheca_resinae	30	0	0	0.13850528
Pneumocystis_jirovecii	30	1	1	0.8354864
Pyrenophora_teres	30	0	0	0.13211739
Abortiporus_biennis	30	0	0	0.13895506
Terfezia_boudieri	30	0	0	0.1375621
Schizosaccharomyces_cryophilus	30	1	1	0.83452505
Kalaharituber_pfeilii	30	0	0	0.12956823
Pleurotus_ostreatus	30	0	0	0.13540845
Malassezia_sympodialis	30	1	1	0.8499215
Kwoniella_bestiolae	30	1	1	0.78549606
Glomus_cerebriforme	31	0	1	0.56980306
Trichoderma_asperellum	31	0	0	0.12017577
Tuber_melanosporum	31	0	0	0.13985154
Pneumocystis_jirovecii	31	1	1	0.8521037
Morchella_snyderi	31	0	0	0.12027201
Penicillium_ucsense	31	0	0	0.19765936
Aspergillus_niger	31	0	0	0.19853708
Malassezia_sympodialis	31	1	1	0.8584256
Saccharomyces_cerevisiae	31	1	1	0.87713236
Kwoniella_pini	31	1	1	0.72029394
Kwoniella_dejecticola	31	1	1	0.7091144
Schizosaccharomyces_octosporus	32	1	1	0.87037444
Neolecta_irregularis	32	0	0	0.3584948
Kwoniella_shandongensis	32	1	1	0.78769255
Lipomyces_kononenkoae	32	1	1	0.7351604
Rhynchosporium_commune	32	0	0	0.13026993
Calocera_viscosa	32	0	0	0.25106832
Lachancea_nothofagi	32	1	1	0.8732973
Ganoderma_leucocontextum	32	0	0	0.12734546
Terfezia_boudieri	32	0	0	0.13070382
Schizosaccharomyces_cryophilus	32	1	1	0.8629799
Kalaharituber_pfeilii	32	0	0	0.12744662
Pneumocystis_carinii	33	1	1	0.8378373
Geopyxis_carbonaria	33	0	0	0.12879401
Neurospora_crassa	33	0	0	0.12249663
Puccinia_striiformis	33	0	0	0.38517594
Cronartium_quercuum	33	0	0	0.30833328
Umbelopsis_vinacea	33	0	0	0.42517614
Abortiporus_biennis	33	0	0	0.12939876
Tirmania_nivea	33	0	0	0.12968063
Lipomyces_chichibuensis	33	1	1	0.7803193
Kwoniella_bestiolae	33	1	1	0.8187663
Schizosaccharomyces_pombe	33	1	1	0.87633574
Sporopachydermia_lactativora	34	1	1	0.8505172
Pholiota_conissans	34	0	0	0.12583137
Amorphotheca_resinae	34	0	0	0.13385084
Tilletia_walkeri	34	0	1	0.7252853
Schizosaccharomyces_osmophilus	34	1	1	0.8756279
Nakazawaea_anatomiae	34	1	1	0.84988034
Exobasidium_rhododendri	34	0	1	0.5275552
Debaryomyces_udenii	34	1	1	0.81214315
Penicillium_canescens	34	0	0	0.13331075
Sphaerosporella_brunnea	34	0	0	0.122657925
Pleurotus_ostreatus	34	0	0	0.13033529
Peziza_echinospora	35	0	0	0.19234702
Boletus_edulis	35	0	0	0.13025975
Pyrenophora_teres	35	0	0	0.12153251
Calocera_cornea	35	0	0	0.25871077
Malassezia_japonica	35	1	1	0.83648217
Melampsora_larici	35	0	0	0.28170627
Tortispora_agaves	35	1	1	0.57113135
Daedalea_quercina	35	0	0	0.1307136
Septoria_linicola	35	0	0	0.120116174
Kalmanozyma_brasiliensis	35	1	0	0.35199717
Malassezia_restricta	35	1	1	0.8382978
Pneumocystis_carinii	36	1	1	0.7917629
Geopyxis_carbonaria	36	0	0	0.13086516
Lipomyces_kononenkoae	36	1	1	0.54243284
Pneumocystis_jirovecii	36	1	1	0.79281366
Umbelopsis_vinacea	36	0	0	0.3831396
Exobasidium_rhododendri	36	0	0	0.40814415
Tirmania_nivea	36	0	0	0.13086516
Kalaharituber_pfeilii	36	0	0	0.12061024
Lipomyces_chichibuensis	36	1	1	0.5109372
Aspergillus_niger	36	0	0	0.12061024
Kwoniella_dejecticola	36	1	1	0.8345486
Glomus_cerebriforme	37	0	0	0.47637743
Peziza_echinospora	37	0	0	0.17305906
Neolecta_irregularis	37	0	0	0.41647968
Schizosaccharomyces_osmophilus	37	1	1	0.87663704
Cronartium_quercuum	37	0	0	0.2706831
Calocera_cornea	37	0	0	0.20705695
Malassezia_japonica	37	1	1	0.8420495
Abortiporus_biennis	37	0	0	0.13976209
Tortispora_agaves	37	1	1	0.68482345
Kwoniella_bestiolae	37	1	1	0.8094539
Malassezia_restricta	37	1	1	0.8542909
Pholiota_conissans	38	0	0	0.12559323
Trichoderma_asperellum	38	0	0	0.12726834
Puccinia_striiformis	38	0	0	0.36075467
Rhynchosporium_commune	38	0	0	0.12382855
Daedalea_quercina	38	0	0	0.12896241
Septoria_linicola	38	0	0	0.12480834
Pleurotus_ostreatus	38	0	0	0.12393707
Malassezia_sympodialis	38	1	1	0.84794474
Saccharomyces_cerevisiae	38	1	1	0.87305605
Kalmanozyma_brasiliensis	38	1	0	0.4420644
Schizosaccharomyces_pombe	38	1	1	0.8750243
Sporopachydermia_lactativora	39	1	1	0.8163346
Schizosaccharomyces_octosporus	39	1	1	0.8559226
Amorphotheca_resinae	39	0	0	0.13182114
Boletus_edulis	39	0	0	0.14507405
Morchella_snyderi	39	0	0	0.1192032
Lachancea_nothofagi	39	1	1	0.86835724
Ganoderma_leucocontextum	39	0	0	0.13052604
Debaryomyces_udenii	39	1	1	0.80000573
Penicillium_canescens	39	0	0	0.14787179
Sphaerosporella_brunnea	39	0	0	0.1240144
Penicillium_ucsense	39	0	0	0.17465368
Kwoniella_shandongensis	40	1	1	0.72590667
Neurospora_crassa	40	0	0	0.12642422
Tilletia_walkeri	40	0	0	0.4724899
Tuber_melanosporum	40	0	0	0.1419842
Pyrenophora_teres	40	0	0	0.12762554
Nakazawaea_anatomiae	40	1	1	0.8678994
Calocera_viscosa	40	0	0	0.1997495
Melampsora_larici	40	0	0	0.24644756
Terfezia_boudieri	40	0	0	0.1265481
Schizosaccharomyces_cryophilus	40	1	1	0.85817987
Kwoniella_pini	40	1	1	0.7177261
Schizosaccharomyces_octosporus	41	1	1	0.86878633
Pneumocystis_carinii	41	1	1	0.79919165
Tuber_melanosporum	41	0	0	0.18756121
Pneumocystis_jirovecii	41	1	1	0.8027541
Morchella_snyderi	41	0	0	0.12675367
Abortiporus_biennis	41	0	0	0.15381013
Terfezia_boudieri	41	0	0	0.12979275
Kalaharituber_pfeilii	41	0	0	0.13013801
Aspergillus_niger	41	0	0	0.14578947
Kwoniella_bestiolae	41	1	1	0.69494337
Kwoniella_dejecticola	41	1	1	0.62690204
Kwoniella_shandongensis	42	1	1	0.8296958
Tilletia_walkeri	42	0	1	0.7081667
Cronartium_quercuum	42	0	0	0.2255183
Nakazawaea_anatomiae	42	1	1	0.8747035
Umbelopsis_vinacea	42	0	1	0.5585504
Lachancea_nothofagi	42	1	1	0.87650347
Exobasidium_rhododendri	42	0	1	0.5911241
Tirmania_nivea	42	0	0	0.12252693
Pleurotus_ostreatus	42	0	0	0.13880613
Lipomyces_chichibuensis	42	1	1	0.749403
Malassezia_sympodialis	42	1	1	0.873576
Sporopachydermia_lactativora	43	1	1	0.822077
Geopyxis_carbonaria	43	0	0	0.15558496
Peziza_echinospora	43	0	0	0.13864698
Lipomyces_kononenkoae	43	1	1	0.73268163
Puccinia_striiformis	43	0	0	0.3324915
Amorphotheca_resinae	43	0	0	0.13369645
Schizosaccharomyces_osmophilus	43	1	1	0.8724503
Rhynchosporium_commune	43	0	0	0.12715736
Calocera_viscosa	43	0	0	0.26483607
Penicillium_canescens	43	0	0	0.13281621
Kwoniella_pini	43	1	1	0.80309075
Glomus_cerebriforme	44	0	1	0.6013112
Trichoderma_asperellum	44	0	0	0.12852027
Ganoderma_leucocontextum	44	0	0	0.1291055
Tortispora_agaves	44	1	1	0.677501
Daedalea_quercina	44	0	0	0.13067783
Sphaerosporella_brunnea	44	0	0	0.13349451
Penicillium_ucsense	44	0	0	0.17896062
Septoria_linicola	44	0	0	0.1304232
Saccharomyces_cerevisiae	44	1	1	0.86931825
Malassezia_restricta	44	1	1	0.8630254
Schizosaccharomyces_pombe	44	1	1	0.8662548
Pholiota_conissans	45	0	0	0.13691537
Neolecta_irregularis	45	0	0	0.4386104
Neurospora_crassa	45	0	0	0.12187063
Boletus_edulis	45	0	0	0.13893443
Pyrenophora_teres	45	0	0	0.12285031
Calocera_cornea	45	0	0	0.22316654
Debaryomyces_udenii	45	1	1	0.8212279
Malassezia_japonica	45	1	1	0.8451693
Melampsora_larici	45	0	0	0.25266206
Schizosaccharomyces_cryophilus	45	1	1	0.8684439
Kalmanozyma_brasiliensis	45	1	0	0.40945777
Glomus_cerebriforme	46	0	0	0.48317266
Umbelopsis_vinacea	46	0	0	0.48972824
Calocera_viscosa	46	0	0	0.24084505
Lachancea_nothofagi	46	1	1	0.8774039
Calocera_cornea	46	0	0	0.19731596
Schizosaccharomyces_cryophilus	46	1	1	0.87025356
Tirmania_nivea	46	0	0	0.13014062
Penicillium_ucsense	46	0	0	0.13415869
Lipomyces_chichibuensis	46	1	1	0.77417845
Kalmanozyma_brasiliensis	46	1	1	0.5865073
Kwoniella_dejecticola	46	1	1	0.81442636
Sporopachydermia_lactativora	47	1	1	0.83387715
Pholiota_conissans	47	0	0	0.13767895
Lipomyces_kononenkoae	47	1	1	0.68219286
Tilletia_walkeri	47	0	1	0.6230255
Tuber_melanosporum	47	0	0	0.15552509
Pneumocystis_jirovecii	47	1	1	0.8746448
Exobasidium_rhododendri	47	0	1	0.51284295
Melampsora_larici	47	0	0	0.24357262
Abortiporus_biennis	47	0	0	0.1375101
Tortispora_agaves	47	1	1	0.7559145
Kwoniella_bestiolae	47	1	1	0.8066289
Schizosaccharomyces_octosporus	48	1	1	0.86821175
Neolecta_irregularis	48	0	0	0.43143117
Kwoniella_shandongensis	48	1	1	0.7477188
Neurospora_crassa	48	0	0	0.12428625
Boletus_edulis	48	0	0	0.1363828
Pyrenophora_teres	48	0	0	0.12622188
Nakazawaea_anatomiae	48	1	1	0.8548751
Malassezia_japonica	48	1	1	0.84344304
Penicillium_canescens	48	0	0	0.14361633
Terfezia_boudieri	48	0	0	0.13120675
Pleurotus_ostreatus	48	0	0	0.13309036
Geopyxis_carbonaria	49	0	0	0.171237
Puccinia_striiformis	49	0	0	0.2737766
Rhynchosporium_commune	49	0	0	0.12556137
Morchella_snyderi	49	0	0	0.12426092
Ganoderma_leucocontextum	49	0	0	0.13312714
Debaryomyces_udenii	49	1	1	0.81751335
Daedalea_quercina	49	0	0	0.13875139
Aspergillus_niger	49	0	0	0.15300073
Kwoniella_pini	49	1	1	0.8046512
Malassezia_restricta	49	1	1	0.8533363
Schizosaccharomyces_pombe	49	1	1	0.8668969
Pneumocystis_carinii	50	1	1	0.83070713
Peziza_echinospora	50	0	0	0.15980706
Trichoderma_asperellum	50	0	0	0.13886064
Amorphotheca_resinae	50	0	0	0.13034047
Schizosaccharomyces_osmophilus	50	1	1	0.869479
Cronartium_quercuum	50	0	0	0.2819609
Sphaerosporella_brunnea	50	0	0	0.13202585
Kalaharituber_pfeilii	50	0	0	0.13855655
Septoria_linicola	50	0	0	0.13624188
Malassezia_sympodialis	50	1	1	0.8309648
Saccharomyces_cerevisiae	50	1	1	0.86627716
Trichoderma_asperellum	51	0	0	0.12427707
Lipomyces_kononenkoae	51	1	1	0.65128946
Tuber_melanosporum	51	0	0	0.13745527
Boletus_edulis	51	0	0	0.14366049
Morchella_snyderi	51	0	0	0.12017578
Calocera_cornea	51	0	0	0.22679776
Debaryomyces_udenii	51	1	1	0.8076527
Tortispora_agaves	51	1	1	0.74433315
Tirmania_nivea	51	0	0	0.14565898
Malassezia_sympodialis	51	1	1	0.85095716
Kwoniella_pini	51	1	1	0.7888203
Sporopachydermia_lactativora	52	1	1	0.84366083
Pneumocystis_carinii	52	1	1	0.8413322
Geopyxis_carbonaria	52	0	0	0.16273578
Neurospora_crassa	52	0	0	0.122679986
Amorphotheca_resinae	52	0	0	0.13224486
Tilletia_walkeri	52	0	0	0.49792385
Pneumocystis_jirovecii	52	1	1	0.84260654
Umbelopsis_vinacea	52	0	0	0.4506649
Schizosaccharomyces_cryophilus	52	1	1	0.86604494
Penicillium_ucsense	52	0	0	0.14400755
Kalmanozyma_brasiliensis	52	1	1	0.56537366
Pholiota_conissans	53	0	0	0.13956518
Neolecta_irregularis	53	0	0	0.44702536
Puccinia_striiformis	53	0	0	0.3049509
Abortiporus_biennis	53	0	0	0.13140729
Penicillium_canescens	53	0	0	0.13037823
Kalaharituber_pfeilii	53	0	0	0.12222814
Pleurotus_ostreatus	53	0	0	0.13813034
Lipomyces_chichibuensis	53	1	1	0.6961302
Saccharomyces_cerevisiae	53	1	1	0.8700711
Malassezia_restricta	53	1	1	0.8488217
Schizosaccharomyces_pombe	53	1	1	0.8748005
Schizosaccharomyces_octosporus	54	1	1	0.8617108
Schizosaccharomyces_osmophilus	54	1	1	0.8617108
Cronartium_quercuum	54	0	0	0.2702875
Rhynchosporium_commune	54	0	0	0.122376196
Pyrenophora_teres	54	0	0	0.1231889
Lachancea_nothofagi	54	1	1	0.87441164
Ganoderma_leucocontextum	54	0	0	0.13009505
Daedalea_quercina	54	0	0	0.12842557
Sphaerosporella_brunnea	54	0	0	0.12287826
Septoria_linicola	54	0	0	0.12927254
Kwoniella_dejecticola	54	1	1	0.794248
Glomus_cerebriforme	55	0	1	0.51263094
Peziza_echinospora	55	0	0	0.13777037
Kwoniella_shandongensis	55	1	1	0.79009193
Nakazawaea_anatomiae	55	1	1	0.8691059
Calocera_viscosa	55	0	0	0.18242125
Exobasidium_rhododendri	55	0	0	0.44726032
Malassezia_japonica	55	1	1	0.8589003
Melampsora_larici	55	0	0	0.35380512
Terfezia_boudieri	55	0	0	0.135699
Aspergillus_niger	55	0	0	0.16716488
Kwoniella_bestiolae	55	1	1	0.79843575
Pholiota_conissans	56	0	0	0.13320266
Geopyxis_carbonaria	56	0	0	0.15355177
Rhynchosporium_commune	56	0	0	0.123633936
Pneumocystis_jirovecii	56	1	1	0.8560982
Boletus_edulis	56	0	0	0.14714739
Exobasidium_rhododendri	56	0	0	0.45196977
Debaryomyces_udenii	56	1	1	0.82864666
Schizosaccharomyces_cryophilus	56	1	1	0.85250586
Aspergillus_niger	56	0	0	0.16395667
Malassezia_sympodialis	56	1	1	0.8527613
Kwoniella_bestiolae	56	1	1	0.8024701
Glomus_cerebriforme	57	0	0	0.367867
Trichoderma_asperellum	57	0	0	0.12159272
Lipomyces_kononenkoae	57	1	1	0.5234033
Neurospora_crassa	57	0	0	0.1285786
Amorphotheca_resinae	57	0	0	0.13092658
Schizosaccharomyces_osmophilus	57	1	1	0.8707159
Pyrenophora_teres	57	0	0	0.12659626
Pleurotus_ostreatus	57	0	0	0.14555539
Lipomyces_chichibuensis	57	1	1	0.53576034
Saccharomyces_cerevisiae	57	1	1	0.87407595
Kwoniella_dejecticola	57	1	1	0.801848
Pneumocystis_carinii	58	1	1	0.85171324
Umbelopsis_vinacea	58	0	0	0.47623003
Lachancea_nothofagi	58	1	1	0.8743517
Melampsora_larici	58	0	0	0.27447328
Daedalea_quercina	58	0	0	0.1268616
Tirmania_nivea	58	0	0	0.12526913
Sphaerosporella_brunnea	58	0	0	0.12907481
Kalaharituber_pfeilii	58	0	0	0.12334607
Septoria_linicola	58	0	0	0.1318593
Kalmanozyma_brasiliensis	58	1	1	0.5536221
Kwoniella_pini	58	1	1	0.80444086
Schizosaccharomyces_octosporus	59	1	1	0.8711651
Kwoniella_shandongensis	59	1	1	0.7414635
Puccinia_striiformis	59	0	0	0.31853154
Morchella_snyderi	59	0	0	0.122927286
Nakazawaea_anatomiae	59	1	1	0.85261244
Calocera_viscosa	59	0	0	0.24750145
Ganoderma_leucocontextum	59	0	0	0.1349561
Abortiporus_biennis	59	0	0	0.1374122
Terfezia_boudieri	59	0	0	0.12948759
Penicillium_ucsense	59	0	0	0.15907206
Malassezia_restricta	59	1	1	0.85382485
Sporopachydermia_lactativora	60	1	1	0.84906673
Peziza_echinospora	60	0	0	0.1887227
Neolecta_irregularis	60	0	0	0.35332546
Tilletia_walkeri	60	0	1	0.58479375
Tuber_melanosporum	60	0	0	0.15749943
Cronartium_quercuum	60	0	0	0.28447998
Calocera_cornea	60	0	0	0.17949985
Malassezia_japonica	60	1	1	0.8529776
Tortispora_agaves	60	1	1	0.7500581
Penicillium_canescens	60	0	0	0.14278717
Schizosaccharomyces_pombe	60	1	1	0.87404525
Puccinia_striiformis	61	0	0	0.3526655
Schizosaccharomyces_osmophilus	61	1	1	0.8642647
Cronartium_quercuum	61	0	0	0.28457817
Boletus_edulis	61	0	0	0.12296616
Pyrenophora_teres	61	0	0	0.12246927
Umbelopsis_vinacea	61	0	0	0.47572395
Malassezia_japonica	61	1	1	0.8484889
Penicillium_ucsense	61	0	0	0.13300367
Lipomyces_chichibuensis	61	1	1	0.8087028
Kwoniella_pini	61	1	1	0.8467096
Schizosaccharomyces_pombe	61	1	1	0.8682739
Schizosaccharomyces_octosporus	62	1	1	0.86305285
Geopyxis_carbonaria	62	0	0	0.17036101
Trichoderma_asperellum	62	0	0	0.122680016
Lipomyces_kononenkoae	62	1	1	0.6529389
Lachancea_nothofagi	62	1	1	0.8749944
Melampsora_larici	62	0	0	0.2520846
Abortiporus_biennis	62	0	0	0.1291543
Terfezia_boudieri	62	0	0	0.1287744
Schizosaccharomyces_cryophilus	62	1	1	0.8520869
Septoria_linicola	62	0	0	0.12869357
Malassezia_sympodialis	62	1	1	0.85104835
Glomus_cerebriforme	63	0	0	0.474046
Pholiota_conissans	63	0	0	0.1253555
Peziza_echinospora	63	0	0	0.14112258
Neurospora_crassa	63	0	0	0.12531893
Amorphotheca_resinae	63	0	0	0.12795483
Nakazawaea_anatomiae	63	1	1	0.8610122
Debaryomyces_udenii	63	1	1	0.83321095
Daedalea_quercina	63	0	0	0.13025975
Sphaerosporella_brunnea	63	0	0	0.12622188
Kwoniella_bestiolae	63	1	1	0.6923223
Kwoniella_dejecticola	63	1	1	0.6730736
Sporopachydermia_lactativora	64	1	1	0.843747
Kwoniella_shandongensis	64	1	1	0.7345589
Rhynchosporium_commune	64	0	0	0.12524593
Morchella_snyderi	64	0	0	0.12061024
Ganoderma_leucocontextum	64	0	0	0.12164414
Exobasidium_rhododendri	64	0	0	0.39532107
Kalaharituber_pfeilii	64	0	0	0.12346734
Pleurotus_ostreatus	64	0	0	0.1251181
Aspergillus_niger	64	0	0	0.13693878
Kalmanozyma_brasiliensis	64	1	0	0.42374736
Malassezia_restricta	64	1	1	0.8603474
Pneumocystis_carinii	65	1	1	0.84717155
Neolecta_irregularis	65	0	0	0.38096517
Tilletia_walkeri	65	0	1	0.5267281
Tuber_melanosporum	65	0	0	0.15388468
Pneumocystis_jirovecii	65	1	1	0.8478177
Calocera_viscosa	65	0	0	0.23284495
Calocera_cornea	65	0	0	0.23032394
Tortispora_agaves	65	1	1	0.76654005
Penicillium_canescens	65	0	0	0.14861216
Tirmania_nivea	65	0	0	0.13591234
Saccharomyces_cerevisiae	65	1	1	0.858802
Amorphotheca_resinae	66	0	0	0.13448378
Umbelopsis_vinacea	66	0	0	0.49311233
Calocera_cornea	66	0	0	0.17131965
Exobasidium_rhododendri	66	0	1	0.52002347
Malassezia_japonica	66	1	1	0.85442424
Schizosaccharomyces_cryophilus	66	1	1	0.8672158
Septoria_linicola	66	0	0	0.12855533
Lipomyces_chichibuensis	66	1	1	0.7415377
Aspergillus_niger	66	0	0	0.13395326
Kalmanozyma_brasiliensis	66	1	1	0.650941
Schizosaccharomyces_pombe	66	1	1	0.8729585
Sporopachydermia_lactativora	67	1	1	0.8399874
Schizosaccharomyces_octosporus	67	1	1	0.86728966
Glomus_cerebriforme	67	0	0	0.48022112
Peziza_echinospora	67	0	0	0.12807782
Neurospora_crassa	67	0	0	0.1196886
Calocera_viscosa	67	0	0	0.18361485
Ganoderma_leucocontextum	67	0	0	0.12115517
Terfezia_boudieri	67	0	0	0.13281308
Kwoniella_pini	67	1	1	0.71646637
Kwoniella_bestiolae	67	1	1	0.7178045
Malassezia_restricta	67	1	1	0.87067944
Pholiota_conissans	68	0	0	0.124063805
Neolecta_irregularis	68	0	0	0.34398064
Kwoniella_shandongensis	68	1	1	0.6731069
Tuber_melanosporum	68	0	0	0.14687985
Pyrenophora_teres	68	0	0	0.1261484
Debaryomyces_udenii	68	1	1	0.74192214
Melampsora_larici	68	0	0	0.22399095
Penicillium_canescens	68	0	0	0.13728833
Sphaerosporella_brunnea	68	0	0	0.12706482
Malassezia_sympodialis	68	1	1	0.8537246
Saccharomyces_cerevisiae	68	1	1	0.86654556
Pneumocystis_carinii	69	1	1	0.83272815
Trichoderma_asperellum	69	0	0	0.12249661
Puccinia_striiformis	69	0	0	0.4582075
Tilletia_walkeri	69	0	1	0.6389759
Cronartium_quercuum	69	0	0	0.43406048
Rhynchosporium_commune	69	0	0	0.120116144
Pneumocystis_jirovecii	69	1	1	0.8337703
Morchella_snyderi	69	0	0	0.12339518
Tortispora_agaves	69	1	1	0.8189439
Tirmania_nivea	69	0	0	0.12312502
Kwoniella_dejecticola	69	1	1	0.81277573
Geopyxis_carbonaria	70	0	0	0.16946095
Lipomyces_kononenkoae	70	1	1	0.66381264
Schizosaccharomyces_osmophilus	70	1	1	0.8654748
Boletus_edulis	70	0	0	0.14230941
Nakazawaea_anatomiae	70	1	1	0.8502318
Lachancea_nothofagi	70	1	1	0.8711599
Abortiporus_biennis	70	0	0	0.14635855
Daedalea_quercina	70	0	0	0.13625616
Penicillium_ucsense	70	0	0	0.14594822
Kalaharituber_pfeilii	70	0	0	0.12061025
Pleurotus_ostreatus	70	0	0	0.14450003
Sporopachydermia_lactativora	71	1	1	0.8247069
Schizosaccharomyces_octosporus	71	1	1	0.86320937
Tuber_melanosporum	71	0	0	0.1415399
Boletus_edulis	71	0	0	0.13696547
Pyrenophora_teres	71	0	0	0.1316483
Melampsora_larici	71	0	0	0.24811578
Daedalea_quercina	71	0	0	0.13038903
Lipomyces_chichibuensis	71	1	1	0.656575
Aspergillus_niger	71	0	0	0.15518317
Malassezia_sympodialis	71	1	1	0.84256184
Kwoniella_bestiolae	71	1	1	0.7928196
Peziza_echinospora	72	0	0	0.16495231
Kwoniella_shandongensis	72	1	1	0.7638971
Lipomyces_kononenkoae	72	1	1	0.69785
Puccinia_striiformis	72	0	0	0.26063758
Morchella_snyderi	72	0	0	0.122086555
Nakazawaea_anatomiae	72	1	1	0.8502961
Lachancea_nothofagi	72	1	1	0.8739841
Tortispora_agaves	72	1	1	0.7166538
Penicillium_canescens	72	0	0	0.12767753
Penicillium_ucsense	72	0	0	0.14418305
Pleurotus_ostreatus	72	0	0	0.13146852
Neolecta_irregularis	73	0	0	0.43227503
Tilletia_walkeri	73	0	1	0.6472177
Pneumocystis_jirovecii	73	1	1	0.8718082
Calocera_cornea	73	0	0	0.21744484
Exobasidium_rhododendri	73	0	1	0.6403764
Debaryomyces_udenii	73	1	1	0.83222324
Terfezia_boudieri	73	0	0	0.15055102
Sphaerosporella_brunnea	73	0	0	0.14483932
Kalaharituber_pfeilii	73	0	0	0.15180705
Kwoniella_pini	73	1	1	0.81909215
Schizosaccharomyces_pombe	73	1	1	0.8768619
Pholiota_conissans	74	0	0	0.12662683
Geopyxis_carbonaria	74	0	0	0.19247648
Trichoderma_asperellum	74	0	0	0.12292724
Schizosaccharomyces_osmophilus	74	1	1	0.8703534
Cronartium_quercuum	74	0	0	0.22958347
Calocera_viscosa	74	0	0	0.20368227
Malassezia_japonica	74	1	1	0.8453679
Schizosaccharomyces_cryophilus	74	1	1	0.8669304
Tirmania_nivea	74	0	0	0.12543355
Septoria_linicola	74	0	0	0.12675089
Kalmanozyma_brasiliensis	74	1	0	0.45413682
Pneumocystis_carinii	75	1	1	0.8474283
Glomus_cerebriforme	75	0	0	0.4894522
Neurospora_crassa	75	0	0	0.12919238
Amorphotheca_resinae	75	0	0	0.1362027
Rhynchosporium_commune	75	0	0	0.12659001
Umbelopsis_vinacea	75	0	1	0.5206699
Ganoderma_leucocontextum	75	0	0	0.1205749
Abortiporus_biennis	75	0	0	0.13214573
Saccharomyces_cerevisiae	75	1	1	0.87452644
Kwoniella_dejecticola	75	1	1	0.7686592
Malassezia_restricta	75	1	1	0.85354096
Kwoniella_shandongensis	76	1	1	0.71240157
Lipomyces_kononenkoae	76	1	1	0.7101467
Amorphotheca_resinae	76	0	0	0.12579182
Rhynchosporium_commune	76	0	0	0.12918296
Pneumocystis_jirovecii	76	1	1	0.8454978
Morchella_snyderi	76	0	0	0.12061022
Pyrenophora_teres	76	0	0	0.12809078
Ganoderma_leucocontextum	76	0	0	0.12017578
Tortispora_agaves	76	1	1	0.79975516
Penicillium_ucsense	76	0	0	0.14612068
Kwoniella_pini	76	1	1	0.7681296
Sporopachydermia_lactativora	77	1	1	0.8493414
Schizosaccharomyces_octosporus	77	1	1	0.87483865
Glomus_cerebriforme	77	0	0	0.47416756
Trichoderma_asperellum	77	0	0	0.1216475
Neolecta_irregularis	77	0	0	0.4030296
Neurospora_crassa	77	0	0	0.12061022
Tuber_melanosporum	77	0	0	0.14107586
Melampsora_larici	77	0	0	0.26405114
Saccharomyces_cerevisiae	77	1	1	0.8721412
Kalmanozyma_brasiliensis	77	1	1	0.5112599
Kwoniella_bestiolae	77	1	1	0.8212566
Puccinia_striiformis	78	0	0	0.3940902
Cronartium_quercuum	78	0	0	0.31142113
Boletus_edulis	78	0	0	0.12606989
Umbelopsis_vinacea	78	0	0	0.47794604
Malassezia_japonica	78	1	1	0.82174844
Penicillium_canescens	78	0	0	0.12976964
Schizosaccharomyces_cryophilus	78	1	1	0.86324906
Tirmania_nivea	78	0	0	0.13620621
Kalaharituber_pfeilii	78	0	0	0.12269385
Malassezia_sympodialis	78	1	1	0.8372331
Kwoniella_dejecticola	78	1	1	0.8056157
Pneumocystis_carinii	79	1	1	0.8523379
Peziza_echinospora	79	0	0	0.15988639
Schizosaccharomyces_osmophilus	79	1	1	0.86849576
Calocera_viscosa	79	0	0	0.29995152
Calocera_cornea	79	0	0	0.2625854
Exobasidium_rhododendri	79	0	0	0.46320674
Debaryomyces_udenii	79	1	1	0.821753
Daedalea_quercina	79	0	0	0.13830352
Terfezia_boudieri	79	0	0	0.13882077
Sphaerosporella_brunnea	79	0	0	0.12939873
Malassezia_restricta	79	1	1	0.8544665
Pholiota_conissans	80	0	0	0.13676159
Geopyxis_carbonaria	80	0	0	0.16401343
Tilletia_walkeri	80	0	1	0.58886397
Nakazawaea_anatomiae	80	1	1	0.85098463
Lachancea_nothofagi	80	1	1	0.87452644
Abortiporus_biennis	80	0	0	0.13494197
Septoria_linicola	80	0	0	0.1282256
Pleurotus_ostreatus	80	0	0	0.14862172
Lipomyces_chichibuensis	80	1	1	0.7001629
Aspergillus_niger	80	0	0	0.15453884
Schizosaccharomyces_pombe	80	1	1	0.87050045
Sporopachydermia_lactativora	81	1	1	0.7976411
Puccinia_striiformis	81	0	1	0.5175086
Amorphotheca_resinae	81	0	0	0.13206011
Boletus_edulis	81	0	0	0.13914743
Nakazawaea_anatomiae	81	1	1	0.7889659
Ganoderma_leucocontextum	81	0	0	0.12880687
Melampsora_larici	81	0	0	0.42920765
Abortiporus_biennis	81	0	0	0.13746889
Schizosaccharomyces_cryophilus	81	1	1	0.8697032
Malassezia_sympodialis	81	1	1	0.8484214
Saccharomyces_cerevisiae	81	1	1	0.8689004
Glomus_cerebriforme	82	0	0	0.38350284
Geopyxis_carbonaria	82	0	0	0.15797192
Lipomyces_kononenkoae	82	1	1	0.697397
Neurospora_crassa	82	0	0	0.12357839
Rhynchosporium_commune	82	0	0	0.12463758
Pneumocystis_jirovecii	82	1	1	0.8341335
Calocera_cornea	82	0	0	0.16797344
Malassezia_japonica	82	1	1	0.84435815
Sphaerosporella_brunnea	82	0	0	0.123177625
Kwoniella_pini	82	1	1	0.8235998
Malassezia_restricta	82	1	1	0.8531043
Schizosaccharomyces_octosporus	83	1	1	0.8513952
Pneumocystis_carinii	83	1	1	0.8456231
Trichoderma_asperellum	83	0	0	0.1260699
Tilletia_walkeri	83	0	1	0.5595751
Tuber_melanosporum	83	0	0	0.13958514
Cronartium_quercuum	83	0	0	0.30975354
Calocera_viscosa	83	0	0	0.21403791
Lachancea_nothofagi	83	1	1	0.8752197
Terfezia_boudieri	83	0	0	0.12196017
Kalaharituber_pfeilii	83	0	0	0.12771325
Schizosaccharomyces_pombe	83	1	1	0.8582296
Pholiota_conissans	84	0	0	0.1265481
Neolecta_irregularis	84	0	1	0.5736384
Schizosaccharomyces_osmophilus	84	1	1	0.87557846
Morchella_snyderi	84	0	0	0.12061024
Exobasidium_rhododendri	84	0	1	0.5802284
Debaryomyces_udenii	84	1	1	0.79719114
Tirmania_nivea	84	0	0	0.128794
Penicillium_ucsense	84	0	0	0.16360869
Septoria_linicola	84	0	0	0.12702785
Lipomyces_chichibuensis	84	1	1	0.6151969
Kalmanozyma_brasiliensis	84	1	0	0.36050662
Peziza_echinospora	85	0	0	0.15864675
Kwoniella_shandongensis	85	1	1	0.66565335
Pyrenophora_teres	85	0	0	0.1345869
Umbelopsis_vinacea	85	0	0	0.37014252
Tortispora_agaves	85	1	1	0.76151687
Daedalea_quercina	85	0	0	0.122657925
Penicillium_canescens	85	0	0	0.14282814
Pleurotus_ostreatus	85	0	0	0.11965889
Aspergillus_niger	85	0	0	0.13092202
Kwoniella_bestiolae	85	1	1	0.67141473
Kwoniella_dejecticola	85	1	1	0.6688727
Sporopachydermia_lactativora	86	1	1	0.8280902
Geopyxis_carbonaria	86	0	0	0.13490212
Trichoderma_asperellum	86	0	0	0.13489942
Tilletia_walkeri	86	0	1	0.58139706
Schizosaccharomyces_osmophilus	86	1	1	0.8710241
Umbelopsis_vinacea	86	0	0	0.48676494
Calocera_viscosa	86	0	0	0.20219976
Tortispora_agaves	86	1	1	0.7495688
Kalaharituber_pfeilii	86	0	0	0.13070646
Lipomyces_chichibuensis	86	1	1	0.7511823
Kwoniella_pini	86	1	1	0.82050335
Schizosaccharomyces_octosporus	87	1	1	0.873199
Neolecta_irregularis	87	0	0	0.39794812
Kwoniella_shandongensis	87	1	1	0.78133065
Puccinia_striiformis	87	0	0	0.47096372
Tuber_melanosporum	87	0	0	0.1481363
Pneumocystis_jirovecii	87	1	1	0.8687555
Nakazawaea_anatomiae	87	1	1	0.8610787
Ganoderma_leucocontextum	87	0	0	0.124122284
Melampsora_larici	87	0	0	0.41388983
Terfezia_boudieri	87	0	0	0.13855334
Malassezia_sympodialis	87	1	1	0.8492339
Neurospora_crassa	88	0	0	0.12460817
Cronartium_quercuum	88	0	0	0.30848196
Boletus_edulis	88	0	0	0.14680207
Calocera_cornea	88	0	0	0.23472857
Malassezia_japonica	88	1	1	0.8298937
Tirmania_nivea	88	0	0	0.12922987
Penicillium_ucsense	88	0	0	0.19998197
Aspergillus_niger	88	0	0	0.2042825
Saccharomyces_cerevisiae	88	1	1	0.8613457
Kwoniella_bestiolae	88	1	1	0.8109591
Malassezia_restricta	88	1	1	0.83734256
Glomus_cerebriforme	89	0	0	0.4012651
Pholiota_conissans	89	0	0	0.12153251
Peziza_echinospora	89	0	0	0.16529717
Lipomyces_kononenkoae	89	1	1	0.74052715
Amorphotheca_resinae	89	0	0	0.12993915
Rhynchosporium_commune	89	0	0	0.1259598
Morchella_snyderi	89	0	0	0.123431295
Debaryomyces_udenii	89	1	1	0.7713157
Septoria_linicola	89	0	0	0.12548351
Kalmanozyma_brasiliensis	89	1	0	0.4497048
Schizosaccharomyces_pombe	89	1	1	0.8558779
Pneumocystis_carinii	90	1	1	0.8516941
Pyrenophora_teres	90	0	0	0.131155
Lachancea_nothofagi	90	1	1	0.873098
Exobasidium_rhododendri	90	0	0	0.47948503
Abortiporus_biennis	90	0	0	0.15325053
Daedalea_quercina	90	0	0	0.12766266
Penicillium_canescens	90	0	0	0.13505523
Schizosaccharomyces_cryophilus	90	1	1	0.84630454
Sphaerosporella_brunnea	90	0	0	0.1261484
Pleurotus_ostreatus	90	0	0	0.13705702
Kwoniella_dejecticola	90	1	1	0.73227787
Pneumocystis_carinii	91	1	1	0.86571616
Geopyxis_carbonaria	91	0	0	0.20294406
Neolecta_irregularis	91	0	0	0.48383337
Lipomyces_kononenkoae	91	1	1	0.66783226
Puccinia_striiformis	91	0	0	0.282943
Tuber_melanosporum	91	0	0	0.16057636
Schizosaccharomyces_osmophilus	91	1	1	0.87582237
Calocera_viscosa	91	0	0	0.30184835
Exobasidium_rhododendri	91	0	0	0.44038075
Malassezia_sympodialis	91	1	1	0.8601611
Kwoniella_bestiolae	91	1	1	0.8544063
Schizosaccharomyces_octosporus	92	1	1	0.87766904
Pholiota_conissans	92	0	0	0.12502973
Trichoderma_asperellum	92	0	0	0.12866464
Neurospora_crassa	92	0	0	0.12263727
Umbelopsis_vinacea	92	0	0	0.4172618
Lachancea_nothofagi	92	1	1	0.8753285
Melampsora_larici	92	0	0	0.22965479
Penicillium_canescens	92	0	0	0.13284783
Kalmanozyma_brasiliensis	92	1	1	0.50851893
Kwoniella_pini	92	1	1	0.72575456
Kwoniella_dejecticola	92	1	1	0.7197716
Pyrenophora_teres	93	0	0	0.13005738
Nakazawaea_anatomiae	93	1	1	0.85274935
Ganoderma_leucocontextum	93	0	0	0.12153251
Debaryomyces_udenii	93	1	1	0.8146453
Terfezia_boudieri	93	0	0	0.13963975
Tirmania_nivea	93	0	0	0.14046274
Sphaerosporella_brunnea	93	0	0	0.1291174
Septoria_linicola	93	0	0	0.12819684
Lipomyces_chichibuensis	93	1	1	0.6819682
Aspergillus_niger	93	0	0	0.14837077
Saccharomyces_cerevisiae	93	1	1	0.8687396
Kwoniella_shandongensis	94	1	1	0.7713263
Amorphotheca_resinae	94	0	0	0.13402489
Tilletia_walkeri	94	0	1	0.5812391
Cronartium_quercuum	94	0	0	0.26478586
Boletus_edulis	94	0	0	0.13472807
Malassezia_japonica	94	1	1	0.83202845
Abortiporus_biennis	94	0	0	0.14332399
Penicillium_ucsense	94	0	0	0.17397118
Pleurotus_ostreatus	94	0	0	0.13336858
Malassezia_restricta	94	1	1	0.84645605
Schizosaccharomyces_pombe	94	1	1	0.8755701
Sporopachydermia_lactativora	95	1	1	0.8306378
Glomus_cerebriforme	95	0	0	0.4867712
Peziza_echinospora	95	0	0	0.16437028
Rhynchosporium_commune	95	0	0	0.12678823
Pneumocystis_jirovecii	95	1	1	0.8678944
Morchella_snyderi	95	0	0	0.121011466
Calocera_cornea	95	0	0	0.18958183
Tortispora_agaves	95	1	1	0.63724035
Daedalea_quercina	95	0	0	0.13215238
Schizosaccharomyces_cryophilus	95	1	1	0.86029494
Kalaharituber_pfeilii	95	0	0	0.12863746
Pneumocystis_carinii	96	1	1	0.8329113
Cronartium_quercuum	96	0	0	0.2459531
Pneumocystis_jirovecii	96	1	1	0.83495116
Calocera_cornea	96	0	0	0.1817065
Debaryomyces_udenii	96	1	1	0.7768184
Penicillium_ucsense	96	0	0	0.15896688
Septoria_linicola	96	0	0	0.12458161
Pleurotus_ostreatus	96	0	0	0.12468089
Aspergillus_niger	96	0	0	0.15622829
Malassezia_sympodialis	96	1	1	0.8452406
Kalmanozyma_brasiliensis	96	1	0	0.46324208
Glomus_cerebriforme	97	0	1	0.52280146
Geopyxis_carbonaria	97	0	0	0.15318227
Lipomyces_kononenkoae	97	1	1	0.7560486
Tilletia_walkeri	97	0	1	0.5767185
Tuber_melanosporum	97	0	0	0.13726741
Lachancea_nothofagi	97	1	1	0.8710873
Tortispora_agaves	97	1	1	0.75419873
Daedalea_quercina	97	0	0	0.12772176
Kalaharituber_pfeilii	97	0	0	0.120272025
Malassezia_restricta	97	1	1	0.8705833
Schizosaccharomyces_pombe	97	1	1	0.8672034
Schizosaccharomyces_octosporus	98	1	1	0.8608328
Peziza_echinospora	98	0	0	0.15611118
Amorphotheca_resinae	98	0	0	0.13203111
Boletus_edulis	98	0	0	0.1701145
Pyrenophora_teres	98	0	0	0.12836458
Calocera_viscosa	98	0	0	0.24639979
Ganoderma_leucocontextum	98	0	0	0.13523404
Penicillium_canescens	98	0	0	0.13233183
Lipomyces_chichibuensis	98	1	1	0.6891147
Kwoniella_pini	98	1	1	0.7342811
Kwoniella_dejecticola	98	1	1	0.72637975
Kwoniella_shandongensis	99	1	1	0.7934148
Neurospora_crassa	99	0	0	0.12413628
Puccinia_striiformis	99	0	0	0.28040823
Schizosaccharomyces_osmophilus	99	1	1	0.87286615
Morchella_snyderi	99	0	0	0.121644154
Umbelopsis_vinacea	99	0	1	0.5579989
Exobasidium_rhododendri	99	0	1	0.5063253
Melampsora_larici	99	0	0	0.33474153
Abortiporus_biennis	99	0	0	0.13132082
Schizosaccharomyces_cryophilus	99	1	1	0.8598095
Kwoniella_bestiolae	99	1	1	0.7983229
Sporopachydermia_lactativora	100	1	1	0.8188024
Pholiota_conissans	100	0	0	0.1264895
Trichoderma_asperellum	100	0	0	0.13396335
Neolecta_irregularis	100	0	0	0.4130409
Rhynchosporium_commune	100	0	0	0.12753783
Nakazawaea_anatomiae	100	1	1	0.8217197
Malassezia_japonica	100	1	1	0.84157336
Terfezia_boudieri	100	0	0	0.15596354
Tirmania_nivea	100	0	0	0.15955089
Sphaerosporella_brunnea	100	0	0	0.13475807
Saccharomyces_cerevisiae	100	1	1	0.8679671
